op,op_ts,rider_id,operator_id,first_name,last_name,email,home_city_id,country,signup_date,plan_id,marketing_consent,account_status,birth_year
I,2026-04-01T00:00:00Z,RD-000001,OP-002,Lucia,Roux,lucia.roux149@proton.me,CTY-BCN,ES,2026-01-14,PLAN-PAYG,false,active,1984
I,2026-04-01T00:00:00Z,RD-000003,OP-002,Elin,Costa,elin.costa742@mail.com,CTY-BCN,ES,2025-09-15,PLAN-PAYG,true,active,1983
I,2026-04-01T00:00:00Z,RD-000004,OP-002,Omar,Novak,omar.novak411@mail.com,CTY-BCN,ES,2025-03-08,PLAN-PAYG,false,active,2008
I,2026-04-01T00:00:00Z,RD-000006,OP-002,Sofia,Nilsson,sofia.nilsson875@correo.es,CTY-BCN,ES,2025-07-06,PLAN-COMMUTE,true,active,1985
I,2026-04-01T00:00:00Z,RD-000007,OP-002,Thomas,Conti,THOMAS.CONTI967@PROTON.ME,CTY-BCN,ES,2025-03-23,PLAN-PAYG,true,active,1985
I,2026-04-01T00:00:00Z,RD-000008,OP-002,Freja,Serra,freja.serra6@proton.me,CTY-BCN,ES,2024-10-06,PLAN-PAYG,false,active,2004
I,2026-04-01T00:00:00Z,RD-000009,OP-002,Aina,Berg,aina.berg810@gmx.de,CTY-BCN,ES,2025-09-05,PLAN-PAYG,true,active,1963
I,2026-04-01T00:00:00Z,RD-000010,OP-002,Chloe,Silva,chloe.silva295@outlook.com,CTY-BCN,ES,2025-09-18,PLAN-STUDENT,false,active,2002
I,2026-04-01T00:00:00Z,RD-000011,OP-002,Rui,Silva,rui.silva953@outlook.com,CTY-BCN,ES,2025-05-02,PLAN-PAYG,false,active,1982
I,2026-04-01T00:00:00Z,RD-000013,OP-002,Freja,Berg,freja.berg873@outlook.com,CTY-BCN,ES,2025-11-07,PLAN-TOURIST,false,active,1997
I,2026-04-01T00:00:00Z,RD-000014,OP-002,Oskar,Lopez,oskar.lopez379@gmx.de,CTY-BCN,ES,2025-06-26,PLAN-PAYG,false,active,1990
I,2026-04-01T00:00:00Z,RD-000015,OP-002,Hugo,Nilsson, hugo.nilsson658@proton.me ,CTY-BCN,ES,2025-10-01,PLAN-COMMUTE,false,active,1972
I,2026-04-01T00:00:00Z,RD-000016,OP-001,Manon,Garcia,manon.garcia570@proton.me,CTY-BCN,ES,2024-10-17,PLAN-TOURIST,false,active,1996
I,2026-04-01T00:00:00Z,RD-000018,OP-002,Beatriz,Nilsson,beatriz.nilsson786@proton.me,CTY-BCN,ES,2024-06-11,PLAN-PAYG,false,active,1975
I,2026-04-01T00:00:00Z,RD-000019,OP-002,Lucia,Berg,LUCIA.BERG96@OUTLOOK.COM,CTY-BCN,ES,2026-02-27,PLAN-COMMUTE,false,active,1970
I,2026-04-01T00:00:00Z,RD-000021,OP-002,Hugo,Benali, hugo.benali920@correo.es ,CTY-BCN,ES,2024-01-04,PLAN-COMMUTE,true,active,1993
I,2026-04-01T00:00:00Z,RD-000022,OP-002,Omar,Moreno,omar.moreno429@proton.me,CTY-BCN,ES,2025-10-30,PLAN-PAYG,true,active,2001
I,2026-04-01T00:00:00Z,RD-000023,OP-002,Ivan,Vidal,ivan.vidal83@outlook.com,CTY-BCN,ES,2025-05-30,PLAN-COMMUTE,false,active,1963
I,2026-04-01T00:00:00Z,RD-000024,OP-002,Elin,Benali,elin.benali641@proton.me,CTY-BCN,ES,2025-08-05,PLAN-COMMUTE,false,active,1963
I,2026-04-01T00:00:00Z,RD-000025,OP-001,Thomas,Benali,thomas.benali399@outlook.com,CTY-BCN,ES,2025-10-31,PLAN-PAYG,true,active,1972
I,2026-04-01T00:00:00Z,RD-000026,OP-002,Beatriz,Conti, beatriz.conti618@proton.me ,CTY-BCN,ES,2024-09-02,PLAN-UNLIMITED,true,active,2003
I,2026-04-01T00:00:00Z,RD-000027,OP-002,Aina,Nilsson,aina.nilsson212@outlook.com,CTY-BCN,ES,2024-02-01,PLAN-PAYG,true,active,2005
I,2026-04-01T00:00:00Z,RD-000028,OP-001,Rui,Dubois,rui.dubois182@proton.me,CTY-BCN,ES,2026-03-26,PLAN-PAYG,true,active,2000
I,2026-04-01T00:00:00Z,RD-000029,OP-001,Yasmin,Silva,yasmin.silva251@proton.me,CTY-BCN,ES,2024-06-12,PLAN-COMMUTE,true,active,1962
I,2026-04-01T00:00:00Z,RD-000030,OP-002,Thomas,Ferrer,thomas.ferrer888@outlook.com,CTY-BCN,ES,2025-02-20,PLAN-TOURIST,false,active,1966
I,2026-04-01T00:00:00Z,RD-000031,OP-001,Antoine,Pereira,antoine.pereira551@mail.com,CTY-BCN,ES,2026-01-03,PLAN-COMMUTE,true,active,1990
I,2026-04-01T00:00:00Z,RD-000034,OP-002,Hugo,Costa,hugo.costa146@correo.es,CTY-BCN,ES,2024-12-13,PLAN-STUDENT,true,active,1978
I,2026-04-01T00:00:00Z,RD-000035,OP-002,Hugo,Moreno,HUGO.MORENO539@GMX.DE,CTY-BCN,ES,2024-03-16,PLAN-COMMUTE,false,active,1980
I,2026-04-01T00:00:00Z,RD-000036,OP-002,Diego,Rossi,diego.rossi462@gmx.de,CTY-BCN,ES,2026-03-17,PLAN-COMMUTE,true,active,1970
I,2026-04-01T00:00:00Z,RD-000037,OP-002,Aina,Bernard,aina.bernard902@gmx.de,CTY-BCN,ES,2024-08-14,PLAN-COMMUTE,false,active,1981
I,2026-04-01T00:00:00Z,RD-000038,OP-002,Chloe,Serra,chloe.serra487@proton.me,CTY-BCN,ES,2024-11-08,PLAN-COMMUTE,true,active,2006
I,2026-04-01T00:00:00Z,RD-000040,OP-002,Freja,Andersson, freja.andersson860@proton.me ,CTY-BCN,ES,2024-01-13,PLAN-COMMUTE,false,active,2000
I,2026-04-01T00:00:00Z,RD-000041,OP-001,Rui,Serra,rui.serra160@outlook.com,CTY-BCN,ES,2025-10-21,PLAN-UNLIMITED,false,active,1995
I,2026-04-01T00:00:00Z,RD-000042,OP-001,Oskar,Almeida,oskar.almeida664@correo.es,CTY-BCN,ES,2025-05-11,PLAN-UNLIMITED,false,active,1973
I,2026-04-01T00:00:00Z,RD-000043,OP-002,Manon,Lopez,MANON.LOPEZ156@OUTLOOK.COM,CTY-BCN,ES,2024-03-07,PLAN-PAYG,true,active,1996
I,2026-04-01T00:00:00Z,RD-000044,OP-001,Sofia,Benali,sofia.benali123@correo.es,CTY-BCN,ES,2026-03-19,PLAN-PAYG,false,active,1998
I,2026-04-01T00:00:00Z,RD-000046,OP-002,Elin,Martin, elin.martin509@mail.com ,CTY-BCN,ES,2024-04-11,PLAN-PAYG,false,active,1964
I,2026-04-01T00:00:00Z,RD-000047,OP-002,Tiago,Conti,tiago.conti994@mail.com,CTY-BCN,ES,2024-03-22,PLAN-PAYG,true,active,1977
I,2026-04-01T00:00:00Z,RD-000048,OP-002,Sofia,Fischer,sofia.fischer959@correo.es,CTY-BCN,ES,2025-12-07,PLAN-PAYG,false,active,1973
I,2026-04-01T00:00:00Z,RD-000049,OP-002,Chloe,Silva,CHLOE.SILVA303@GMX.DE,CTY-BCN,ES,2024-10-11,PLAN-COMMUTE,true,active,1964
I,2026-04-01T00:00:00Z,RD-000050,OP-002,Ines,Nilsson,ines.nilsson250@outlook.com,CTY-BCN,ES,2024-08-21,PLAN-COMMUTE,false,active,1991
I,2026-04-01T00:00:00Z,RD-000051,OP-001,Pablo,Roux,pablo.roux327@mail.com,CTY-BCN,ES,2024-02-22,PLAN-PAYG,true,active,1990
I,2026-04-01T00:00:00Z,RD-000052,OP-002,Nora,Haddad, nora.haddad51@gmx.de ,CTY-BCN,ES,2025-07-09,PLAN-COMMUTE,false,active,2007
I,2026-04-01T00:00:00Z,RD-000053,OP-002,Marta,Haddad,marta.haddad738@proton.me,CTY-BCN,ES,2024-04-24,PLAN-COMMUTE,true,active,1999
I,2026-04-01T00:00:00Z,RD-000054,OP-002,Pablo,Vidal, pablo.vidal390@correo.es ,CTY-BCN,ES,2025-04-12,PLAN-COMMUTE,false,active,1966
I,2026-04-01T00:00:00Z,RD-000055,OP-002,Camille,Serra,camille.serra527@gmx.de,CTY-BCN,ES,2025-05-09,PLAN-CORP,false,active,1978
I,2026-04-01T00:00:00Z,RD-000056,OP-002,Karim,Roux,karim.roux695@outlook.com,CTY-BCN,ES,2024-10-08,PLAN-PAYG,false,active,1969
I,2026-04-01T00:00:00Z,RD-000057,OP-002,Manon,Serra,manon.serra915@outlook.com,CTY-BCN,ES,2024-11-22,PLAN-PAYG,true,active,1973
I,2026-04-01T00:00:00Z,RD-000058,OP-002,Lucia,Weber,lucia.weber97@proton.me,CTY-BCN,ES,2024-11-07,PLAN-PAYG,true,active,1974
I,2026-04-01T00:00:00Z,RD-000059,OP-001,Manon,Moreno,manon.moreno315@outlook.com,CTY-BCN,ES,2024-08-06,PLAN-PAYG,false,active,1968
I,2026-04-01T00:00:00Z,RD-000060,OP-001,Louis,Nilsson,louis.nilsson585@correo.es,CTY-BCN,ES,2024-08-03,PLAN-PAYG,true,active,1987
I,2026-04-01T00:00:00Z,RD-000061,OP-001,Antoine,Serra,antoine.serra679@correo.es,CTY-BCN,ES,2025-09-16,PLAN-PAYG,false,active,2003
I,2026-04-01T00:00:00Z,RD-000062,OP-002,Rui,Fischer,rui.fischer276@correo.es,CTY-BCN,ES,2026-01-13,PLAN-UNLIMITED,false,active,1981
I,2026-04-01T00:00:00Z,RD-000063,OP-002,Oskar,Vidal,oskar.vidal363@gmx.de,CTY-BCN,ES,2026-01-14,PLAN-PAYG,false,active,1998
I,2026-04-01T00:00:00Z,RD-000064,OP-002,Freja,Weber,freja.weber963@proton.me,CTY-BCN,ES,2026-02-19,PLAN-PAYG,false,active,1984
I,2026-04-01T00:00:00Z,RD-000065,OP-002,Camille,Fischer,camille.fischer786@gmx.de,CTY-BCN,ES,2025-04-12,PLAN-PAYG,true,active,1975
I,2026-04-01T00:00:00Z,RD-000067,OP-002,Tiago,Roux,tiago.roux221@outlook.com,CTY-BCN,ES,2026-03-27,PLAN-PAYG,false,active,1968
I,2026-04-01T00:00:00Z,RD-000068,OP-002,Diego,Moreno, diego.moreno558@outlook.com ,CTY-BCN,ES,2026-01-10,PLAN-PAYG,true,active,1964
I,2026-04-01T00:00:00Z,RD-000069,OP-001,Freja,Rossi,freja.rossi499@correo.es,CTY-BCN,ES,2025-12-24,PLAN-PAYG,false,active,1965
I,2026-04-01T00:00:00Z,RD-000070,OP-002,Pablo,Ferrer,pablo.ferrer551@gmx.de,CTY-BCN,ES,2024-10-09,PLAN-PAYG,false,active,1969
I,2026-04-01T00:00:00Z,RD-000071,OP-001,Emil,Vidal,emil.vidal333@proton.me,CTY-BCN,ES,2024-03-16,PLAN-STUDENT,true,active,1999
I,2026-04-01T00:00:00Z,RD-000072,OP-002,Chloe,Lopez,CHLOE.LOPEZ754@PROTON.ME,CTY-BCN,ES,2024-03-31,PLAN-PAYG,false,active,1962
I,2026-04-01T00:00:00Z,RD-000073,OP-002,Ines,Nilsson,ines.nilsson791@mail.com,CTY-BCN,ES,2024-05-23,PLAN-UNLIMITED,false,active,1985
I,2026-04-01T00:00:00Z,RD-000074,OP-002,Nadia,Weber,nadia.weber189@gmx.de,CTY-BCN,ES,2024-08-07,PLAN-PAYG,false,active,1985
I,2026-04-01T00:00:00Z,RD-000075,OP-002,Elin,Andersson,elin.andersson266@gmx.de,CTY-BCN,ES,2025-12-21,PLAN-COMMUTE,true,active,1970
I,2026-04-01T00:00:00Z,RD-000076,OP-002,Pablo,Novak,pablo.novak826@proton.me,CTY-BCN,ES,2025-02-09,PLAN-STUDENT,true,active,1994
I,2026-04-01T00:00:00Z,RD-000077,OP-002,Oskar,Garcia,oskar.garcia983@outlook.com,CTY-BCN,ES,2024-02-02,PLAN-UNLIMITED,false,active,1996
I,2026-04-01T00:00:00Z,RD-000078,OP-002,Ivan,Roux,IVAN.ROUX440@OUTLOOK.COM,CTY-BCN,ES,2025-10-11,PLAN-COMMUTE,true,active,1970
I,2026-04-01T00:00:00Z,RD-000080,OP-002,Nadia,Serra, nadia.serra491@outlook.com ,CTY-BCN,ES,2024-10-10,PLAN-UNLIMITED,true,active,1998
I,2026-04-01T00:00:00Z,RD-000081,OP-002,Elin,Lopez,elin.lopez348@proton.me,CTY-BCN,ES,2025-08-12,PLAN-PAYG,false,active,1963
I,2026-04-01T00:00:00Z,RD-000082,OP-002,Freja,Haddad,freja.haddad849@proton.me,CTY-BCN,ES,2025-09-30,PLAN-PAYG,true,active,1982
I,2026-04-01T00:00:00Z,RD-000083,OP-002,Sofia,Ferrer, sofia.ferrer892@mail.com ,CTY-BCN,ES,2024-08-16,PLAN-PAYG,true,active,1967
I,2026-04-01T00:00:00Z,RD-000084,OP-001,Omar,Costa,omar.costa889@outlook.com,CTY-BCN,ES,2026-01-02,PLAN-PAYG,true,active,1975
I,2026-04-01T00:00:00Z,RD-000085,OP-002,Diego,Serra,diego.serra617@mail.com,CTY-BCN,ES,2025-06-30,PLAN-COMMUTE,false,active,1966
I,2026-04-01T00:00:00Z,RD-000086,OP-001,Elin,Silva,elin.silva214@correo.es,CTY-BCN,ES,2025-11-04,PLAN-PAYG,false,active,1979
I,2026-04-01T00:00:00Z,RD-000087,OP-001,Ivan,Andersson,ivan.andersson141@proton.me,CTY-BCN,ES,2024-01-28,PLAN-PAYG,false,active,1963
I,2026-04-01T00:00:00Z,RD-000088,OP-001,Astrid,Conti,astrid.conti390@mail.com,CTY-BCN,ES,2024-08-01,PLAN-PAYG,false,active,1974
I,2026-04-01T00:00:00Z,RD-000090,OP-002,Manon,Andersson,manon.andersson759@outlook.com,CTY-BCN,ES,2025-05-15,PLAN-PAYG,false,active,1988
I,2026-04-01T00:00:00Z,RD-000091,OP-001,Nora,Andersson,nora.andersson520@gmx.de,CTY-BCN,ES,2026-03-29,PLAN-PAYG,true,active,1991
I,2026-04-01T00:00:00Z,RD-000092,OP-002,Marta,Garcia,marta.garcia410@mail.com,CTY-BCN,ES,2025-03-06,PLAN-PAYG,false,active,1966
I,2026-04-01T00:00:00Z,RD-000093,OP-002,Nils,Novak,nils.novak87@proton.me,CTY-BCN,ES,2025-12-19,PLAN-UNLIMITED,true,active,1979
I,2026-04-01T00:00:00Z,RD-000094,OP-001,Thomas,Novak,thomas.novak145@correo.es,CTY-BCN,ES,2024-02-16,PLAN-PAYG,true,active,1970
I,2026-04-01T00:00:00Z,RD-000095,OP-002,Ines,Vidal,ines.vidal781@mail.com,CTY-BCN,ES,2025-04-26,PLAN-PAYG,true,active,2004
I,2026-04-01T00:00:00Z,RD-000097,OP-001,Hugo,Costa,hugo.costa806@correo.es,CTY-BCN,ES,2024-04-22,PLAN-PAYG,true,active,1981
I,2026-04-01T00:00:00Z,RD-000100,OP-002,Thomas,Bernard,thomas.bernard16@gmx.de,CTY-BCN,ES,2024-04-12,PLAN-UNLIMITED,true,active,1988
I,2026-04-01T00:00:00Z,RD-000101,OP-001,Lucia,Moreno,lucia.moreno426@outlook.com,CTY-BCN,ES,2025-04-20,PLAN-PAYG,true,active,1981
I,2026-04-01T00:00:00Z,RD-000102,OP-001,Emil,Martin,emil.martin132@gmx.de,CTY-BCN,ES,2024-09-20,PLAN-COMMUTE,false,active,2001
I,2026-04-01T00:00:00Z,RD-000103,OP-002,Antoine,Martin,ANTOINE.MARTIN835@GMX.DE,CTY-BCN,ES,2025-05-19,PLAN-PAYG,true,active,1968
I,2026-04-01T00:00:00Z,RD-000104,OP-001,Aina,Fischer,aina.fischer676@mail.com,CTY-BCN,ES,2024-08-18,PLAN-COMMUTE,false,active,1980
I,2026-04-01T00:00:00Z,RD-000105,OP-002,Nadia,Benali,nadia.benali257@correo.es,CTY-BCN,ES,2024-08-19,PLAN-COMMUTE,false,active,1983
I,2026-04-01T00:00:00Z,RD-000106,OP-002,Chloe,Dubois,chloe.dubois530@outlook.com,CTY-BCN,ES,2025-06-16,PLAN-TOURIST,false,active,1970
I,2026-04-01T00:00:00Z,RD-000107,OP-002,Elin,Pereira,elin.pereira594@mail.com,CTY-BCN,ES,2024-05-28,PLAN-COMMUTE,false,active,2002
I,2026-04-01T00:00:00Z,RD-000108,OP-002,Joan,Fischer,joan.fischer15@correo.es,CTY-BCN,ES,2024-07-05,PLAN-COMMUTE,true,active,1972
I,2026-04-01T00:00:00Z,RD-000109,OP-002,Freja,Silva,freja.silva496@gmx.de,CTY-BCN,ES,2025-05-07,PLAN-PAYG,false,active,1990
I,2026-04-01T00:00:00Z,RD-000110,OP-002,Nora,Dubois,nora.dubois451@mail.com,CTY-BCN,ES,2025-07-12,PLAN-COMMUTE,false,active,1983
I,2026-04-01T00:00:00Z,RD-000112,OP-001,Pablo,Kowalski,pablo.kowalski532@gmx.de,CTY-BCN,ES,2026-02-20,PLAN-PAYG,false,active,1989
I,2026-04-01T00:00:00Z,RD-000113,OP-001,Camille,Garcia,camille.garcia97@correo.es,CTY-BCN,ES,2024-05-09,PLAN-TOURIST,true,active,1969
I,2026-04-01T00:00:00Z,RD-000115,OP-001,Hugo,Almeida,hugo.almeida200@correo.es,CTY-BCN,ES,2025-06-07,PLAN-STUDENT,true,active,1963
I,2026-04-01T00:00:00Z,RD-000116,OP-002,Nora,Conti,nora.conti616@correo.es,CTY-BCN,ES,2025-06-22,PLAN-COMMUTE,true,active,1996
I,2026-04-01T00:00:00Z,RD-000117,OP-002,Oskar,Roux,oskar.roux171@gmx.de,CTY-BCN,ES,2025-06-27,PLAN-PAYG,true,active,2002
I,2026-04-01T00:00:00Z,RD-000118,OP-002,Camille,Benali,camille.benali734@correo.es,CTY-BCN,ES,2026-02-08,PLAN-PAYG,false,active,1974
I,2026-04-01T00:00:00Z,RD-000119,OP-001,Sofia,Ferrer,sofia.ferrer304@proton.me,CTY-BCN,ES,2025-02-14,PLAN-UNLIMITED,false,active,1992
I,2026-04-01T00:00:00Z,RD-000120,OP-002,Astrid,Silva,astrid.silva1@mail.com,CTY-BCN,ES,2024-11-03,PLAN-PAYG,false,active,1975
I,2026-04-01T00:00:00Z,RD-000121,OP-002,Omar,Conti,omar.conti61@proton.me,CTY-BCN,ES,2024-03-09,PLAN-PAYG,false,active,1972
I,2026-04-01T00:00:00Z,RD-000122,OP-001,Manon,Fischer,manon.fischer401@correo.es,CTY-BCN,ES,2024-09-05,PLAN-COMMUTE,false,active,1999
I,2026-04-01T00:00:00Z,RD-000123,OP-001,Nora,Lindqvist,nora.lindqvist232@gmx.de,CTY-BCN,ES,2024-03-13,PLAN-PAYG,false,active,1969
I,2026-04-01T00:00:00Z,RD-000124,OP-002,Thomas,Conti,thomas.conti156@correo.es,CTY-BCN,ES,2025-11-19,PLAN-PAYG,false,active,1982
I,2026-04-01T00:00:00Z,RD-000125,OP-002,Marta,Novak,marta.novak537@mail.com,CTY-BCN,ES,2024-11-14,PLAN-COMMUTE,false,active,1976
I,2026-04-01T00:00:00Z,RD-000126,OP-002,Louis,Dubois,louis.dubois555@outlook.com,CTY-BCN,ES,2024-05-07,PLAN-PAYG,true,active,2008
I,2026-04-01T00:00:00Z,RD-000127,OP-001,Elin,Berg,elin.berg391@gmx.de,CTY-BCN,ES,2024-02-11,PLAN-PAYG,false,active,1989
I,2026-04-01T00:00:00Z,RD-000128,OP-001,Beatriz,Serra,beatriz.serra887@proton.me,CTY-BCN,ES,2025-12-09,PLAN-COMMUTE,true,active,1995
I,2026-04-01T00:00:00Z,RD-000129,OP-001,Pablo,Lopez,pablo.lopez983@outlook.com,CTY-BCN,ES,2025-09-09,PLAN-UNLIMITED,true,active,2004
I,2026-04-01T00:00:00Z,RD-000130,OP-001,Emil,Rossi,emil.rossi59@mail.com,CTY-BCN,ES,2025-03-07,PLAN-UNLIMITED,false,active,2008
I,2026-04-01T00:00:00Z,RD-000131,OP-001,Thomas,Berg,thomas.berg521@gmx.de,CTY-BCN,ES,2025-10-17,PLAN-PAYG,false,active,1984
I,2026-04-01T00:00:00Z,RD-000133,OP-002,Nils,Kowalski,nils.kowalski847@proton.me,CTY-BCN,ES,2026-03-10,PLAN-COMMUTE,false,active,2000
I,2026-04-01T00:00:00Z,RD-000134,OP-002,Ines,Kowalski,ines.kowalski111@outlook.com,CTY-BCN,ES,2025-09-08,PLAN-STUDENT,true,active,1998
I,2026-04-01T00:00:00Z,RD-000135,OP-001,Pablo,Moreno,pablo.moreno370@outlook.com,CTY-BCN,ES,2024-09-01,PLAN-COMMUTE,false,active,1987
I,2026-04-01T00:00:00Z,RD-000136,OP-002,Chloe,Conti,chloe.conti808@proton.me,CTY-BCN,ES,2025-10-24,PLAN-UNLIMITED,true,active,1987
I,2026-04-01T00:00:00Z,RD-000137,OP-002,Yasmin,Fischer,yasmin.fischer443@mail.com,CTY-BCN,ES,2026-03-07,PLAN-PAYG,true,active,1963
I,2026-04-01T00:00:00Z,RD-000138,OP-002,Camille,Silva,camille.silva822@mail.com,CTY-BCN,ES,2025-02-26,PLAN-COMMUTE,false,active,1984
I,2026-04-01T00:00:00Z,RD-000139,OP-002,Yasmin,Kowalski,yasmin.kowalski284@proton.me,CTY-BCN,ES,2024-09-11,PLAN-COMMUTE,false,active,1991
I,2026-04-01T00:00:00Z,RD-000140,OP-002,Chloe,Novak,chloe.novak165@correo.es,CTY-BCN,ES,2026-03-23,PLAN-COMMUTE,false,active,1987
I,2026-04-01T00:00:00Z,RD-000141,OP-001,Manon,Costa,manon.costa865@proton.me,CTY-BCN,ES,2024-06-25,PLAN-UNLIMITED,false,active,1984
I,2026-04-01T00:00:00Z,RD-000143,OP-002,Omar,Conti,omar.conti321@outlook.com,CTY-BCN,ES,2025-02-19,PLAN-PAYG,true,active,1986
I,2026-04-01T00:00:00Z,RD-000144,OP-001,Nora,Berg,nora.berg360@gmx.de,CTY-BCN,ES,2025-05-12,PLAN-STUDENT,false,active,1972
I,2026-04-01T00:00:00Z,RD-000145,OP-002,Hugo,Silva,hugo.silva596@gmx.de,CTY-BCN,ES,2024-07-13,PLAN-UNLIMITED,false,active,1997
I,2026-04-01T00:00:00Z,RD-000146,OP-002,Tiago,Serra,tiago.serra78@correo.es,CTY-BCN,ES,2025-12-13,PLAN-PAYG,false,active,1978
I,2026-04-01T00:00:00Z,RD-000147,OP-002,Aina,Rossi,aina.rossi407@correo.es,CTY-BCN,ES,2024-12-28,PLAN-UNLIMITED,true,active,1980
I,2026-04-01T00:00:00Z,RD-000148,OP-001,Rui,Haddad,rui.haddad231@proton.me,CTY-BCN,ES,2024-11-27,PLAN-STUDENT,true,active,1997
I,2026-04-01T00:00:00Z,RD-000149,OP-001,Aina,Kowalski,aina.kowalski507@correo.es,CTY-BCN,ES,2024-01-27,PLAN-STUDENT,true,active,1977
I,2026-04-01T00:00:00Z,RD-000151,OP-002,Karim,Benali,karim.benali425@outlook.com,CTY-BCN,ES,2025-03-25,PLAN-PAYG,true,active,1988
I,2026-04-01T00:00:00Z,RD-000152,OP-002,Hugo,Bernard,hugo.bernard590@proton.me,CTY-BCN,ES,2025-10-04,PLAN-COMMUTE,false,active,1978
I,2026-04-01T00:00:00Z,RD-000153,OP-002,Nils,Costa,nils.costa328@outlook.com,CTY-BCN,ES,2024-08-28,PLAN-PAYG,true,active,1982
I,2026-04-01T00:00:00Z,RD-000154,OP-002,Karim,Rossi,karim.rossi593@correo.es,CTY-BCN,ES,2025-07-05,PLAN-PAYG,false,active,1996
I,2026-04-01T00:00:00Z,RD-000155,OP-001,Elin,Moreno,elin.moreno234@gmx.de,CTY-BCN,ES,2025-09-10,PLAN-COMMUTE,true,active,1991
I,2026-04-01T00:00:00Z,RD-000156,OP-001,Sofia,Haddad,sofia.haddad634@proton.me,CTY-BCN,ES,2025-04-16,PLAN-PAYG,false,active,1966
I,2026-04-01T00:00:00Z,RD-000157,OP-002,Hugo,Garcia,hugo.garcia666@mail.com,CTY-BCN,ES,2025-07-26,PLAN-UNLIMITED,false,active,2007
I,2026-04-01T00:00:00Z,RD-000158,OP-002,Aina,Lopez,aina.lopez978@gmx.de,CTY-BCN,ES,2024-03-07,PLAN-COMMUTE,true,active,2007
I,2026-04-01T00:00:00Z,RD-000159,OP-002,Yasmin,Nilsson, yasmin.nilsson913@outlook.com ,CTY-BCN,ES,2026-02-21,PLAN-TOURIST,true,active,2005
I,2026-04-01T00:00:00Z,RD-000160,OP-002,Astrid,Nilsson,astrid.nilsson312@gmx.de,CTY-BCN,ES,2025-11-21,PLAN-PAYG,false,active,1971
I,2026-04-01T00:00:00Z,RD-000161,OP-001,Manon,Roux,manon.roux323@mail.com,CTY-BCN,ES,2025-08-23,PLAN-TOURIST,true,active,2007
I,2026-04-01T00:00:00Z,RD-000162,OP-002,Manon,Costa,manon.costa73@outlook.com,CTY-BCN,ES,2026-03-04,PLAN-PAYG,false,active,2008
I,2026-04-01T00:00:00Z,RD-000163,OP-002,Diego,Lopez,DIEGO.LOPEZ483@CORREO.ES,CTY-BCN,ES,2025-09-07,PLAN-STUDENT,true,active,1965
I,2026-04-01T00:00:00Z,RD-000164,OP-002,Omar,Martin,omar.martin92@mail.com,CTY-BCN,ES,2024-12-05,PLAN-CORP,false,active,1988
I,2026-04-01T00:00:00Z,RD-000166,OP-001,Chloe,Pereira,chloe.pereira93@correo.es,CTY-BCN,ES,2025-05-26,PLAN-PAYG,true,active,1976
I,2026-04-01T00:00:00Z,RD-000167,OP-002,Oskar,Novak,oskar.novak463@mail.com,CTY-BCN,ES,2024-12-13,PLAN-PAYG,true,active,2000
I,2026-04-01T00:00:00Z,RD-000168,OP-002,Oskar,Moreno,OSKAR.MORENO526@PROTON.ME,CTY-BCN,ES,2025-01-17,PLAN-PAYG,true,active,1974
I,2026-04-01T00:00:00Z,RD-000169,OP-002,Elin,Almeida,elin.almeida927@outlook.com,CTY-BCN,ES,2026-03-30,PLAN-COMMUTE,true,active,1973
I,2026-04-01T00:00:00Z,RD-000170,OP-002,Nora,Novak,nora.novak549@correo.es,CTY-BCN,ES,2024-07-05,PLAN-TOURIST,true,active,2005
I,2026-04-01T00:00:00Z,RD-000171,OP-002,Oskar,Fischer, oskar.fischer235@correo.es ,CTY-BCN,ES,2025-08-10,PLAN-COMMUTE,true,active,1973
I,2026-04-01T00:00:00Z,RD-000172,OP-002,Aina,Dubois,aina.dubois958@outlook.com,CTY-BCN,ES,2024-02-09,PLAN-UNLIMITED,true,active,1981
I,2026-04-01T00:00:00Z,RD-000173,OP-002,Omar,Nilsson,omar.nilsson185@outlook.com,CTY-BCN,ES,2025-11-30,PLAN-PAYG,true,active,1993
I,2026-04-01T00:00:00Z,RD-000174,OP-002,Nora,Benali,nora.benali943@gmx.de,CTY-BCN,ES,2025-09-19,PLAN-UNLIMITED,false,active,1990
I,2026-04-01T00:00:00Z,RD-000175,OP-002,Pablo,Kowalski,pablo.kowalski253@gmx.de,CTY-BCN,ES,2024-12-12,PLAN-PAYG,false,active,1974
I,2026-04-01T00:00:00Z,RD-000176,OP-002,Antoine,Almeida,antoine.almeida939@proton.me,CTY-BCN,ES,2024-03-01,PLAN-STUDENT,true,active,1995
I,2026-04-01T00:00:00Z,RD-000177,OP-002,Lucia,Kowalski,lucia.kowalski577@outlook.com,CTY-BCN,ES,2025-06-23,PLAN-COMMUTE,false,active,1996
I,2026-04-01T00:00:00Z,RD-000178,OP-002,Camille,Andersson,camille.andersson459@correo.es,CTY-BCN,ES,2024-05-18,PLAN-PAYG,false,active,1987
I,2026-04-01T00:00:00Z,RD-000179,OP-002,Antoine,Martin,ANTOINE.MARTIN412@CORREO.ES,CTY-BCN,ES,2024-01-25,PLAN-PAYG,false,active,2001
I,2026-04-01T00:00:00Z,RD-000180,OP-002,Freja,Nilsson,freja.nilsson790@gmx.de,CTY-BCN,ES,2026-03-16,PLAN-COMMUTE,true,active,1995
I,2026-04-01T00:00:00Z,RD-000181,OP-002,Yasmin,Ferrer,yasmin.ferrer315@outlook.com,CTY-BCN,ES,2024-04-01,PLAN-COMMUTE,true,active,2003
I,2026-04-01T00:00:00Z,RD-000182,OP-002,Elin,Conti,elin.conti49@gmx.de,CTY-BCN,ES,2024-01-29,PLAN-PAYG,false,active,1996
I,2026-04-01T00:00:00Z,RD-000183,OP-001,Joan,Kowalski,joan.kowalski521@outlook.com,CTY-BCN,ES,2026-01-26,PLAN-UNLIMITED,false,active,2005
I,2026-04-01T00:00:00Z,RD-000184,OP-001,Chloe,Ferrer,chloe.ferrer469@correo.es,CTY-BCN,ES,2024-04-11,PLAN-UNLIMITED,false,active,1966
I,2026-04-01T00:00:00Z,RD-000185,OP-002,Chloe,Andersson,chloe.andersson656@outlook.com,CTY-BCN,ES,2025-08-07,PLAN-PAYG,false,active,1975
I,2026-04-01T00:00:00Z,RD-000186,OP-002,Nadia,Rossi,nadia.rossi5@correo.es,CTY-BCN,ES,2024-10-24,PLAN-COMMUTE,false,active,1973
I,2026-04-01T00:00:00Z,RD-000188,OP-001,Louis,Berg,louis.berg697@outlook.com,CTY-BCN,ES,2025-03-08,PLAN-COMMUTE,false,active,1975
I,2026-04-01T00:00:00Z,RD-000189,OP-002,Nadia,Novak,nadia.novak420@mail.com,CTY-BCN,ES,2024-10-06,PLAN-PAYG,false,active,1986
I,2026-04-01T00:00:00Z,RD-000190,OP-001,Sofia,Andersson,sofia.andersson260@outlook.com,CTY-BCN,ES,2025-05-14,PLAN-PAYG,false,active,1964
I,2026-04-01T00:00:00Z,RD-000191,OP-002,Chloe,Weber,chloe.weber707@correo.es,CTY-BCN,ES,2025-11-09,PLAN-PAYG,true,active,1969
I,2026-04-01T00:00:00Z,RD-000192,OP-002,Hugo,Fischer,hugo.fischer550@gmx.de,CTY-BCN,ES,2024-07-06,PLAN-PAYG,false,active,2005
I,2026-04-01T00:00:00Z,RD-000193,OP-002,Chloe,Rossi,chloe.rossi294@gmx.de,CTY-BCN,ES,2025-07-03,PLAN-UNLIMITED,false,active,1968
I,2026-04-01T00:00:00Z,RD-000194,OP-002,Manon,Moreno,manon.moreno974@mail.com,CTY-BCN,ES,2024-07-25,PLAN-PAYG,false,active,1974
I,2026-04-01T00:00:00Z,RD-000195,OP-001,Aina,Bernard,aina.bernard491@mail.com,CTY-BCN,ES,2025-04-25,PLAN-PAYG,true,active,1986
I,2026-04-01T00:00:00Z,RD-000197,OP-002,Thomas,Vidal,thomas.vidal43@outlook.com,CTY-BCN,ES,2026-02-26,PLAN-COMMUTE,true,active,1975
I,2026-04-01T00:00:00Z,RD-000198,OP-002,Thomas,Silva,thomas.silva972@correo.es,CTY-BCN,ES,2024-01-15,PLAN-PAYG,false,active,1973
I,2026-04-01T00:00:00Z,RD-000199,OP-002,Oskar,Dubois,oskar.dubois58@proton.me,CTY-BCN,ES,2025-10-21,PLAN-PAYG,false,active,1994
I,2026-04-01T00:00:00Z,RD-000200,OP-002,Beatriz,Weber,BEATRIZ.WEBER553@PROTON.ME,CTY-BCN,ES,2024-07-18,PLAN-PAYG,false,active,1972
I,2026-04-01T00:00:00Z,RD-000201,OP-002,Yasmin,Lindqvist,yasmin.lindqvist571@correo.es,CTY-BCN,ES,2024-10-21,PLAN-PAYG,false,active,1965
I,2026-04-01T00:00:00Z,RD-000202,OP-002,Pablo,Kowalski,pablo.kowalski548@mail.com,CTY-BCN,ES,2025-06-14,PLAN-COMMUTE,true,active,2008
I,2026-04-01T00:00:00Z,RD-000203,OP-002,Omar,Silva,omar.silva924@mail.com,CTY-BCN,ES,2024-05-26,PLAN-COMMUTE,true,active,1986
I,2026-04-01T00:00:00Z,RD-000204,OP-002,Marta,Haddad,marta.haddad788@outlook.com,CTY-BCN,ES,2025-01-31,PLAN-PAYG,true,active,2002
I,2026-04-01T00:00:00Z,RD-000205,OP-002,Joan,Haddad,joan.haddad665@proton.me,CTY-BCN,ES,2024-01-21,PLAN-UNLIMITED,false,active,1980
I,2026-04-01T00:00:00Z,RD-000206,OP-002,Louis,Benali,louis.benali244@proton.me,CTY-BCN,ES,2026-02-05,PLAN-COMMUTE,false,active,2002
I,2026-04-01T00:00:00Z,RD-000207,OP-001,Astrid,Martin,astrid.martin466@outlook.com,CTY-BCN,ES,2024-06-05,PLAN-UNLIMITED,true,active,1971
I,2026-04-01T00:00:00Z,RD-000208,OP-002,Diego,Novak,diego.novak264@correo.es,CTY-BCN,ES,2025-02-01,PLAN-PAYG,true,active,1989
I,2026-04-01T00:00:00Z,RD-000209,OP-002,Karim,Martin,KARIM.MARTIN734@MAIL.COM,CTY-BCN,ES,2025-04-15,PLAN-UNLIMITED,false,active,1975
I,2026-04-01T00:00:00Z,RD-000210,OP-002,Yasmin,Novak,yasmin.novak432@proton.me,CTY-BCN,ES,2025-02-19,PLAN-PAYG,false,active,1990
I,2026-04-01T00:00:00Z,RD-000211,OP-002,Freja,Dubois,freja.dubois682@proton.me,CTY-BCN,ES,2024-11-29,PLAN-PAYG,true,active,1977
I,2026-04-01T00:00:00Z,RD-000212,OP-002,Nora,Rossi,nora.rossi971@outlook.com,CTY-BCN,ES,2024-07-18,PLAN-PAYG,false,active,1997
I,2026-04-01T00:00:00Z,RD-000213,OP-001,Karim,Weber,karim.weber660@gmx.de,CTY-BCN,ES,2025-01-18,PLAN-PAYG,true,active,1992
I,2026-04-01T00:00:00Z,RD-000214,OP-002,Pablo,Roux,pablo.roux927@outlook.com,CTY-BCN,ES,2024-11-03,PLAN-PAYG,true,active,1975
I,2026-04-01T00:00:00Z,RD-000215,OP-001,Elin,Roux,elin.roux394@outlook.com,CTY-BCN,ES,2025-11-06,PLAN-PAYG,false,active,1963
I,2026-04-01T00:00:00Z,RD-000216,OP-002,Chloe,Andersson,chloe.andersson177@gmx.de,CTY-BCN,ES,2025-11-14,PLAN-TOURIST,true,active,2003
I,2026-04-01T00:00:00Z,RD-000217,OP-001,Freja,Haddad,freja.haddad155@proton.me,CTY-BCN,ES,2024-07-21,PLAN-PAYG,true,active,1970
I,2026-04-01T00:00:00Z,RD-000218,OP-002,Manon,Martin,manon.martin628@outlook.com,CTY-BCN,ES,2026-02-20,PLAN-COMMUTE,true,active,2005
I,2026-04-01T00:00:00Z,RD-000219,OP-002,Pablo,Fischer,pablo.fischer9@mail.com,CTY-BCN,ES,2024-01-22,PLAN-PAYG,true,active,1982
I,2026-04-01T00:00:00Z,RD-000220,OP-002,Omar,Costa,omar.costa981@correo.es,CTY-BCN,ES,2024-06-03,PLAN-PAYG,true,active,1985
I,2026-04-01T00:00:00Z,RD-000222,OP-001,Diego,Moreno,diego.moreno923@correo.es,CTY-BCN,ES,2024-06-12,PLAN-PAYG,true,active,1996
I,2026-04-01T00:00:00Z,RD-000223,OP-002,Omar,Benali,omar.benali566@proton.me,CTY-BCN,ES,2025-07-29,PLAN-COMMUTE,false,active,2006
I,2026-04-01T00:00:00Z,RD-000224,OP-001,Karim,Lindqvist,karim.lindqvist969@correo.es,CTY-BCN,ES,2025-11-10,PLAN-UNLIMITED,true,active,1964
I,2026-04-01T00:00:00Z,RD-000225,OP-002,Aina,Almeida,aina.almeida175@mail.com,CTY-BCN,ES,2025-05-03,PLAN-COMMUTE,false,active,1990
I,2026-04-01T00:00:00Z,RD-000226,OP-002,Beatriz,Haddad,beatriz.haddad994@proton.me,CTY-BCN,ES,2024-01-21,PLAN-CORP,false,active,1983
I,2026-04-01T00:00:00Z,RD-000227,OP-002,Lucia,Costa,lucia.costa640@gmx.de,CTY-BCN,ES,2024-05-18,PLAN-COMMUTE,true,active,1969
I,2026-04-01T00:00:00Z,RD-000228,OP-001,Omar,Fischer,omar.fischer985@gmx.de,CTY-BCN,ES,2024-07-20,PLAN-PAYG,true,active,1984
I,2026-04-01T00:00:00Z,RD-000229,OP-002,Rui,Fischer,rui.fischer913@outlook.com,CTY-BCN,ES,2025-09-28,PLAN-PAYG,true,active,1985
I,2026-04-01T00:00:00Z,RD-000230,OP-002,Karim,Berg,karim.berg533@mail.com,CTY-BCN,ES,2024-10-13,PLAN-PAYG,true,active,1965
I,2026-04-01T00:00:00Z,RD-000231,OP-002,Camille,Lindqvist,camille.lindqvist460@proton.me,CTY-BCN,ES,2024-09-26,PLAN-PAYG,false,active,2004
I,2026-04-01T00:00:00Z,RD-000232,OP-002,Astrid,Kowalski,astrid.kowalski33@correo.es,CTY-BCN,ES,2025-07-18,PLAN-UNLIMITED,true,active,1998
I,2026-04-01T00:00:00Z,RD-000233,OP-002,Marta,Nilsson,marta.nilsson390@proton.me,CTY-BCN,ES,2025-04-26,PLAN-PAYG,false,active,2006
I,2026-04-01T00:00:00Z,RD-000234,OP-002,Freja,Silva,freja.silva875@proton.me,CTY-BCN,ES,2025-06-08,PLAN-PAYG,false,active,1970
I,2026-04-01T00:00:00Z,RD-000235,OP-002,Oskar,Conti,oskar.conti501@gmx.de,CTY-BCN,ES,2024-07-16,PLAN-PAYG,false,active,2004
I,2026-04-01T00:00:00Z,RD-000236,OP-002,Lucia,Fischer,lucia.fischer883@outlook.com,CTY-BCN,ES,2024-11-22,PLAN-UNLIMITED,true,active,1970
I,2026-04-01T00:00:00Z,RD-000237,OP-002,Antoine,Weber,antoine.weber182@gmx.de,CTY-BCN,ES,2024-03-17,PLAN-PAYG,true,active,1967
I,2026-04-01T00:00:00Z,RD-000238,OP-002,Karim,Lopez,karim.lopez755@gmx.de,CTY-BCN,ES,2024-01-14,PLAN-UNLIMITED,true,active,1971
I,2026-04-01T00:00:00Z,RD-000239,OP-001,Beatriz,Novak,beatriz.novak647@gmx.de,CTY-BCN,ES,2025-04-16,PLAN-COMMUTE,true,active,2001
I,2026-04-01T00:00:00Z,RD-000240,OP-002,Pablo,Ferrer,pablo.ferrer941@mail.com,CTY-BCN,ES,2024-07-23,PLAN-PAYG,true,active,1962
I,2026-04-01T00:00:00Z,RD-000241,OP-002,Nils,Fischer,nils.fischer52@mail.com,CTY-BCN,ES,2024-08-03,PLAN-PAYG,true,active,1992
I,2026-04-01T00:00:00Z,RD-000242,OP-002,Yasmin,Andersson,yasmin.andersson620@correo.es,CTY-BCN,ES,2025-05-22,PLAN-PAYG,true,active,1990
I,2026-04-01T00:00:00Z,RD-000243,OP-002,Hugo,Bernard,hugo.bernard998@correo.es,CTY-BCN,ES,2024-06-29,PLAN-PAYG,true,active,2006
I,2026-04-01T00:00:00Z,RD-000244,OP-001,Pablo,Rossi,pablo.rossi192@gmx.de,CTY-BCN,ES,2024-07-11,PLAN-COMMUTE,true,active,1972
I,2026-04-01T00:00:00Z,RD-000245,OP-001,Freja,Novak,freja.novak616@proton.me,CTY-BCN,ES,2024-10-30,PLAN-PAYG,false,active,1975
I,2026-04-01T00:00:00Z,RD-000246,OP-001,Nils,Berg,nils.berg247@outlook.com,CTY-BCN,ES,2026-01-23,PLAN-PAYG,false,active,1980
I,2026-04-01T00:00:00Z,RD-000247,OP-002,Manon,Serra,manon.serra506@gmx.de,CTY-BCN,ES,2024-03-05,PLAN-UNLIMITED,true,active,2001
I,2026-04-01T00:00:00Z,RD-000248,OP-002,Manon,Pereira,manon.pereira921@proton.me,CTY-BCN,ES,2026-02-21,PLAN-PAYG,true,active,1982
I,2026-04-01T00:00:00Z,RD-000249,OP-001,Beatriz,Weber,beatriz.weber715@outlook.com,CTY-BCN,ES,2025-01-05,PLAN-COMMUTE,true,active,1998
I,2026-04-01T00:00:00Z,RD-000250,OP-001,Sofia,Conti,sofia.conti367@proton.me,CTY-BCN,ES,2025-04-06,PLAN-PAYG,false,active,1993
I,2026-04-01T00:00:00Z,RD-000251,OP-001,Elin,Roux,elin.roux234@outlook.com,CTY-BCN,ES,2024-07-13,PLAN-PAYG,false,active,1988
I,2026-04-01T00:00:00Z,RD-000252,OP-002,Astrid,Dubois,astrid.dubois867@proton.me,CTY-BCN,ES,2026-03-26,PLAN-PAYG,false,active,1990
I,2026-04-01T00:00:00Z,RD-000253,OP-002,Aina,Vidal,aina.vidal430@mail.com,CTY-BCN,ES,2025-01-29,PLAN-UNLIMITED,false,active,1986
I,2026-04-01T00:00:00Z,RD-000254,OP-002,Karim,Novak,karim.novak15@proton.me,CTY-BCN,ES,2025-01-09,PLAN-COMMUTE,true,active,1971
I,2026-04-01T00:00:00Z,RD-000255,OP-002,Ivan,Serra, ivan.serra914@correo.es ,CTY-BCN,ES,2024-01-17,PLAN-PAYG,false,active,2004
I,2026-04-01T00:00:00Z,RD-000256,OP-002,Marta,Martin,marta.martin850@outlook.com,CTY-BCN,ES,2024-11-06,PLAN-PAYG,true,active,1993
I,2026-04-01T00:00:00Z,RD-000257,OP-002,Rui,Conti,rui.conti971@correo.es,CTY-BCN,ES,2025-03-21,PLAN-PAYG,true,active,1984
I,2026-04-01T00:00:00Z,RD-000258,OP-001,Pablo,Lopez,pablo.lopez489@outlook.com,CTY-BCN,ES,2025-12-23,PLAN-PAYG,true,active,1995
I,2026-04-01T00:00:00Z,RD-000259,OP-002,Emil,Fischer,emil.fischer14@gmx.de,CTY-BCN,ES,2025-05-17,PLAN-COMMUTE,false,active,2002
I,2026-04-01T00:00:00Z,RD-000260,OP-002,Diego,Kowalski,diego.kowalski125@outlook.com,CTY-BCN,ES,2025-09-18,PLAN-PAYG,false,active,1983
I,2026-04-01T00:00:00Z,RD-000262,OP-002,Marta,Dubois,marta.dubois215@gmx.de,CTY-BCN,ES,2024-09-09,PLAN-COMMUTE,false,active,2002
I,2026-04-01T00:00:00Z,RD-000263,OP-001,Omar,Martin,omar.martin349@outlook.com,CTY-BCN,ES,2025-07-22,PLAN-COMMUTE,true,active,1970
I,2026-04-01T00:00:00Z,RD-000264,OP-002,Elin,Fischer,elin.fischer726@outlook.com,CTY-BCN,ES,2024-08-22,PLAN-COMMUTE,true,active,1993
I,2026-04-01T00:00:00Z,RD-000265,OP-001,Beatriz,Martin,beatriz.martin524@mail.com,CTY-BCN,ES,2024-11-16,PLAN-PAYG,true,active,2001
I,2026-04-01T00:00:00Z,RD-000266,OP-002,Nora,Berg,NORA.BERG44@MAIL.COM,CTY-BCN,ES,2025-04-18,PLAN-PAYG,false,active,2005
I,2026-04-01T00:00:00Z,RD-000267,OP-002,Antoine,Weber,antoine.weber373@mail.com,CTY-BCN,ES,2024-05-26,PLAN-PAYG,true,active,2002
I,2026-04-01T00:00:00Z,RD-000268,OP-002,Marta,Silva,marta.silva495@outlook.com,CTY-BCN,ES,2025-09-27,PLAN-PAYG,false,active,1982
I,2026-04-01T00:00:00Z,RD-000269,OP-002,Emil,Silva,emil.silva205@correo.es,CTY-BCN,ES,2025-07-03,PLAN-CORP,true,active,1980
I,2026-04-01T00:00:00Z,RD-000270,OP-002,Thomas,Ferrer,thomas.ferrer537@outlook.com,CTY-BCN,ES,2024-07-18,PLAN-PAYG,false,active,1989
I,2026-04-01T00:00:00Z,RD-000271,OP-002,Chloe,Garcia,chloe.garcia148@gmx.de,CTY-BCN,ES,2024-07-28,PLAN-PAYG,false,active,1967
I,2026-04-01T00:00:00Z,RD-000272,OP-001,Oskar,Dubois,oskar.dubois458@proton.me,CTY-BCN,ES,2024-05-31,PLAN-PAYG,false,active,1982
I,2026-04-01T00:00:00Z,RD-000273,OP-002,Pablo,Berg,pablo.berg724@outlook.com,CTY-BCN,ES,2024-07-21,PLAN-PAYG,true,active,1999
I,2026-04-01T00:00:00Z,RD-000274,OP-001,Aina,Silva,aina.silva54@gmx.de,CTY-BCN,ES,2024-05-06,PLAN-PAYG,false,active,1971
I,2026-04-01T00:00:00Z,RD-000275,OP-002,Oskar,Costa,OSKAR.COSTA938@CORREO.ES,CTY-BCN,ES,2024-01-27,PLAN-COMMUTE,false,active,1993
I,2026-04-01T00:00:00Z,RD-000276,OP-001,Elin,Benali,elin.benali660@gmx.de,CTY-BCN,ES,2024-02-05,PLAN-PAYG,true,active,1994
I,2026-04-01T00:00:00Z,RD-000277,OP-002,Joan,Conti,joan.conti509@mail.com,CTY-BCN,ES,2024-05-15,PLAN-UNLIMITED,true,active,1971
I,2026-04-01T00:00:00Z,RD-000278,OP-002,Emil,Kowalski,EMIL.KOWALSKI200@CORREO.ES,CTY-BCN,ES,2025-12-31,PLAN-COMMUTE,false,active,2007
I,2026-04-01T00:00:00Z,RD-000279,OP-002,Lucia,Pereira,lucia.pereira505@proton.me,CTY-BCN,ES,2024-03-12,PLAN-PAYG,false,active,2003
I,2026-04-01T00:00:00Z,RD-000280,OP-002,Antoine,Almeida,antoine.almeida843@mail.com,CTY-BCN,ES,2025-07-15,PLAN-STUDENT,false,active,1972
I,2026-04-01T00:00:00Z,RD-000281,OP-001,Pablo,Weber,pablo.weber233@correo.es,CTY-BCN,ES,2024-09-24,PLAN-PAYG,true,active,1965
I,2026-04-01T00:00:00Z,RD-000282,OP-002,Camille,Rossi,camille.rossi44@correo.es,CTY-BCN,ES,2024-02-13,PLAN-COMMUTE,true,active,1970
I,2026-04-01T00:00:00Z,RD-000283,OP-002,Ines,Silva,ines.silva650@proton.me,CTY-BCN,ES,2026-02-13,PLAN-PAYG,false,active,1993
I,2026-04-01T00:00:00Z,RD-000284,OP-002,Marta,Kowalski,marta.kowalski564@mail.com,CTY-BCN,ES,2025-02-28,PLAN-PAYG,true,active,1975
I,2026-04-01T00:00:00Z,RD-000285,OP-002,Ivan,Haddad,ivan.haddad719@mail.com,CTY-BCN,ES,2024-12-23,PLAN-COMMUTE,false,active,1994
I,2026-04-01T00:00:00Z,RD-000286,OP-002,Nadia,Serra,nadia.serra550@mail.com,CTY-BCN,ES,2024-06-04,PLAN-UNLIMITED,false,active,1979
I,2026-04-01T00:00:00Z,RD-000287,OP-002,Tiago,Costa,tiago.costa855@correo.es,CTY-BCN,ES,2024-06-12,PLAN-COMMUTE,false,active,1983
I,2026-04-01T00:00:00Z,RD-000288,OP-001,Nora,Silva,nora.silva123@gmx.de,CTY-BCN,ES,2025-02-06,PLAN-PAYG,false,active,2000
I,2026-04-01T00:00:00Z,RD-000289,OP-002,Camille,Kowalski,camille.kowalski210@correo.es,CTY-BCN,ES,2025-02-19,PLAN-PAYG,false,active,1968
I,2026-04-01T00:00:00Z,RD-000290,OP-002,Thomas,Andersson,thomas.andersson754@gmx.de,CTY-BCN,ES,2025-08-06,PLAN-STUDENT,true,active,1999
I,2026-04-01T00:00:00Z,RD-000291,OP-002,Yasmin,Nilsson,yasmin.nilsson664@correo.es,CTY-BCN,ES,2024-02-25,PLAN-COMMUTE,false,active,1975
I,2026-04-01T00:00:00Z,RD-000292,OP-002,Ines,Garcia,ines.garcia850@correo.es,CTY-BCN,ES,2024-08-09,PLAN-UNLIMITED,true,active,1993
I,2026-04-01T00:00:00Z,RD-000293,OP-002,Thomas,Almeida,thomas.almeida401@outlook.com,CTY-BCN,ES,2025-04-13,PLAN-COMMUTE,false,active,1992
I,2026-04-01T00:00:00Z,RD-000294,OP-002,Tiago,Benali,tiago.benali878@correo.es,CTY-BCN,ES,2025-11-14,PLAN-PAYG,true,active,1962
I,2026-04-01T00:00:00Z,RD-000296,OP-002,Freja,Conti,freja.conti100@mail.com,CTY-BCN,ES,2024-06-12,PLAN-PAYG,true,active,1989
I,2026-04-01T00:00:00Z,RD-000297,OP-002,Thomas,Costa,thomas.costa670@mail.com,CTY-BCN,ES,2025-03-03,PLAN-PAYG,true,active,1969
I,2026-04-01T00:00:00Z,RD-000298,OP-002,Diego,Vidal,diego.vidal937@correo.es,CTY-BCN,ES,2026-03-30,PLAN-PAYG,true,active,1992
I,2026-04-01T00:00:00Z,RD-000299,OP-002,Hugo,Garcia,hugo.garcia241@proton.me,CTY-BCN,ES,2026-01-12,PLAN-UNLIMITED,false,active,1979
I,2026-04-01T00:00:00Z,RD-000300,OP-002,Marta,Rossi,marta.rossi749@correo.es,CTY-BCN,ES,2024-03-05,PLAN-PAYG,false,active,2005
I,2026-04-01T00:00:00Z,RD-000301,OP-002,Freja,Garcia,freja.garcia851@proton.me,CTY-BCN,ES,2025-03-18,PLAN-PAYG,true,active,1998
I,2026-04-01T00:00:00Z,RD-000302,OP-002,Nadia,Ferrer,nadia.ferrer898@gmx.de,CTY-BCN,ES,2026-02-27,PLAN-COMMUTE,false,active,1974
I,2026-04-01T00:00:00Z,RD-000303,OP-002,Antoine,Berg,antoine.berg987@correo.es,CTY-BCN,ES,2024-10-05,PLAN-PAYG,false,active,1962
I,2026-04-01T00:00:00Z,RD-000305,OP-002,Chloe,Conti,chloe.conti91@outlook.com,CTY-BCN,ES,2025-01-07,PLAN-PAYG,false,active,1996
I,2026-04-01T00:00:00Z,RD-000306,OP-002,Hugo,Costa,hugo.costa744@outlook.com,CTY-BCN,ES,2025-01-15,PLAN-PAYG,false,active,2002
I,2026-04-01T00:00:00Z,RD-000307,OP-002,Oskar,Pereira,oskar.pereira382@proton.me,CTY-BCN,ES,2025-02-15,PLAN-TOURIST,false,active,1971
I,2026-04-01T00:00:00Z,RD-000308,OP-001,Yasmin,Kowalski,yasmin.kowalski692@outlook.com,CTY-BCN,ES,2025-05-21,PLAN-PAYG,false,active,1967
I,2026-04-01T00:00:00Z,RD-000309,OP-001,Rui,Berg,rui.berg947@gmx.de,CTY-BCN,ES,2024-12-06,PLAN-COMMUTE,false,active,1996
I,2026-04-01T00:00:00Z,RD-000310,OP-002,Karim,Kowalski,karim.kowalski352@outlook.com,CTY-BCN,ES,2024-02-13,PLAN-UNLIMITED,true,active,2000
I,2026-04-01T00:00:00Z,RD-000311,OP-002,Elin,Roux,elin.roux164@outlook.com,CTY-BCN,ES,2026-02-01,PLAN-PAYG,true,active,2006
I,2026-04-01T00:00:00Z,RD-000312,OP-001,Freja,Lopez,freja.lopez514@outlook.com,CTY-BCN,ES,2024-04-24,PLAN-PAYG,true,active,1998
I,2026-04-01T00:00:00Z,RD-000313,OP-001,Marta,Berg,marta.berg965@correo.es,CTY-BCN,ES,2025-11-11,PLAN-COMMUTE,false,active,1993
I,2026-04-01T00:00:00Z,RD-000314,OP-002,Camille,Kowalski, camille.kowalski784@correo.es ,CTY-BCN,ES,2026-03-27,PLAN-UNLIMITED,false,active,2007
I,2026-04-01T00:00:00Z,RD-000315,OP-002,Beatriz,Costa,beatriz.costa770@mail.com,CTY-BCN,ES,2025-12-05,PLAN-PAYG,false,active,1971
I,2026-04-01T00:00:00Z,RD-000316,OP-001,Yasmin,Rossi,yasmin.rossi734@mail.com,CTY-BCN,ES,2024-07-11,PLAN-UNLIMITED,true,active,1993
I,2026-04-01T00:00:00Z,RD-000317,OP-002,Aina,Lopez,aina.lopez248@proton.me,CTY-BCN,ES,2024-11-09,PLAN-PAYG,true,active,1996
I,2026-04-01T00:00:00Z,RD-000318,OP-001,Camille,Moreno,camille.moreno25@mail.com,CTY-BCN,ES,2024-07-14,PLAN-PAYG,true,active,1975
I,2026-04-01T00:00:00Z,RD-000319,OP-002,Hugo,Weber,hugo.weber260@proton.me,CTY-BCN,ES,2024-03-09,PLAN-CORP,false,active,1984
I,2026-04-01T00:00:00Z,RD-000320,OP-002,Oskar,Garcia, oskar.garcia201@gmx.de ,CTY-BCN,ES,2025-09-03,PLAN-PAYG,true,active,1997
I,2026-04-01T00:00:00Z,RD-000321,OP-002,Nils,Benali,nils.benali651@outlook.com,CTY-BCN,ES,2025-05-04,PLAN-COMMUTE,false,active,1964
I,2026-04-01T00:00:00Z,RD-000322,OP-002,Emil,Silva,emil.silva718@proton.me,CTY-BCN,ES,2024-09-18,PLAN-UNLIMITED,false,active,1996
I,2026-04-01T00:00:00Z,RD-000323,OP-002,Manon,Moreno,manon.moreno636@gmx.de,CTY-BCN,ES,2025-08-24,PLAN-CORP,false,active,1963
I,2026-04-01T00:00:00Z,RD-000324,OP-001,Freja,Ferrer,freja.ferrer928@mail.com,CTY-BCN,ES,2026-02-16,PLAN-PAYG,true,active,1967
I,2026-04-01T00:00:00Z,RD-000325,OP-001,Ivan,Conti,ivan.conti945@mail.com,CTY-BCN,ES,2025-10-08,PLAN-PAYG,false,active,1977
I,2026-04-01T00:00:00Z,RD-000326,OP-002,Rui,Martin,rui.martin566@proton.me,CTY-BCN,ES,2024-11-13,PLAN-PAYG,false,active,1968
I,2026-04-01T00:00:00Z,RD-000328,OP-002,Ines,Serra,ines.serra579@proton.me,CTY-BCN,ES,2025-12-14,PLAN-STUDENT,true,active,1978
I,2026-04-01T00:00:00Z,RD-000329,OP-002,Freja,Moreno, freja.moreno943@gmx.de ,CTY-BCN,ES,2025-05-17,PLAN-PAYG,true,active,1980
I,2026-04-01T00:00:00Z,RD-000330,OP-002,Diego,Benali,diego.benali704@correo.es,CTY-BCN,ES,2024-04-22,PLAN-TOURIST,true,active,1974
I,2026-04-01T00:00:00Z,RD-000331,OP-002,Emil,Martin,emil.martin795@correo.es,CTY-BCN,ES,2025-01-31,PLAN-COMMUTE,true,active,1981
I,2026-04-01T00:00:00Z,RD-000332,OP-002,Hugo,Lindqvist,hugo.lindqvist598@proton.me,CTY-BCN,ES,2025-11-30,PLAN-PAYG,false,active,2006
I,2026-04-01T00:00:00Z,RD-000333,OP-002,Omar,Moreno,omar.moreno136@outlook.com,CTY-BCN,ES,2024-05-22,PLAN-COMMUTE,false,active,1993
I,2026-04-01T00:00:00Z,RD-000334,OP-002,Aina,Serra,AINA.SERRA771@CORREO.ES,CTY-BCN,ES,2024-01-22,PLAN-UNLIMITED,false,active,2008
I,2026-04-01T00:00:00Z,RD-000335,OP-002,Manon,Costa,MANON.COSTA888@GMX.DE,CTY-BCN,ES,2024-02-04,PLAN-COMMUTE,false,active,1975
I,2026-04-01T00:00:00Z,RD-000336,OP-002,Lucia,Lopez,lucia.lopez367@proton.me,CTY-BCN,ES,2025-11-11,PLAN-PAYG,true,active,1970
I,2026-04-01T00:00:00Z,RD-000337,OP-002,Manon,Costa, manon.costa98@gmx.de ,CTY-BCN,ES,2025-08-07,PLAN-PAYG,false,active,1963
I,2026-04-01T00:00:00Z,RD-000338,OP-002,Sofia,Martin,sofia.martin673@correo.es,CTY-BCN,ES,2026-03-19,PLAN-COMMUTE,true,active,1997
I,2026-04-01T00:00:00Z,RD-000339,OP-002,Joan,Lindqvist,joan.lindqvist137@proton.me,CTY-BCN,ES,2024-11-03,PLAN-PAYG,true,active,1994
I,2026-04-01T00:00:00Z,RD-000340,OP-002,Antoine,Garcia,antoine.garcia273@outlook.com,CTY-BCN,ES,2025-11-12,PLAN-PAYG,false,active,1970
I,2026-04-01T00:00:00Z,RD-000341,OP-001,Elin,Lindqvist,elin.lindqvist219@correo.es,CTY-BCN,ES,2026-03-31,PLAN-COMMUTE,false,active,1992
I,2026-04-01T00:00:00Z,RD-000342,OP-002,Nora,Moreno,nora.moreno649@outlook.com,CTY-BCN,ES,2025-07-20,PLAN-UNLIMITED,true,active,1971
I,2026-04-01T00:00:00Z,RD-000343,OP-001,Louis,Vidal,louis.vidal882@mail.com,CTY-BCN,ES,2024-05-28,PLAN-PAYG,true,active,1998
I,2026-04-01T00:00:00Z,RD-000344,OP-002,Chloe,Kowalski,CHLOE.KOWALSKI978@PROTON.ME,CTY-BCN,ES,2025-02-27,PLAN-UNLIMITED,false,active,2006
I,2026-04-01T00:00:00Z,RD-000346,OP-001,Astrid,Benali,astrid.benali767@correo.es,CTY-BCN,ES,2024-08-18,PLAN-PAYG,false,active,2003
I,2026-04-01T00:00:00Z,RD-000347,OP-002,Karim,Weber,karim.weber614@outlook.com,CTY-BCN,ES,2024-09-04,PLAN-PAYG,true,active,1989
I,2026-04-01T00:00:00Z,RD-000348,OP-002,Rui,Garcia,rui.garcia87@correo.es,CTY-BCN,ES,2025-07-29,PLAN-COMMUTE,true,active,1985
I,2026-04-01T00:00:00Z,RD-000349,OP-002,Freja,Lopez, freja.lopez514@outlook.com ,CTY-BCN,ES,2025-10-27,PLAN-PAYG,false,active,1998
I,2026-04-01T00:00:00Z,RD-000350,OP-002,Chloe,Garcia, chloe.garcia594@proton.me ,CTY-BCN,ES,2025-01-30,PLAN-COMMUTE,true,active,2002
I,2026-04-01T00:00:00Z,RD-000351,OP-002,Elin,Lopez,elin.lopez546@outlook.com,CTY-BCN,ES,2024-12-16,PLAN-COMMUTE,true,active,1978
I,2026-04-01T00:00:00Z,RD-000353,OP-002,Omar,Lindqvist,omar.lindqvist996@gmx.de,CTY-BCN,ES,2024-12-22,PLAN-PAYG,false,active,1995
I,2026-04-01T00:00:00Z,RD-000354,OP-002,Louis,Pereira,louis.pereira435@correo.es,CTY-BCN,ES,2025-09-04,PLAN-COMMUTE,true,active,2006
I,2026-04-01T00:00:00Z,RD-000355,OP-002,Diego,Andersson,diego.andersson730@outlook.com,CTY-BCN,ES,2025-01-05,PLAN-PAYG,true,active,1991
I,2026-04-01T00:00:00Z,RD-000356,OP-002,Beatriz,Bernard,beatriz.bernard741@gmx.de,CTY-BCN,ES,2026-01-11,PLAN-COMMUTE,true,active,2000
I,2026-04-01T00:00:00Z,RD-000357,OP-001,Antoine,Novak,antoine.novak909@proton.me,CTY-BCN,ES,2024-07-06,PLAN-PAYG,false,active,1992
I,2026-04-01T00:00:00Z,RD-000358,OP-001,Chloe,Berg,chloe.berg551@gmx.de,CTY-BCN,ES,2025-04-15,PLAN-PAYG,true,active,1978
I,2026-04-01T00:00:00Z,RD-000359,OP-001,Pablo,Almeida,pablo.almeida4@mail.com,CTY-BCN,ES,2025-02-06,PLAN-PAYG,false,active,1993
I,2026-04-01T00:00:00Z,RD-000360,OP-002,Astrid,Roux,astrid.roux524@outlook.com,CTY-BCN,ES,2024-10-10,PLAN-PAYG,false,active,1965
I,2026-04-01T00:00:00Z,RD-000361,OP-001,Nils,Novak,nils.novak111@proton.me,CTY-BCN,ES,2025-09-01,PLAN-PAYG,false,active,1969
I,2026-04-01T00:00:00Z,RD-000362,OP-002,Aina,Serra,aina.serra821@mail.com,CTY-BCN,ES,2026-02-17,PLAN-PAYG,true,active,1979
I,2026-04-01T00:00:00Z,RD-000363,OP-002,Pablo,Rossi,PABLO.ROSSI748@GMX.DE,CTY-BCN,ES,2024-05-10,PLAN-UNLIMITED,false,active,1991
I,2026-04-01T00:00:00Z,RD-000364,OP-002,Thomas,Almeida, thomas.almeida707@outlook.com ,CTY-BCN,ES,2024-01-11,PLAN-TOURIST,false,active,2006
I,2026-04-01T00:00:00Z,RD-000365,OP-002,Nils,Lindqvist,nils.lindqvist619@outlook.com,CTY-BCN,ES,2025-09-25,PLAN-COMMUTE,false,active,1977
I,2026-04-01T00:00:00Z,RD-000366,OP-002,Aina,Garcia,aina.garcia781@correo.es,CTY-BCN,ES,2024-11-20,PLAN-PAYG,false,active,1975
I,2026-04-01T00:00:00Z,RD-000367,OP-002,Tiago,Benali,tiago.benali94@outlook.com,CTY-BCN,ES,2024-06-13,PLAN-COMMUTE,false,active,1993
I,2026-04-01T00:00:00Z,RD-000368,OP-002,Freja,Kowalski,FREJA.KOWALSKI790@OUTLOOK.COM,CTY-BCN,ES,2025-02-20,PLAN-PAYG,true,active,1983
I,2026-04-01T00:00:00Z,RD-000369,OP-002,Omar,Lindqvist,omar.lindqvist245@gmx.de,CTY-BCN,ES,2024-01-04,PLAN-PAYG,false,active,1990
I,2026-04-01T00:00:00Z,RD-000370,OP-002,Nora,Lindqvist,nora.lindqvist419@proton.me,CTY-BCN,ES,2024-03-24,PLAN-PAYG,false,active,2001
I,2026-04-01T00:00:00Z,RD-000371,OP-002,Camille,Garcia,CAMILLE.GARCIA491@PROTON.ME,CTY-BCN,ES,2026-02-22,PLAN-UNLIMITED,false,active,2002
I,2026-04-01T00:00:00Z,RD-000372,OP-002,Antoine,Bernard,antoine.bernard512@outlook.com,CTY-BCN,ES,2024-01-22,PLAN-COMMUTE,false,active,2000
I,2026-04-01T00:00:00Z,RD-000373,OP-002,Yasmin,Rossi,YASMIN.ROSSI139@MAIL.COM,CTY-BCN,ES,2024-03-20,PLAN-PAYG,false,active,1974
I,2026-04-01T00:00:00Z,RD-000374,OP-002,Nora,Silva,nora.silva255@gmx.de,CTY-BCN,ES,2024-10-07,PLAN-UNLIMITED,false,active,2000
I,2026-04-01T00:00:00Z,RD-000375,OP-001,Nadia,Martin,nadia.martin958@outlook.com,CTY-BCN,ES,2025-12-03,PLAN-PAYG,true,active,1990
I,2026-04-01T00:00:00Z,RD-000376,OP-002,Karim,Lindqvist, karim.lindqvist544@proton.me ,CTY-BCN,ES,2025-08-08,PLAN-PAYG,false,active,1979
I,2026-04-01T00:00:00Z,RD-000377,OP-001,Thomas,Dubois,thomas.dubois448@gmx.de,CTY-BCN,ES,2024-04-01,PLAN-PAYG,false,active,1985
I,2026-04-01T00:00:00Z,RD-000378,OP-002,Omar,Berg,omar.berg225@outlook.com,CTY-BCN,ES,2024-06-21,PLAN-COMMUTE,true,active,1964
I,2026-04-01T00:00:00Z,RD-000379,OP-002,Rui,Nilsson,RUI.NILSSON360@PROTON.ME,CTY-BCN,ES,2024-08-22,PLAN-PAYG,true,active,1991
I,2026-04-01T00:00:00Z,RD-000380,OP-001,Lucia,Bernard,lucia.bernard153@gmx.de,CTY-BCN,ES,2025-04-08,PLAN-PAYG,false,active,1979
I,2026-04-01T00:00:00Z,RD-000381,OP-002,Karim,Serra,karim.serra171@outlook.com,CTY-BCN,ES,2024-11-15,PLAN-PAYG,true,active,2001
I,2026-04-01T00:00:00Z,RD-000382,OP-002,Joan,Haddad,joan.haddad893@correo.es,CTY-BCN,ES,2026-03-14,PLAN-PAYG,false,active,1989
I,2026-04-01T00:00:00Z,RD-000384,OP-002,Freja,Bernard, freja.bernard79@correo.es ,CTY-BCN,ES,2026-03-12,PLAN-PAYG,false,active,1998
I,2026-04-01T00:00:00Z,RD-000385,OP-002,Manon,Costa,manon.costa547@correo.es,CTY-BCN,ES,2024-06-05,PLAN-PAYG,true,active,1982
I,2026-04-01T00:00:00Z,RD-000386,OP-001,Karim,Serra,karim.serra833@mail.com,CTY-BCN,ES,2025-06-09,PLAN-PAYG,true,active,1987
I,2026-04-01T00:00:00Z,RD-000387,OP-002,Aina,Serra,aina.serra867@correo.es,CTY-BCN,ES,2024-06-08,PLAN-PAYG,false,active,1998
I,2026-04-01T00:00:00Z,RD-000388,OP-002,Antoine,Berg,antoine.berg180@mail.com,CTY-BCN,ES,2025-04-10,PLAN-COMMUTE,true,active,2002
I,2026-04-01T00:00:00Z,RD-000389,OP-002,Karim,Rossi,KARIM.ROSSI813@PROTON.ME,CTY-BCN,ES,2025-01-21,PLAN-PAYG,false,active,1969
I,2026-04-01T00:00:00Z,RD-000390,OP-002,Manon,Almeida,manon.almeida414@outlook.com,CTY-BCN,ES,2026-01-13,PLAN-PAYG,false,active,2000
I,2026-04-01T00:00:00Z,RD-000391,OP-001,Beatriz,Rossi,beatriz.rossi770@gmx.de,CTY-BCN,ES,2025-02-18,PLAN-PAYG,false,active,1972
I,2026-04-01T00:00:00Z,RD-000392,OP-002,Ines,Martin,ines.martin212@mail.com,CTY-BCN,ES,2024-02-07,PLAN-COMMUTE,false,active,1981
I,2026-04-01T00:00:00Z,RD-000393,OP-001,Pablo,Benali,pablo.benali385@gmx.de,CTY-BCN,ES,2025-01-26,PLAN-PAYG,false,active,1993
I,2026-04-01T00:00:00Z,RD-000394,OP-002,Hugo,Pereira,HUGO.PEREIRA381@OUTLOOK.COM,CTY-BCN,ES,2025-03-21,PLAN-PAYG,true,active,1972
I,2026-04-01T00:00:00Z,RD-000395,OP-002,Rui,Almeida, rui.almeida471@proton.me ,CTY-BCN,ES,2024-05-25,PLAN-UNLIMITED,false,active,1982
I,2026-04-01T00:00:00Z,RD-000396,OP-002,Freja,Dubois,freja.dubois904@correo.es,CTY-BCN,ES,2025-01-15,PLAN-PAYG,false,active,1965
I,2026-04-01T00:00:00Z,RD-000397,OP-001,Ivan,Vidal,ivan.vidal303@gmx.de,CTY-BCN,ES,2024-04-13,PLAN-PAYG,false,active,1986
I,2026-04-01T00:00:00Z,RD-000398,OP-001,Nadia,Novak,nadia.novak613@gmx.de,CTY-BCN,ES,2024-03-20,PLAN-PAYG,false,active,1964
I,2026-04-01T00:00:00Z,RD-000399,OP-002,Omar,Martin,omar.martin199@gmx.de,CTY-BCN,ES,2024-12-05,PLAN-UNLIMITED,true,active,1962
I,2026-04-01T00:00:00Z,RD-000400,OP-002,Pablo,Vidal,pablo.vidal277@mail.com,CTY-BCN,ES,2025-07-29,PLAN-PAYG,true,active,2002
I,2026-04-01T00:00:00Z,RD-000401,OP-002,Ines,Costa,ines.costa343@outlook.com,CTY-BCN,ES,2025-02-17,PLAN-PAYG,false,active,1980
I,2026-04-01T00:00:00Z,RD-000402,OP-001,Oskar,Ferrer,oskar.ferrer127@proton.me,CTY-BCN,ES,2025-08-22,PLAN-COMMUTE,false,active,1994
I,2026-04-01T00:00:00Z,RD-000403,OP-001,Joan,Kowalski,joan.kowalski767@outlook.com,CTY-BCN,ES,2026-01-16,PLAN-PAYG,true,active,1986
I,2026-04-01T00:00:00Z,RD-000404,OP-002,Elin,Kowalski,elin.kowalski740@gmx.de,CTY-BCN,ES,2026-01-19,PLAN-PAYG,true,active,1967
I,2026-04-01T00:00:00Z,RD-000405,OP-002,Rui,Almeida,rui.almeida43@mail.com,CTY-BCN,ES,2024-08-13,PLAN-PAYG,true,active,1974
I,2026-04-01T00:00:00Z,RD-000406,OP-002,Nils,Haddad,nils.haddad846@correo.es,CTY-BCN,ES,2026-03-29,PLAN-PAYG,false,active,1975
I,2026-04-01T00:00:00Z,RD-000407,OP-002,Marta,Lopez,marta.lopez272@proton.me,CTY-BCN,ES,2024-02-08,PLAN-COMMUTE,true,active,1991
I,2026-04-01T00:00:00Z,RD-000408,OP-001,Omar,Serra,omar.serra117@mail.com,CTY-BCN,ES,2025-05-20,PLAN-COMMUTE,false,active,2001
I,2026-04-01T00:00:00Z,RD-000409,OP-001,Thomas,Costa,thomas.costa591@outlook.com,CTY-BCN,ES,2024-09-21,PLAN-PAYG,false,active,2002
I,2026-04-01T00:00:00Z,RD-000410,OP-002,Louis,Silva,louis.silva699@outlook.com,CTY-BCN,ES,2025-11-14,PLAN-PAYG,false,active,2000
I,2026-04-01T00:00:00Z,RD-000411,OP-002,Manon,Lindqvist,manon.lindqvist445@proton.me,CTY-BCN,ES,2024-01-23,PLAN-PAYG,false,active,1993
I,2026-04-01T00:00:00Z,RD-000412,OP-002,Thomas,Almeida,thomas.almeida308@gmx.de,CTY-BCN,ES,2025-08-28,PLAN-PAYG,true,active,1997
I,2026-04-01T00:00:00Z,RD-000413,OP-002,Ivan,Fischer,ivan.fischer476@correo.es,CTY-BCN,ES,2024-09-11,PLAN-UNLIMITED,false,active,1988
I,2026-04-01T00:00:00Z,RD-000414,OP-002,Thomas,Almeida,thomas.almeida307@mail.com,CTY-BCN,ES,2024-12-05,PLAN-PAYG,false,active,2004
I,2026-04-01T00:00:00Z,RD-000415,OP-002,Lucia,Weber,lucia.weber447@proton.me,CTY-BCN,ES,2024-02-28,PLAN-STUDENT,true,active,1988
I,2026-04-01T00:00:00Z,RD-000416,OP-002,Emil,Garcia,emil.garcia122@gmx.de,CTY-BCN,ES,2025-01-14,PLAN-PAYG,false,active,1987
I,2026-04-01T00:00:00Z,RD-000418,OP-002,Hugo,Benali,hugo.benali874@mail.com,CTY-BCN,ES,2025-01-20,PLAN-PAYG,true,active,1962
I,2026-04-01T00:00:00Z,RD-000419,OP-002,Aina,Roux,aina.roux957@correo.es,CTY-BCN,ES,2024-04-04,PLAN-TOURIST,true,active,1992
I,2026-04-01T00:00:00Z,RD-000421,OP-002,Hugo,Nilsson,hugo.nilsson597@mail.com,CTY-BCN,ES,2024-02-09,PLAN-TOURIST,true,active,1974
I,2026-04-01T00:00:00Z,RD-000423,OP-002,Yasmin,Bernard,yasmin.bernard292@correo.es,CTY-BCN,ES,2025-09-19,PLAN-PAYG,false,active,1972
I,2026-04-01T00:00:00Z,RD-000424,OP-002,Camille,Weber,camille.weber509@outlook.com,CTY-BCN,ES,2024-04-08,PLAN-PAYG,false,active,1964
I,2026-04-01T00:00:00Z,RD-000425,OP-002,Pablo,Costa, pablo.costa580@proton.me ,CTY-BCN,ES,2025-12-12,PLAN-PAYG,false,active,2004
I,2026-04-01T00:00:00Z,RD-000426,OP-001,Camille,Rossi,camille.rossi827@correo.es,CTY-BCN,ES,2025-03-04,PLAN-COMMUTE,false,active,2004
I,2026-04-01T00:00:00Z,RD-000427,OP-002,Elin,Andersson,elin.andersson721@correo.es,CTY-BCN,ES,2024-06-01,PLAN-PAYG,true,active,1999
I,2026-04-01T00:00:00Z,RD-000428,OP-002,Oskar,Novak, oskar.novak225@gmx.de ,CTY-BCN,ES,2025-04-04,PLAN-COMMUTE,false,active,1979
I,2026-04-01T00:00:00Z,RD-000429,OP-002,Chloe,Silva,chloe.silva494@proton.me,CTY-BCN,ES,2026-01-05,PLAN-PAYG,false,active,2007
I,2026-04-01T00:00:00Z,RD-000430,OP-002,Nora,Martin,nora.martin161@proton.me,CTY-BCN,ES,2025-01-07,PLAN-PAYG,true,active,1965
I,2026-04-01T00:00:00Z,RD-000431,OP-002,Joan,Fischer,joan.fischer833@proton.me,CTY-BCN,ES,2024-07-10,PLAN-PAYG,false,active,2007
I,2026-04-01T00:00:00Z,RD-000433,OP-002,Karim,Fischer,karim.fischer426@mail.com,CTY-BCN,ES,2024-09-13,PLAN-PAYG,false,active,1971
I,2026-04-01T00:00:00Z,RD-000434,OP-002,Ivan,Kowalski, ivan.kowalski296@gmx.de ,CTY-BCN,ES,2025-09-10,PLAN-UNLIMITED,true,active,1968
I,2026-04-01T00:00:00Z,RD-000435,OP-002,Joan,Weber,joan.weber729@gmx.de,CTY-BCN,ES,2025-01-04,PLAN-STUDENT,false,active,1983
I,2026-04-01T00:00:00Z,RD-000437,OP-001,Louis,Kowalski,louis.kowalski518@gmx.de,CTY-BCN,ES,2026-01-31,PLAN-PAYG,true,active,1989
I,2026-04-01T00:00:00Z,RD-000438,OP-001,Manon,Conti,manon.conti988@outlook.com,CTY-BCN,ES,2025-04-10,PLAN-PAYG,false,active,1964
I,2026-04-01T00:00:00Z,RD-000439,OP-002,Diego,Silva,diego.silva643@mail.com,CTY-BCN,ES,2025-08-26,PLAN-PAYG,false,active,1991
I,2026-04-01T00:00:00Z,RD-000440,OP-002,Omar,Benali,omar.benali855@outlook.com,CTY-BCN,ES,2024-11-18,PLAN-PAYG,false,active,1981
I,2026-04-01T00:00:00Z,RD-000443,OP-001,Lucia,Fischer,lucia.fischer834@outlook.com,CTY-BCN,ES,2025-07-02,PLAN-UNLIMITED,true,active,1994
I,2026-04-01T00:00:00Z,RD-000444,OP-001,Karim,Conti,karim.conti807@gmx.de,CTY-BCN,ES,2025-10-17,PLAN-COMMUTE,true,active,1993
I,2026-04-01T00:00:00Z,RD-000445,OP-002,Beatriz,Andersson,beatriz.andersson295@mail.com,CTY-BCN,ES,2025-07-19,PLAN-UNLIMITED,false,active,1997
I,2026-04-01T00:00:00Z,RD-000446,OP-002,Thomas,Silva,thomas.silva206@mail.com,CTY-BCN,ES,2025-11-02,PLAN-COMMUTE,true,active,1983
I,2026-04-01T00:00:00Z,RD-000447,OP-001,Camille,Lindqvist,camille.lindqvist102@correo.es,CTY-BCN,ES,2024-01-22,PLAN-UNLIMITED,false,active,1972
I,2026-04-01T00:00:00Z,RD-000448,OP-002,Louis,Nilsson,louis.nilsson166@proton.me,CTY-BCN,ES,2025-03-01,PLAN-PAYG,true,active,1985
I,2026-04-01T00:00:00Z,RD-000449,OP-001,Pablo,Weber,pablo.weber556@outlook.com,CTY-BCN,ES,2024-11-12,PLAN-COMMUTE,true,active,1971
I,2026-04-01T00:00:00Z,RD-000450,OP-001,Karim,Moreno,karim.moreno977@correo.es,CTY-BCN,ES,2024-01-04,PLAN-PAYG,false,active,1973
I,2026-04-01T00:00:00Z,RD-000451,OP-002,Pablo,Weber,pablo.weber513@outlook.com,CTY-BCN,ES,2024-05-04,PLAN-PAYG,true,active,1992
I,2026-04-01T00:00:00Z,RD-000452,OP-002,Louis,Benali,louis.benali365@mail.com,CTY-BCN,ES,2024-03-26,PLAN-PAYG,false,active,1974
I,2026-04-01T00:00:00Z,RD-000453,OP-002,Tiago,Berg,tiago.berg824@mail.com,CTY-BCN,ES,2025-09-27,PLAN-TOURIST,true,active,1971
I,2026-04-01T00:00:00Z,RD-000454,OP-002,Elin,Serra,elin.serra548@correo.es,CTY-BCN,ES,2025-12-07,PLAN-PAYG,false,active,1963
I,2026-04-01T00:00:00Z,RD-000455,OP-001,Elin,Almeida,elin.almeida107@outlook.com,CTY-BCN,ES,2025-03-18,PLAN-COMMUTE,false,active,1975
I,2026-04-01T00:00:00Z,RD-000456,OP-002,Hugo,Andersson,hugo.andersson793@outlook.com,CTY-BCN,ES,2025-05-10,PLAN-COMMUTE,true,active,1976
I,2026-04-01T00:00:00Z,RD-000457,OP-001,Yasmin,Kowalski,yasmin.kowalski507@outlook.com,CTY-BCN,ES,2026-03-10,PLAN-COMMUTE,false,active,1982
I,2026-04-01T00:00:00Z,RD-000458,OP-002,Camille,Costa,camille.costa38@proton.me,CTY-BCN,ES,2024-02-12,PLAN-PAYG,false,active,1963
I,2026-04-01T00:00:00Z,RD-000459,OP-002,Louis,Costa,louis.costa768@mail.com,CTY-BCN,ES,2025-03-01,PLAN-TOURIST,false,active,1967
I,2026-04-01T00:00:00Z,RD-000460,OP-002,Chloe,Pereira,CHLOE.PEREIRA720@OUTLOOK.COM,CTY-BCN,ES,2025-07-28,PLAN-COMMUTE,false,active,1996
I,2026-04-01T00:00:00Z,RD-000461,OP-002,Tiago,Roux,tiago.roux123@outlook.com,CTY-BCN,ES,2024-12-14,PLAN-STUDENT,false,active,1977
I,2026-04-01T00:00:00Z,RD-000462,OP-001,Diego,Roux,diego.roux40@mail.com,CTY-BCN,ES,2024-10-27,PLAN-PAYG,false,active,2004
I,2026-04-01T00:00:00Z,RD-000463,OP-002,Aina,Rossi,aina.rossi157@gmx.de,CTY-BCN,ES,2025-01-23,PLAN-PAYG,false,active,1966
I,2026-04-01T00:00:00Z,RD-000464,OP-002,Ines,Costa,ines.costa757@gmx.de,CTY-BCN,ES,2024-11-11,PLAN-PAYG,true,active,1980
I,2026-04-01T00:00:00Z,RD-000466,OP-001,Pablo,Moreno,pablo.moreno342@gmx.de,CTY-BCN,ES,2026-02-25,PLAN-UNLIMITED,true,active,1998
I,2026-04-01T00:00:00Z,RD-000467,OP-001,Nora,Haddad,nora.haddad51@gmx.de,CTY-BCN,ES,2024-08-25,PLAN-PAYG,true,active,2007
I,2026-04-01T00:00:00Z,RD-000468,OP-001,Tiago,Haddad,tiago.haddad305@outlook.com,CTY-BCN,ES,2025-07-13,PLAN-COMMUTE,true,active,1987
I,2026-04-01T00:00:00Z,RD-000470,OP-002,Aina,Lopez,aina.lopez5@mail.com,CTY-BCN,ES,2025-08-25,PLAN-UNLIMITED,true,active,1992
I,2026-04-01T00:00:00Z,RD-000471,OP-002,Beatriz,Andersson, beatriz.andersson876@correo.es ,CTY-BCN,ES,2024-04-19,PLAN-COMMUTE,true,active,1962
I,2026-04-01T00:00:00Z,RD-000472,OP-002,Elin,Serra,elin.serra718@mail.com,CTY-BCN,ES,2025-08-05,PLAN-COMMUTE,true,active,1992
I,2026-04-01T00:00:00Z,RD-000473,OP-002,Beatriz,Weber, beatriz.weber682@mail.com ,CTY-BCN,ES,2024-06-22,PLAN-PAYG,false,active,1992
I,2026-04-01T00:00:00Z,RD-000474,OP-001,Louis,Bernard,louis.bernard814@correo.es,CTY-BCN,ES,2025-08-13,PLAN-PAYG,true,active,1965
I,2026-04-01T00:00:00Z,RD-000475,OP-002,Nils,Andersson,nils.andersson198@outlook.com,CTY-BCN,ES,2025-02-01,PLAN-PAYG,true,active,1987
I,2026-04-01T00:00:00Z,RD-000476,OP-001,Beatriz,Pereira,beatriz.pereira276@correo.es,CTY-BCN,ES,2024-10-21,PLAN-COMMUTE,true,active,2007
I,2026-04-01T00:00:00Z,RD-000477,OP-002,Nils,Berg,nils.berg2@mail.com,CTY-BCN,ES,2025-05-24,PLAN-PAYG,true,active,1978
I,2026-04-01T00:00:00Z,RD-000479,OP-002,Emil,Lindqvist, emil.lindqvist434@mail.com ,CTY-BCN,ES,2024-09-12,PLAN-COMMUTE,false,active,1988
I,2026-04-01T00:00:00Z,RD-000480,OP-001,Nora,Berg,nora.berg3@correo.es,CTY-BCN,ES,2025-08-11,PLAN-COMMUTE,true,active,1988
I,2026-04-01T00:00:00Z,RD-000481,OP-002,Pablo,Silva,pablo.silva151@mail.com,CTY-BCN,ES,2024-05-27,PLAN-UNLIMITED,false,active,1988
I,2026-04-01T00:00:00Z,RD-000482,OP-002,Freja,Kowalski,freja.kowalski455@correo.es,CTY-BCN,ES,2024-10-08,PLAN-UNLIMITED,true,active,1975
I,2026-04-01T00:00:00Z,RD-000483,OP-002,Hugo,Nilsson, hugo.nilsson931@gmx.de ,CTY-BCN,ES,2025-11-12,PLAN-PAYG,false,active,1962
I,2026-04-01T00:00:00Z,RD-000484,OP-002,Joan,Berg,joan.berg163@mail.com,CTY-BCN,ES,2025-04-19,PLAN-COMMUTE,true,active,1991
I,2026-04-01T00:00:00Z,RD-000485,OP-002,Ines,Nilsson,ines.nilsson903@gmx.de,CTY-BCN,ES,2024-04-23,PLAN-PAYG,false,active,1973
I,2026-04-01T00:00:00Z,RD-000486,OP-002,Nils,Weber,nils.weber781@outlook.com,CTY-BCN,ES,2026-03-15,PLAN-PAYG,false,active,1984
I,2026-04-01T00:00:00Z,RD-000487,OP-002,Diego,Novak,diego.novak705@gmx.de,CTY-BCN,ES,2024-07-24,PLAN-STUDENT,false,active,1979
I,2026-04-01T00:00:00Z,RD-000488,OP-002,Hugo,Martin,hugo.martin18@correo.es,CTY-BCN,ES,2024-05-16,PLAN-COMMUTE,false,active,1976
I,2026-04-01T00:00:00Z,RD-000489,OP-002,Tiago,Bernard,tiago.bernard113@gmx.de,CTY-BCN,ES,2024-05-28,PLAN-COMMUTE,false,active,2006
I,2026-04-01T00:00:00Z,RD-000490,OP-001,Pablo,Berg,pablo.berg819@gmx.de,CTY-BCN,ES,2025-06-12,PLAN-COMMUTE,true,active,1966
I,2026-04-01T00:00:00Z,RD-000491,OP-002,Beatriz,Moreno,beatriz.moreno259@correo.es,CTY-BCN,ES,2024-10-16,PLAN-COMMUTE,true,active,2002
I,2026-04-01T00:00:00Z,RD-000492,OP-002,Emil,Bernard,emil.bernard336@outlook.com,CTY-BCN,ES,2024-01-21,PLAN-PAYG,false,active,1962
I,2026-04-01T00:00:00Z,RD-000493,OP-002,Emil,Andersson,emil.andersson314@proton.me,CTY-BCN,ES,2026-01-20,PLAN-PAYG,false,active,1999
I,2026-04-01T00:00:00Z,RD-000495,OP-002,Oskar,Serra, oskar.serra746@outlook.com ,CTY-BCN,ES,2024-09-07,PLAN-UNLIMITED,false,active,1963
I,2026-04-01T00:00:00Z,RD-000496,OP-002,Manon,Lindqvist,manon.lindqvist234@proton.me,CTY-BCN,ES,2025-05-19,PLAN-CORP,true,active,2006
I,2026-04-01T00:00:00Z,RD-000497,OP-002,Lucia,Moreno,lucia.moreno237@proton.me,CTY-BCN,ES,2024-05-20,PLAN-UNLIMITED,true,active,1991
I,2026-04-01T00:00:00Z,RD-000498,OP-001,Nils,Roux,nils.roux106@outlook.com,CTY-BCN,ES,2024-03-15,PLAN-PAYG,true,active,1976
I,2026-04-01T00:00:00Z,RD-000499,OP-002,Thomas,Andersson,thomas.andersson38@gmx.de,CTY-BCN,ES,2024-04-09,PLAN-PAYG,false,active,1969
I,2026-04-01T00:00:00Z,RD-000500,OP-002,Sofia,Novak,sofia.novak915@correo.es,CTY-BCN,ES,2025-04-05,PLAN-PAYG,true,active,2001
I,2026-04-01T00:00:00Z,RD-000501,OP-001,Pablo,Lopez,pablo.lopez613@outlook.com,CTY-BCN,ES,2026-03-21,PLAN-COMMUTE,true,active,1964
I,2026-04-01T00:00:00Z,RD-000502,OP-002,Emil,Rossi,emil.rossi674@mail.com,CTY-BCN,ES,2024-06-20,PLAN-UNLIMITED,false,active,1975
I,2026-04-01T00:00:00Z,RD-000503,OP-001,Antoine,Pereira,antoine.pereira91@outlook.com,CTY-BCN,ES,2024-04-12,PLAN-COMMUTE,false,active,1962
I,2026-04-01T00:00:00Z,RD-000504,OP-002,Nils,Rossi,nils.rossi772@proton.me,CTY-BCN,ES,2024-12-31,PLAN-PAYG,true,active,1963
I,2026-04-01T00:00:00Z,RD-000505,OP-001,Thomas,Moreno,thomas.moreno22@gmx.de,CTY-BCN,ES,2025-08-08,PLAN-PAYG,true,active,1976
I,2026-04-01T00:00:00Z,RD-000506,OP-002,Thomas,Ferrer,thomas.ferrer848@correo.es,CTY-BCN,ES,2024-07-19,PLAN-PAYG,false,active,1991
I,2026-04-01T00:00:00Z,RD-000507,OP-002,Joan,Kowalski,joan.kowalski138@mail.com,CTY-BCN,ES,2025-09-25,PLAN-PAYG,true,active,1985
I,2026-04-01T00:00:00Z,RD-000508,OP-001,Camille,Weber,camille.weber855@proton.me,CTY-BCN,ES,2024-11-02,PLAN-PAYG,true,active,1972
I,2026-04-01T00:00:00Z,RD-000509,OP-002,Emil,Almeida,emil.almeida36@outlook.com,CTY-BCN,ES,2025-01-18,PLAN-PAYG,false,active,1968
I,2026-04-01T00:00:00Z,RD-000510,OP-002,Manon,Benali, manon.benali388@gmx.de ,CTY-BCN,ES,2024-03-15,PLAN-PAYG,true,active,1966
I,2026-04-01T00:00:00Z,RD-000511,OP-002,Yasmin,Serra,yasmin.serra731@outlook.com,CTY-BCN,ES,2025-06-16,PLAN-UNLIMITED,false,active,1990
I,2026-04-01T00:00:00Z,RD-000512,OP-002,Hugo,Benali,hugo.benali221@proton.me,CTY-BCN,ES,2025-08-03,PLAN-PAYG,false,active,1979
I,2026-04-01T00:00:00Z,RD-000513,OP-002,Elin,Berg,elin.berg818@mail.com,CTY-BCN,ES,2026-01-21,PLAN-PAYG,false,active,1986
I,2026-04-01T00:00:00Z,RD-000514,OP-002,Manon,Roux,manon.roux896@outlook.com,CTY-BCN,ES,2024-04-03,PLAN-PAYG,true,active,1965
I,2026-04-01T00:00:00Z,RD-000516,OP-002,Beatriz,Pereira,BEATRIZ.PEREIRA216@OUTLOOK.COM,CTY-BCN,ES,2024-08-25,PLAN-PAYG,true,active,1971
I,2026-04-01T00:00:00Z,RD-000517,OP-002,Karim,Benali,karim.benali248@outlook.com,CTY-BCN,ES,2024-03-16,PLAN-PAYG,false,active,1995
I,2026-04-01T00:00:00Z,RD-000518,OP-002,Tiago,Lopez,tiago.lopez563@correo.es,CTY-BCN,ES,2024-12-06,PLAN-STUDENT,true,active,1989
I,2026-04-01T00:00:00Z,RD-000519,OP-002,Emil,Andersson,emil.andersson226@mail.com,CTY-BCN,ES,2026-03-19,PLAN-PAYG,false,active,1966
I,2026-04-01T00:00:00Z,RD-000520,OP-002,Nils,Conti,nils.conti756@gmx.de,CTY-BCN,ES,2024-03-23,PLAN-PAYG,false,active,1983
I,2026-04-01T00:00:00Z,RD-000521,OP-001,Marta,Ferrer,marta.ferrer28@mail.com,CTY-BCN,ES,2026-03-09,PLAN-UNLIMITED,true,active,1967
I,2026-04-01T00:00:00Z,RD-000523,OP-002,Yasmin,Ferrer,YASMIN.FERRER80@MAIL.COM,CTY-BCN,ES,2025-07-05,PLAN-PAYG,true,active,2004
I,2026-04-01T00:00:00Z,RD-000524,OP-002,Aina,Costa,aina.costa118@outlook.com,CTY-BCN,ES,2025-11-19,PLAN-COMMUTE,false,active,1978
I,2026-04-01T00:00:00Z,RD-000525,OP-002,Rui,Berg,RUI.BERG415@PROTON.ME,CTY-BCN,ES,2024-05-31,PLAN-PAYG,false,active,1995
I,2026-04-01T00:00:00Z,RD-000526,OP-002,Ines,Weber,ines.weber845@gmx.de,CTY-BCN,ES,2024-06-28,PLAN-PAYG,true,active,1982
I,2026-04-01T00:00:00Z,RD-000527,OP-002,Freja,Martin,freja.martin479@mail.com,CTY-BCN,ES,2025-03-21,PLAN-PAYG,true,active,1962
I,2026-04-01T00:00:00Z,RD-000528,OP-001,Louis,Berg,louis.berg354@gmx.de,CTY-BCN,ES,2025-01-21,PLAN-PAYG,false,active,1995
I,2026-04-01T00:00:00Z,RD-000529,OP-002,Aina,Almeida,aina.almeida242@proton.me,CTY-BCN,ES,2024-05-05,PLAN-PAYG,false,active,1994
I,2026-04-01T00:00:00Z,RD-000530,OP-002,Ivan,Silva,ivan.silva375@gmx.de,CTY-BCN,ES,2024-02-20,PLAN-STUDENT,false,active,2008
I,2026-04-01T00:00:00Z,RD-000531,OP-002,Joan,Roux,joan.roux482@mail.com,CTY-BCN,ES,2025-10-02,PLAN-PAYG,true,active,1988
I,2026-04-01T00:00:00Z,RD-000532,OP-002,Rui,Benali,rui.benali364@mail.com,CTY-BCN,ES,2025-09-24,PLAN-COMMUTE,true,active,1970
I,2026-04-01T00:00:00Z,RD-000533,OP-002,Lucia,Ferrer,lucia.ferrer951@mail.com,CTY-BCN,ES,2024-02-18,PLAN-UNLIMITED,false,active,1995
I,2026-04-01T00:00:00Z,RD-000534,OP-001,Pablo,Roux,pablo.roux6@gmx.de,CTY-BCN,ES,2026-01-26,PLAN-COMMUTE,false,active,2003
I,2026-04-01T00:00:00Z,RD-000535,OP-001,Hugo,Roux,hugo.roux902@correo.es,CTY-BCN,ES,2025-05-25,PLAN-PAYG,false,active,2007
I,2026-04-01T00:00:00Z,RD-000536,OP-002,Manon,Andersson,manon.andersson410@gmx.de,CTY-BCN,ES,2024-03-06,PLAN-PAYG,true,active,1971
I,2026-04-01T00:00:00Z,RD-000537,OP-002,Chloe,Almeida,chloe.almeida744@correo.es,CTY-BCN,ES,2024-10-29,PLAN-PAYG,false,active,1988
I,2026-04-01T00:00:00Z,RD-000539,OP-001,Pablo,Nilsson,pablo.nilsson85@proton.me,CTY-BCN,ES,2024-09-14,PLAN-UNLIMITED,false,active,1980
I,2026-04-01T00:00:00Z,RD-000540,OP-002,Camille,Almeida,camille.almeida383@gmx.de,CTY-BCN,ES,2026-02-07,PLAN-UNLIMITED,true,active,1973
I,2026-04-01T00:00:00Z,RD-000541,OP-002,Freja,Fischer,freja.fischer378@gmx.de,CTY-BCN,ES,2025-11-22,PLAN-PAYG,true,active,1980
I,2026-04-01T00:00:00Z,RD-000542,OP-002,Nora,Conti,nora.conti482@proton.me,CTY-BCN,ES,2024-03-27,PLAN-PAYG,false,active,1980
I,2026-04-01T00:00:00Z,RD-000543,OP-001,Ines,Haddad,ines.haddad518@mail.com,CTY-BCN,ES,2025-06-27,PLAN-COMMUTE,true,active,1985
I,2026-04-01T00:00:00Z,RD-000544,OP-002,Elin,Weber, elin.weber653@outlook.com ,CTY-BCN,ES,2025-06-15,PLAN-PAYG,true,active,2000
I,2026-04-01T00:00:00Z,RD-000545,OP-002,Rui,Rossi,rui.rossi349@mail.com,CTY-BCN,ES,2025-12-05,PLAN-PAYG,true,active,1980
I,2026-04-01T00:00:00Z,RD-000546,OP-001,Ivan,Andersson,ivan.andersson994@gmx.de,CTY-BCN,ES,2024-08-01,PLAN-PAYG,false,active,1999
I,2026-04-01T00:00:00Z,RD-000547,OP-002,Elin,Rossi,elin.rossi228@correo.es,CTY-BCN,ES,2026-01-15,PLAN-STUDENT,true,active,1968
I,2026-04-01T00:00:00Z,RD-000548,OP-002,Chloe,Benali,chloe.benali739@mail.com,CTY-BCN,ES,2025-04-22,PLAN-PAYG,true,active,1977
I,2026-04-01T00:00:00Z,RD-000549,OP-002,Beatriz,Lopez,beatriz.lopez505@correo.es,CTY-BCN,ES,2024-07-21,PLAN-PAYG,false,active,1976
I,2026-04-01T00:00:00Z,RD-000550,OP-001,Joan,Pereira,joan.pereira79@mail.com,CTY-BCN,ES,2026-01-10,PLAN-UNLIMITED,false,active,1982
I,2026-04-01T00:00:00Z,RD-000551,OP-002,Freja,Moreno,freja.moreno879@proton.me,CTY-BCN,ES,2025-05-27,PLAN-COMMUTE,true,active,1962
I,2026-04-01T00:00:00Z,RD-000552,OP-002,Omar,Serra,omar.serra831@mail.com,CTY-BCN,ES,2024-01-28,PLAN-COMMUTE,false,active,1988
I,2026-04-01T00:00:00Z,RD-000553,OP-002,Pablo,Roux,pablo.roux537@mail.com,CTY-BCN,ES,2025-09-03,PLAN-PAYG,false,active,1983
I,2026-04-01T00:00:00Z,RD-000554,OP-002,Emil,Novak,emil.novak747@gmx.de,CTY-BCN,ES,2024-09-27,PLAN-STUDENT,true,active,2008
I,2026-04-01T00:00:00Z,RD-000555,OP-001,Omar,Pereira,omar.pereira697@correo.es,CTY-BCN,ES,2025-09-27,PLAN-PAYG,false,active,1970
I,2026-04-01T00:00:00Z,RD-000556,OP-002,Nadia,Ferrer,nadia.ferrer73@mail.com,CTY-BCN,ES,2025-09-10,PLAN-UNLIMITED,false,active,1968
I,2026-04-01T00:00:00Z,RD-000557,OP-002,Tiago,Nilsson,tiago.nilsson543@proton.me,CTY-BCN,ES,2025-02-10,PLAN-PAYG,true,active,1999
I,2026-04-01T00:00:00Z,RD-000558,OP-001,Aina,Weber,aina.weber175@correo.es,CTY-BCN,ES,2024-07-18,PLAN-CORP,true,active,1966
I,2026-04-01T00:00:00Z,RD-000559,OP-002,Ivan,Dubois,ivan.dubois429@mail.com,CTY-BCN,ES,2024-12-11,PLAN-PAYG,true,active,2006
I,2026-04-01T00:00:00Z,RD-000560,OP-002,Lucia,Dubois, lucia.dubois990@mail.com ,CTY-BCN,ES,2025-06-16,PLAN-CORP,true,active,2002
I,2026-04-01T00:00:00Z,RD-000561,OP-001,Camille,Garcia,camille.garcia244@proton.me,CTY-BCN,ES,2024-12-11,PLAN-UNLIMITED,false,active,1989
I,2026-04-01T00:00:00Z,RD-000562,OP-002,Antoine,Conti,antoine.conti99@mail.com,CTY-BCN,ES,2025-12-11,PLAN-COMMUTE,false,active,1963
I,2026-04-01T00:00:00Z,RD-000563,OP-001,Joan,Andersson,joan.andersson533@correo.es,CTY-BCN,ES,2024-02-26,PLAN-PAYG,false,active,2000
I,2026-04-01T00:00:00Z,RD-000564,OP-002,Lucia,Weber,lucia.weber702@proton.me,CTY-BCN,ES,2024-06-06,PLAN-PAYG,true,active,1968
I,2026-04-01T00:00:00Z,RD-000565,OP-002,Hugo,Weber,hugo.weber365@mail.com,CTY-BCN,ES,2024-12-14,PLAN-STUDENT,true,active,1989
I,2026-04-01T00:00:00Z,RD-000567,OP-001,Nora,Bernard,nora.bernard768@mail.com,CTY-BCN,ES,2024-10-24,PLAN-PAYG,false,active,1997
I,2026-04-01T00:00:00Z,RD-000568,OP-002,Marta,Fischer,marta.fischer799@correo.es,CTY-BCN,ES,2025-04-03,PLAN-PAYG,true,active,1992
I,2026-04-01T00:00:00Z,RD-000569,OP-001,Karim,Kowalski,karim.kowalski916@outlook.com,CTY-BCN,ES,2026-01-24,PLAN-PAYG,true,active,1975
I,2026-04-01T00:00:00Z,RD-000570,OP-002,Ivan,Novak,ivan.novak128@mail.com,CTY-BCN,ES,2026-01-11,PLAN-PAYG,false,active,1990
I,2026-04-01T00:00:00Z,RD-000572,OP-002,Diego,Haddad,diego.haddad732@proton.me,CTY-BCN,ES,2024-01-17,PLAN-TOURIST,true,active,1987
I,2026-04-01T00:00:00Z,RD-000573,OP-002,Manon,Benali,manon.benali966@proton.me,CTY-BCN,ES,2025-09-30,PLAN-COMMUTE,false,active,2004
I,2026-04-01T00:00:00Z,RD-000574,OP-002,Joan,Almeida,JOAN.ALMEIDA423@CORREO.ES,CTY-BCN,ES,2026-02-16,PLAN-PAYG,false,active,1990
I,2026-04-01T00:00:00Z,RD-000575,OP-002,Nadia,Bernard,NADIA.BERNARD45@CORREO.ES,CTY-BCN,ES,2025-01-28,PLAN-PAYG,false,active,1976
I,2026-04-01T00:00:00Z,RD-000576,OP-002,Pablo,Nilsson,pablo.nilsson909@gmx.de,CTY-BCN,ES,2025-05-27,PLAN-COMMUTE,true,active,1973
I,2026-04-01T00:00:00Z,RD-000578,OP-002,Freja,Haddad,freja.haddad418@outlook.com,CTY-BCN,ES,2024-02-26,PLAN-COMMUTE,false,active,1971
I,2026-04-01T00:00:00Z,RD-000579,OP-002,Freja,Novak,freja.novak428@mail.com,CTY-BCN,ES,2026-02-21,PLAN-COMMUTE,true,active,1975
I,2026-04-01T00:00:00Z,RD-000580,OP-001,Diego,Roux,diego.roux234@outlook.com,CTY-BCN,ES,2026-01-11,PLAN-COMMUTE,false,active,2004
I,2026-04-01T00:00:00Z,RD-000581,OP-001,Louis,Benali,louis.benali250@outlook.com,CTY-BCN,ES,2025-10-27,PLAN-PAYG,true,active,1980
I,2026-04-01T00:00:00Z,RD-000582,OP-001,Yasmin,Garcia,yasmin.garcia909@mail.com,CTY-BCN,ES,2025-02-21,PLAN-TOURIST,false,active,1983
I,2026-04-01T00:00:00Z,RD-000583,OP-001,Marta,Roux,marta.roux151@proton.me,CTY-BCN,ES,2026-03-13,PLAN-COMMUTE,false,active,1996
I,2026-04-01T00:00:00Z,RD-000584,OP-002,Louis,Vidal,louis.vidal96@outlook.com,CTY-BCN,ES,2024-09-29,PLAN-PAYG,false,active,1984
I,2026-04-01T00:00:00Z,RD-000586,OP-001,Louis,Kowalski,louis.kowalski195@outlook.com,CTY-BCN,ES,2026-02-23,PLAN-PAYG,false,active,1969
I,2026-04-01T00:00:00Z,RD-000587,OP-001,Sofia,Andersson,sofia.andersson555@correo.es,CTY-BCN,ES,2025-02-12,PLAN-PAYG,false,active,1994
I,2026-04-01T00:00:00Z,RD-000589,OP-001,Marta,Kowalski,marta.kowalski615@proton.me,CTY-BCN,ES,2025-03-20,PLAN-UNLIMITED,false,active,1966
I,2026-04-01T00:00:00Z,RD-000590,OP-001,Joan,Moreno,joan.moreno397@outlook.com,CTY-BCN,ES,2026-02-20,PLAN-PAYG,true,active,2004
I,2026-04-01T00:00:00Z,RD-000592,OP-002,Aina,Weber,AINA.WEBER960@CORREO.ES,CTY-BCN,ES,2024-10-12,PLAN-COMMUTE,true,active,1968
I,2026-04-01T00:00:00Z,RD-000593,OP-002,Joan,Dubois,joan.dubois884@outlook.com,CTY-BCN,ES,2024-06-30,PLAN-PAYG,false,active,2003
I,2026-04-01T00:00:00Z,RD-000594,OP-002,Nils,Novak,nils.novak378@correo.es,CTY-BCN,ES,2026-01-17,PLAN-COMMUTE,false,active,1963
I,2026-04-01T00:00:00Z,RD-000595,OP-002,Nadia,Martin,nadia.martin289@proton.me,CTY-BCN,ES,2025-09-05,PLAN-PAYG,false,active,1970
I,2026-04-01T00:00:00Z,RD-000596,OP-001,Thomas,Almeida,thomas.almeida688@correo.es,CTY-BCN,ES,2025-02-25,PLAN-COMMUTE,false,active,1963
I,2026-04-01T00:00:00Z,RD-000598,OP-001,Beatriz,Rossi,beatriz.rossi788@gmx.de,CTY-BCN,ES,2024-03-09,PLAN-PAYG,false,active,1966
I,2026-04-01T00:00:00Z,RD-000599,OP-002,Nora,Andersson,nora.andersson92@correo.es,CTY-BCN,ES,2024-08-25,PLAN-CORP,false,active,1984
I,2026-04-01T00:00:00Z,RD-000600,OP-002,Chloe,Serra,chloe.serra112@proton.me,CTY-BCN,ES,2025-02-14,PLAN-PAYG,true,active,1991
I,2026-04-01T00:00:00Z,RD-000601,OP-001,Marta,Andersson,marta.andersson695@mail.com,CTY-BCN,ES,2024-06-17,PLAN-PAYG,true,active,1962
I,2026-04-01T00:00:00Z,RD-000602,OP-002,Freja,Moreno,freja.moreno244@outlook.com,CTY-BCN,ES,2025-03-08,PLAN-TOURIST,false,active,1970
I,2026-04-01T00:00:00Z,RD-000603,OP-002,Astrid,Martin,astrid.martin386@mail.com,CTY-BCN,ES,2024-12-19,PLAN-PAYG,false,active,1966
I,2026-04-01T00:00:00Z,RD-000604,OP-002,Nadia,Kowalski,nadia.kowalski271@outlook.com,CTY-BCN,ES,2024-11-10,PLAN-PAYG,true,active,1999
I,2026-04-01T00:00:00Z,RD-000605,OP-002,Elin,Ferrer,elin.ferrer302@outlook.com,CTY-BCN,ES,2025-02-09,PLAN-PAYG,true,active,1989
I,2026-04-01T00:00:00Z,RD-000606,OP-001,Sofia,Nilsson,sofia.nilsson463@correo.es,CTY-BCN,ES,2024-08-30,PLAN-COMMUTE,true,active,1987
I,2026-04-01T00:00:00Z,RD-000607,OP-002,Hugo,Novak, hugo.novak26@outlook.com ,CTY-BCN,ES,2024-05-25,PLAN-COMMUTE,false,active,1971
I,2026-04-01T00:00:00Z,RD-000608,OP-001,Ines,Serra,ines.serra15@correo.es,CTY-BCN,ES,2024-03-17,PLAN-COMMUTE,false,active,1999
I,2026-04-01T00:00:00Z,RD-000609,OP-002,Tiago,Serra,tiago.serra268@outlook.com,CTY-BCN,ES,2024-07-17,PLAN-UNLIMITED,false,active,1972
I,2026-04-01T00:00:00Z,RD-000611,OP-002,Karim,Roux,karim.roux869@outlook.com,CTY-BCN,ES,2024-04-27,PLAN-PAYG,false,active,1988
I,2026-04-01T00:00:00Z,RD-000612,OP-002,Marta,Silva,marta.silva461@mail.com,CTY-BCN,ES,2026-02-07,PLAN-PAYG,false,active,1987
I,2026-04-01T00:00:00Z,RD-000613,OP-002,Louis,Moreno,louis.moreno63@proton.me,CTY-BCN,ES,2025-12-17,PLAN-UNLIMITED,false,active,1977
I,2026-04-01T00:00:00Z,RD-000616,OP-002,Louis,Serra,louis.serra696@gmx.de,CTY-BCN,ES,2025-02-06,PLAN-PAYG,false,active,1996
I,2026-04-01T00:00:00Z,RD-000617,OP-002,Astrid,Moreno,astrid.moreno584@correo.es,CTY-BCN,ES,2025-02-18,PLAN-COMMUTE,true,active,1966
I,2026-04-01T00:00:00Z,RD-000618,OP-002,Beatriz,Vidal,beatriz.vidal993@proton.me,CTY-BCN,ES,2025-02-11,PLAN-COMMUTE,true,active,1997
I,2026-04-01T00:00:00Z,RD-000619,OP-001,Beatriz,Roux,beatriz.roux241@proton.me,CTY-BCN,ES,2024-10-01,PLAN-COMMUTE,false,active,1996
I,2026-04-01T00:00:00Z,RD-000620,OP-001,Karim,Garcia,karim.garcia914@mail.com,CTY-BCN,ES,2024-05-09,PLAN-UNLIMITED,true,active,2000
I,2026-04-01T00:00:00Z,RD-000622,OP-002,Diego,Novak,diego.novak346@outlook.com,CTY-BCN,ES,2025-09-12,PLAN-PAYG,true,active,2003
I,2026-04-01T00:00:00Z,RD-000623,OP-002,Lucia,Nilsson,lucia.nilsson559@outlook.com,CTY-BCN,ES,2025-10-03,PLAN-PAYG,true,active,2006
I,2026-04-01T00:00:00Z,RD-000624,OP-002,Oskar,Costa, oskar.costa910@gmx.de ,CTY-BCN,ES,2024-07-02,PLAN-PAYG,false,active,1969
I,2026-04-01T00:00:00Z,RD-000625,OP-001,Nora,Roux,nora.roux192@mail.com,CTY-BCN,ES,2025-11-03,PLAN-UNLIMITED,false,active,1979
I,2026-04-01T00:00:00Z,RD-000626,OP-002,Freja,Weber,freja.weber66@proton.me,CTY-BCN,ES,2025-09-20,PLAN-PAYG,false,active,1986
I,2026-04-01T00:00:00Z,RD-000627,OP-001,Tiago,Vidal,tiago.vidal938@proton.me,CTY-BCN,ES,2025-08-11,PLAN-PAYG,true,active,1970
I,2026-04-01T00:00:00Z,RD-000628,OP-002,Elin,Bernard,elin.bernard768@mail.com,CTY-BCN,ES,2025-05-20,PLAN-COMMUTE,false,active,2005
I,2026-04-01T00:00:00Z,RD-000629,OP-002,Ines,Garcia,ines.garcia699@correo.es,CTY-BCN,ES,2024-07-09,PLAN-PAYG,false,active,1963
I,2026-04-01T00:00:00Z,RD-000630,OP-001,Louis,Costa,louis.costa391@outlook.com,CTY-BCN,ES,2025-02-03,PLAN-PAYG,false,active,1998
I,2026-04-01T00:00:00Z,RD-000631,OP-002,Joan,Garcia,joan.garcia287@outlook.com,CTY-BCN,ES,2024-06-20,PLAN-PAYG,false,active,1985
I,2026-04-01T00:00:00Z,RD-000632,OP-002,Sofia,Berg,sofia.berg403@proton.me,CTY-BCN,ES,2025-06-20,PLAN-COMMUTE,true,active,1970
I,2026-04-01T00:00:00Z,RD-000633,OP-002,Pablo,Berg, pablo.berg811@correo.es ,CTY-BCN,ES,2025-10-15,PLAN-COMMUTE,false,active,1974
I,2026-04-01T00:00:00Z,RD-000634,OP-001,Yasmin,Lindqvist,yasmin.lindqvist560@outlook.com,CTY-BCN,ES,2024-07-18,PLAN-UNLIMITED,false,active,1987
I,2026-04-01T00:00:00Z,RD-000635,OP-002,Sofia,Lindqvist,SOFIA.LINDQVIST21@PROTON.ME,CTY-BCN,ES,2025-11-27,PLAN-PAYG,false,active,1986
I,2026-04-01T00:00:00Z,RD-000636,OP-002,Omar,Martin,omar.martin399@correo.es,CTY-BCN,ES,2024-12-17,PLAN-TOURIST,true,active,1987
I,2026-04-01T00:00:00Z,RD-000637,OP-001,Beatriz,Lindqvist,beatriz.lindqvist352@outlook.com,CTY-BCN,ES,2024-08-15,PLAN-COMMUTE,false,active,1968
I,2026-04-01T00:00:00Z,RD-000638,OP-002,Nils,Moreno,NILS.MORENO482@PROTON.ME,CTY-BCN,ES,2025-12-28,PLAN-PAYG,false,active,2004
I,2026-04-01T00:00:00Z,RD-000639,OP-001,Sofia,Almeida,sofia.almeida333@mail.com,CTY-BCN,ES,2025-07-26,PLAN-COMMUTE,false,active,2005
I,2026-04-01T00:00:00Z,RD-000640,OP-002,Diego,Berg,diego.berg314@outlook.com,CTY-BCN,ES,2024-07-17,PLAN-PAYG,true,active,1969
I,2026-04-01T00:00:00Z,RD-000641,OP-002,Omar,Martin,omar.martin49@correo.es,CTY-BCN,ES,2024-06-17,PLAN-PAYG,false,active,1999
I,2026-04-01T00:00:00Z,RD-000642,OP-001,Ivan,Berg,ivan.berg859@gmx.de,CTY-BCN,ES,2024-03-29,PLAN-PAYG,false,active,1967
I,2026-04-01T00:00:00Z,RD-000643,OP-002,Omar,Berg,OMAR.BERG448@CORREO.ES,CTY-BCN,ES,2024-11-30,PLAN-PAYG,true,active,1995
I,2026-04-01T00:00:00Z,RD-000644,OP-002,Hugo,Costa,hugo.costa838@proton.me,CTY-BCN,ES,2024-08-07,PLAN-PAYG,true,active,1977
I,2026-04-01T00:00:00Z,RD-000645,OP-002,Antoine,Pereira,antoine.pereira47@mail.com,CTY-BCN,ES,2024-11-20,PLAN-CORP,false,active,1971
I,2026-04-01T00:00:00Z,RD-000646,OP-001,Chloe,Novak,chloe.novak974@mail.com,CTY-BCN,ES,2024-10-17,PLAN-PAYG,false,active,1973
I,2026-04-01T00:00:00Z,RD-000647,OP-002,Astrid,Almeida,astrid.almeida713@outlook.com,CTY-BCN,ES,2024-05-04,PLAN-PAYG,true,active,2000
I,2026-04-01T00:00:00Z,RD-000648,OP-001,Thomas,Vidal,thomas.vidal279@gmx.de,CTY-BCN,ES,2024-01-07,PLAN-PAYG,false,active,1987
I,2026-04-01T00:00:00Z,RD-000649,OP-001,Hugo,Vidal,hugo.vidal829@proton.me,CTY-BCN,ES,2025-07-24,PLAN-PAYG,false,active,1999
I,2026-04-01T00:00:00Z,RD-000650,OP-001,Ines,Pereira,ines.pereira552@proton.me,CTY-BCN,ES,2025-04-05,PLAN-PAYG,true,active,1970
I,2026-04-01T00:00:00Z,RD-000651,OP-002,Emil,Rossi,emil.rossi759@gmx.de,CTY-BCN,ES,2024-12-11,PLAN-PAYG,false,active,2008
I,2026-04-01T00:00:00Z,RD-000652,OP-001,Beatriz,Pereira,beatriz.pereira888@gmx.de,CTY-BCN,ES,2026-03-26,PLAN-COMMUTE,false,active,1973
I,2026-04-01T00:00:00Z,RD-000653,OP-002,Ines,Vidal,ines.vidal933@mail.com,CTY-BCN,ES,2025-09-21,PLAN-TOURIST,false,active,1983
I,2026-04-01T00:00:00Z,RD-000654,OP-001,Marta,Vidal,marta.vidal904@mail.com,CTY-BCN,ES,2024-01-07,PLAN-PAYG,false,active,1985
I,2026-04-01T00:00:00Z,RD-000657,OP-002,Emil,Ferrer,emil.ferrer649@proton.me,CTY-BCN,ES,2025-10-10,PLAN-PAYG,true,active,2005
I,2026-04-01T00:00:00Z,RD-000659,OP-002,Rui,Rossi,rui.rossi987@correo.es,CTY-BCN,ES,2025-05-26,PLAN-PAYG,false,active,2008
I,2026-04-01T00:00:00Z,RD-000660,OP-002,Diego,Novak,diego.novak7@correo.es,CTY-BCN,ES,2026-02-03,PLAN-PAYG,true,active,1985
I,2026-04-01T00:00:00Z,RD-000661,OP-001,Diego,Andersson,diego.andersson539@correo.es,CTY-BCN,ES,2024-03-12,PLAN-STUDENT,true,active,2007
I,2026-04-01T00:00:00Z,RD-000662,OP-001,Tiago,Fischer,tiago.fischer137@correo.es,CTY-BCN,ES,2026-01-24,PLAN-STUDENT,true,active,1974
I,2026-04-01T00:00:00Z,RD-000663,OP-001,Rui,Vidal,rui.vidal8@gmx.de,CTY-BCN,ES,2025-10-22,PLAN-COMMUTE,true,active,1986
I,2026-04-01T00:00:00Z,RD-000664,OP-001,Thomas,Garcia,thomas.garcia251@proton.me,CTY-BCN,ES,2025-06-16,PLAN-PAYG,true,active,1975
I,2026-04-01T00:00:00Z,RD-000665,OP-002,Chloe,Roux,chloe.roux546@correo.es,CTY-BCN,ES,2024-01-25,PLAN-COMMUTE,false,active,1995
I,2026-04-01T00:00:00Z,RD-000666,OP-002,Sofia,Kowalski,SOFIA.KOWALSKI362@MAIL.COM,CTY-BCN,ES,2024-06-30,PLAN-UNLIMITED,false,active,1984
I,2026-04-01T00:00:00Z,RD-000667,OP-002,Elin,Berg,elin.berg576@gmx.de,CTY-BCN,ES,2025-01-06,PLAN-PAYG,false,active,1971
I,2026-04-01T00:00:00Z,RD-000668,OP-001,Karim,Haddad,karim.haddad146@outlook.com,CTY-BCN,ES,2024-11-29,PLAN-PAYG,false,active,1986
I,2026-04-01T00:00:00Z,RD-000669,OP-002,Nadia,Kowalski,nadia.kowalski105@proton.me,CTY-BCN,ES,2026-01-17,PLAN-PAYG,true,active,2007
I,2026-04-01T00:00:00Z,RD-000670,OP-002,Astrid,Moreno,astrid.moreno65@proton.me,CTY-BCN,ES,2024-06-28,PLAN-COMMUTE,true,active,1990
I,2026-04-01T00:00:00Z,RD-000671,OP-002,Antoine,Rossi,antoine.rossi672@outlook.com,CTY-BCN,ES,2025-08-01,PLAN-CORP,true,active,1982
I,2026-04-01T00:00:00Z,RD-000672,OP-002,Hugo,Serra,hugo.serra932@outlook.com,CTY-BCN,ES,2025-08-03,PLAN-PAYG,false,active,1972
I,2026-04-01T00:00:00Z,RD-000673,OP-002,Pablo,Conti,pablo.conti674@outlook.com,CTY-BCN,ES,2024-11-30,PLAN-PAYG,false,active,1977
I,2026-04-01T00:00:00Z,RD-000674,OP-002,Tiago,Roux,tiago.roux333@gmx.de,CTY-BCN,ES,2024-06-19,PLAN-COMMUTE,true,active,1998
I,2026-04-01T00:00:00Z,RD-000675,OP-002,Karim,Roux,karim.roux963@gmx.de,CTY-BCN,ES,2025-07-23,PLAN-PAYG,true,active,1993
I,2026-04-01T00:00:00Z,RD-000676,OP-002,Thomas,Novak,thomas.novak904@proton.me,CTY-BCN,ES,2026-01-31,PLAN-PAYG,false,active,1980
I,2026-04-01T00:00:00Z,RD-000677,OP-002,Ivan,Garcia,ivan.garcia887@gmx.de,CTY-BCN,ES,2024-09-24,PLAN-COMMUTE,false,active,2001
I,2026-04-01T00:00:00Z,RD-000678,OP-002,Chloe,Conti,chloe.conti619@outlook.com,CTY-BCN,ES,2025-04-02,PLAN-PAYG,true,active,1998
I,2026-04-01T00:00:00Z,RD-000679,OP-002,Emil,Almeida,EMIL.ALMEIDA625@OUTLOOK.COM,CTY-BCN,ES,2024-02-26,PLAN-COMMUTE,false,active,1962
I,2026-04-01T00:00:00Z,RD-000680,OP-002,Omar,Martin,omar.martin503@gmx.de,CTY-BCN,ES,2024-08-07,PLAN-PAYG,true,active,1970
I,2026-04-01T00:00:00Z,RD-000681,OP-001,Aina,Garcia,aina.garcia996@mail.com,CTY-BCN,ES,2026-02-09,PLAN-PAYG,false,active,1987
I,2026-04-01T00:00:00Z,RD-000682,OP-002,Thomas,Fischer,thomas.fischer562@correo.es,CTY-BCN,ES,2024-02-25,PLAN-PAYG,true,active,1978
I,2026-04-01T00:00:00Z,RD-000684,OP-002,Louis,Andersson,louis.andersson722@gmx.de,CTY-BCN,ES,2026-01-09,PLAN-COMMUTE,false,active,1973
I,2026-04-01T00:00:00Z,RD-000685,OP-002,Ivan,Novak,ivan.novak818@mail.com,CTY-BCN,ES,2024-03-03,PLAN-PAYG,false,active,1981
I,2026-04-01T00:00:00Z,RD-000688,OP-002,Manon,Vidal,manon.vidal798@outlook.com,CTY-BCN,ES,2024-06-20,PLAN-COMMUTE,true,active,1967
I,2026-04-01T00:00:00Z,RD-000689,OP-002,Diego,Andersson,diego.andersson889@outlook.com,CTY-BCN,ES,2025-10-31,PLAN-PAYG,true,active,1962
I,2026-04-01T00:00:00Z,RD-000690,OP-001,Beatriz,Pereira,beatriz.pereira216@outlook.com,CTY-BCN,ES,2024-03-25,PLAN-PAYG,true,active,1971
I,2026-04-01T00:00:00Z,RD-000691,OP-002,Sofia,Garcia,SOFIA.GARCIA708@MAIL.COM,CTY-BCN,ES,2026-01-19,PLAN-PAYG,true,active,1982
I,2026-04-01T00:00:00Z,RD-000692,OP-001,Omar,Rossi,omar.rossi478@correo.es,CTY-BCN,ES,2025-02-23,PLAN-PAYG,true,active,1969
I,2026-04-01T00:00:00Z,RD-000693,OP-002,Pablo,Almeida,pablo.almeida936@correo.es,CTY-BCN,ES,2024-05-12,PLAN-PAYG,true,active,1990
I,2026-04-01T00:00:00Z,RD-000694,OP-002,Aina,Conti,aina.conti948@outlook.com,CTY-BCN,ES,2026-01-30,PLAN-COMMUTE,true,active,1974
I,2026-04-01T00:00:00Z,RD-000695,OP-002,Omar,Benali,omar.benali38@gmx.de,CTY-BCN,ES,2024-08-07,PLAN-COMMUTE,false,active,1986
I,2026-04-01T00:00:00Z,RD-000696,OP-002,Elin,Andersson,elin.andersson184@proton.me,CTY-BCN,ES,2025-11-07,PLAN-COMMUTE,false,active,1995
I,2026-04-01T00:00:00Z,RD-000697,OP-001,Pablo,Vidal,pablo.vidal181@mail.com,CTY-BCN,ES,2024-10-15,PLAN-PAYG,true,active,1997
I,2026-04-01T00:00:00Z,RD-000698,OP-002,Astrid,Bernard,ASTRID.BERNARD423@PROTON.ME,CTY-BCN,ES,2024-05-23,PLAN-UNLIMITED,false,active,1979
I,2026-04-01T00:00:00Z,RD-000699,OP-002,Lucia,Weber, lucia.weber359@outlook.com ,CTY-BCN,ES,2024-05-11,PLAN-PAYG,false,active,1972
I,2026-04-01T00:00:00Z,RD-000700,OP-001,Thomas,Almeida,thomas.almeida830@mail.com,CTY-BCN,ES,2024-03-08,PLAN-STUDENT,true,active,2007
I,2026-04-01T00:00:00Z,RD-000701,OP-002,Louis,Haddad,louis.haddad798@outlook.com,CTY-BCN,ES,2024-05-11,PLAN-PAYG,true,active,1968
I,2026-04-01T00:00:00Z,RD-000702,OP-002,Lucia,Berg, lucia.berg789@proton.me ,CTY-BCN,ES,2024-10-09,PLAN-UNLIMITED,false,active,1991
I,2026-04-01T00:00:00Z,RD-000703,OP-002,Beatriz,Novak,BEATRIZ.NOVAK832@MAIL.COM,CTY-BCN,ES,2024-05-13,PLAN-PAYG,true,active,1979
I,2026-04-01T00:00:00Z,RD-000704,OP-001,Marta,Vidal,marta.vidal433@mail.com,CTY-BCN,ES,2024-02-25,PLAN-PAYG,true,active,1992
I,2026-04-01T00:00:00Z,RD-000705,OP-002,Ivan,Roux,ivan.roux171@outlook.com,CTY-BCN,ES,2024-03-02,PLAN-COMMUTE,false,active,2008
I,2026-04-01T00:00:00Z,RD-000707,OP-002,Karim,Nilsson,karim.nilsson351@gmx.de,CTY-BCN,ES,2024-04-19,PLAN-PAYG,true,active,2005
I,2026-04-01T00:00:00Z,RD-000708,OP-002,Camille,Novak,camille.novak728@gmx.de,CTY-BCN,ES,2025-12-19,PLAN-PAYG,true,active,1969
I,2026-04-01T00:00:00Z,RD-000709,OP-002,Marta,Benali,marta.benali980@proton.me,CTY-BCN,ES,2025-02-19,PLAN-COMMUTE,false,active,1985
I,2026-04-01T00:00:00Z,RD-000710,OP-002,Nils,Fischer,nils.fischer380@proton.me,CTY-BCN,ES,2024-03-07,PLAN-COMMUTE,false,active,1985
I,2026-04-01T00:00:00Z,RD-000711,OP-001,Diego,Pereira,diego.pereira258@proton.me,CTY-BCN,ES,2024-09-09,PLAN-STUDENT,true,active,1978
I,2026-04-01T00:00:00Z,RD-000712,OP-002,Astrid,Pereira,astrid.pereira569@mail.com,CTY-BCN,ES,2024-02-15,PLAN-COMMUTE,true,active,1964
I,2026-04-01T00:00:00Z,RD-000713,OP-001,Nora,Garcia,nora.garcia812@proton.me,CTY-BCN,ES,2026-01-24,PLAN-PAYG,true,active,1990
I,2026-04-01T00:00:00Z,RD-000714,OP-001,Freja,Berg,freja.berg501@correo.es,CTY-BCN,ES,2024-04-02,PLAN-PAYG,true,active,1996
I,2026-04-01T00:00:00Z,RD-000715,OP-002,Marta,Bernard,marta.bernard687@gmx.de,CTY-BCN,ES,2026-01-14,PLAN-PAYG,true,active,1999
I,2026-04-01T00:00:00Z,RD-000716,OP-002,Marta,Conti,marta.conti722@mail.com,CTY-BCN,ES,2024-12-16,PLAN-PAYG,true,active,1994
I,2026-04-01T00:00:00Z,RD-000717,OP-002,Joan,Pereira,joan.pereira56@proton.me,CTY-BCN,ES,2024-09-09,PLAN-COMMUTE,false,active,1967
I,2026-04-01T00:00:00Z,RD-000718,OP-002,Joan,Nilsson,joan.nilsson977@gmx.de,CTY-BCN,ES,2025-06-27,PLAN-PAYG,true,active,1987
I,2026-04-01T00:00:00Z,RD-000719,OP-002,Hugo,Moreno,hugo.moreno18@outlook.com,CTY-BCN,ES,2024-01-26,PLAN-PAYG,false,active,1996
I,2026-04-01T00:00:00Z,RD-000720,OP-002,Karim,Bernard,karim.bernard437@proton.me,CTY-BCN,ES,2025-04-02,PLAN-COMMUTE,false,active,1963
I,2026-04-01T00:00:00Z,RD-000721,OP-002,Nora,Moreno,nora.moreno204@correo.es,CTY-BCN,ES,2024-12-07,PLAN-COMMUTE,true,active,1990
I,2026-04-01T00:00:00Z,RD-000722,OP-001,Omar,Berg,omar.berg448@correo.es,CTY-BCN,ES,2025-02-07,PLAN-PAYG,true,active,1995
I,2026-04-01T00:00:00Z,RD-000723,OP-002,Ivan,Vidal,ivan.vidal20@mail.com,CTY-BCN,ES,2025-05-01,PLAN-PAYG,false,active,1987
I,2026-04-01T00:00:00Z,RD-000724,OP-002,Nils,Pereira,nils.pereira642@outlook.com,CTY-BCN,ES,2024-12-04,PLAN-PAYG,true,active,1969
I,2026-04-01T00:00:00Z,RD-000725,OP-002,Joan,Dubois,joan.dubois479@mail.com,CTY-BCN,ES,2025-11-13,PLAN-UNLIMITED,true,active,1963
I,2026-04-01T00:00:00Z,RD-000726,OP-002,Thomas,Novak,thomas.novak557@outlook.com,CTY-BCN,ES,2024-08-29,PLAN-PAYG,false,active,1998
I,2026-04-01T00:00:00Z,RD-000727,OP-002,Marta,Silva,marta.silva68@gmx.de,CTY-BCN,ES,2025-12-25,PLAN-COMMUTE,true,active,1978
I,2026-04-01T00:00:00Z,RD-000729,OP-002,Antoine,Benali,antoine.benali655@correo.es,CTY-BCN,ES,2025-05-19,PLAN-COMMUTE,true,active,1991
I,2026-04-01T00:00:00Z,RD-000731,OP-001,Nils,Almeida,nils.almeida222@proton.me,CTY-BCN,ES,2024-06-01,PLAN-PAYG,true,active,1993
I,2026-04-01T00:00:00Z,RD-000732,OP-002,Emil,Haddad,emil.haddad851@correo.es,CTY-BCN,ES,2024-08-26,PLAN-COMMUTE,false,active,1973
I,2026-04-01T00:00:00Z,RD-000733,OP-002,Nora,Conti,nora.conti686@outlook.com,CTY-BCN,ES,2025-06-11,PLAN-COMMUTE,true,active,2001
I,2026-04-01T00:00:00Z,RD-000734,OP-002,Astrid,Fischer,astrid.fischer843@gmx.de,CTY-BCN,ES,2025-12-29,PLAN-PAYG,false,active,2004
I,2026-04-01T00:00:00Z,RD-000735,OP-002,Thomas,Roux, thomas.roux482@outlook.com ,CTY-BCN,ES,2024-02-22,PLAN-STUDENT,true,active,1988
I,2026-04-01T00:00:00Z,RD-000736,OP-002,Lucia,Pereira,lucia.pereira677@mail.com,CTY-BCN,ES,2024-06-11,PLAN-COMMUTE,false,active,1968
I,2026-04-01T00:00:00Z,RD-000737,OP-001,Karim,Roux,karim.roux86@correo.es,CTY-BCN,ES,2026-03-29,PLAN-PAYG,false,active,1971
I,2026-04-01T00:00:00Z,RD-000738,OP-002,Nadia,Moreno,nadia.moreno986@mail.com,CTY-BCN,ES,2025-03-31,PLAN-COMMUTE,false,active,2004
I,2026-04-01T00:00:00Z,RD-000740,OP-002,Tiago,Vidal,tiago.vidal463@gmx.de,CTY-BCN,ES,2024-05-03,PLAN-PAYG,true,active,1998
I,2026-04-01T00:00:00Z,RD-000741,OP-002,Astrid,Bernard,astrid.bernard553@correo.es,CTY-BCN,ES,2024-01-12,PLAN-PAYG,true,active,1978
I,2026-04-01T00:00:00Z,RD-000742,OP-002,Tiago,Ferrer,tiago.ferrer485@mail.com,CTY-BCN,ES,2024-11-23,PLAN-STUDENT,true,active,1974
I,2026-04-01T00:00:00Z,RD-000743,OP-002,Freja,Haddad,freja.haddad413@mail.com,CTY-BCN,ES,2025-09-01,PLAN-COMMUTE,true,active,1972
I,2026-04-01T00:00:00Z,RD-000744,OP-002,Ines,Martin,ines.martin277@correo.es,CTY-BCN,ES,2025-08-27,PLAN-COMMUTE,false,active,1997
I,2026-04-01T00:00:00Z,RD-000745,OP-002,Nadia,Bernard,nadia.bernard771@proton.me,CTY-BCN,ES,2026-01-13,PLAN-COMMUTE,false,active,2004
I,2026-04-01T00:00:00Z,RD-000746,OP-002,Camille,Ferrer,camille.ferrer364@correo.es,CTY-BCN,ES,2025-08-25,PLAN-COMMUTE,false,active,1967
I,2026-04-01T00:00:00Z,RD-000747,OP-002,Antoine,Haddad,antoine.haddad438@mail.com,CTY-BCN,ES,2024-12-29,PLAN-PAYG,true,active,1973
I,2026-04-01T00:00:00Z,RD-000749,OP-002,Freja,Costa,freja.costa595@proton.me,CTY-BCN,ES,2025-04-16,PLAN-PAYG,true,active,2000
I,2026-04-01T00:00:00Z,RD-000750,OP-002,Omar,Pereira,omar.pereira856@outlook.com,CTY-BCN,ES,2024-10-16,PLAN-PAYG,true,active,2008
I,2026-04-01T00:00:00Z,RD-000751,OP-002,Sofia,Benali,sofia.benali464@outlook.com,CTY-BCN,ES,2024-09-29,PLAN-PAYG,true,active,1990
I,2026-04-01T00:00:00Z,RD-000752,OP-002,Marta,Vidal,marta.vidal396@correo.es,CTY-BCN,ES,2024-04-14,PLAN-PAYG,false,active,1999
I,2026-04-01T00:00:00Z,RD-000753,OP-001,Manon,Lindqvist,manon.lindqvist282@outlook.com,CTY-BCN,ES,2025-02-20,PLAN-PAYG,true,active,1994
I,2026-04-01T00:00:00Z,RD-000754,OP-001,Beatriz,Fischer,beatriz.fischer548@proton.me,CTY-BCN,ES,2024-09-29,PLAN-PAYG,true,active,2001
I,2026-04-01T00:00:00Z,RD-000755,OP-002,Joan,Pereira,joan.pereira405@proton.me,CTY-BCN,ES,2024-09-21,PLAN-PAYG,false,active,2000
I,2026-04-01T00:00:00Z,RD-000756,OP-002,Beatriz,Lopez,beatriz.lopez854@mail.com,CTY-BCN,ES,2025-09-30,PLAN-PAYG,true,active,1975
I,2026-04-01T00:00:00Z,RD-000757,OP-002,Rui,Ferrer, rui.ferrer819@correo.es ,CTY-BCN,ES,2026-02-13,PLAN-PAYG,true,active,1970
I,2026-04-01T00:00:00Z,RD-000758,OP-002,Chloe,Pereira,chloe.pereira487@proton.me,CTY-BCN,ES,2024-08-06,PLAN-UNLIMITED,false,active,1973
I,2026-04-01T00:00:00Z,RD-000759,OP-001,Ivan,Ferrer,ivan.ferrer570@outlook.com,CTY-BCN,ES,2024-11-24,PLAN-PAYG,false,active,2006
I,2026-04-01T00:00:00Z,RD-000760,OP-002,Marta,Serra,marta.serra769@gmx.de,CTY-BCN,ES,2024-10-12,PLAN-PAYG,false,active,1969
I,2026-04-01T00:00:00Z,RD-000761,OP-002,Rui,Moreno,rui.moreno33@correo.es,CTY-BCN,ES,2025-10-27,PLAN-COMMUTE,false,active,1963
I,2026-04-01T00:00:00Z,RD-000763,OP-002,Thomas,Ferrer, thomas.ferrer445@proton.me ,CTY-BCN,ES,2024-09-21,PLAN-COMMUTE,true,active,1966
I,2026-04-01T00:00:00Z,RD-000764,OP-002,Tiago,Conti,tiago.conti473@outlook.com,CTY-BCN,ES,2025-02-14,PLAN-PAYG,false,active,1967
I,2026-04-01T00:00:00Z,RD-000766,OP-001,Camille,Almeida,camille.almeida433@outlook.com,CTY-BCN,ES,2025-07-13,PLAN-COMMUTE,true,active,2006
I,2026-04-01T00:00:00Z,RD-000767,OP-002,Beatriz,Almeida,beatriz.almeida451@gmx.de,CTY-BCN,ES,2025-07-16,PLAN-UNLIMITED,false,active,1998
I,2026-04-01T00:00:00Z,RD-000768,OP-001,Diego,Rossi,diego.rossi336@gmx.de,CTY-BCN,ES,2024-04-02,PLAN-COMMUTE,false,active,2004
I,2026-04-01T00:00:00Z,RD-000769,OP-002,Joan,Moreno,joan.moreno740@outlook.com,CTY-BCN,ES,2024-05-18,PLAN-COMMUTE,true,active,2005
I,2026-04-01T00:00:00Z,RD-000770,OP-001,Manon,Martin,manon.martin714@proton.me,CTY-BCN,ES,2024-09-09,PLAN-UNLIMITED,true,active,1984
I,2026-04-01T00:00:00Z,RD-000771,OP-002,Pablo,Lopez,pablo.lopez700@mail.com,CTY-BCN,ES,2025-03-08,PLAN-PAYG,false,active,1975
I,2026-04-01T00:00:00Z,RD-000772,OP-002,Nils,Silva,nils.silva664@correo.es,CTY-BCN,ES,2025-12-27,PLAN-PAYG,false,active,1982
I,2026-04-01T00:00:00Z,RD-000773,OP-002,Oskar,Benali,oskar.benali8@mail.com,CTY-BCN,ES,2025-05-12,PLAN-PAYG,false,active,1970
I,2026-04-01T00:00:00Z,RD-000774,OP-001,Diego,Bernard,diego.bernard184@mail.com,CTY-BCN,ES,2024-09-13,PLAN-PAYG,false,active,1986
I,2026-04-01T00:00:00Z,RD-000775,OP-001,Louis,Berg,louis.berg883@outlook.com,CTY-BCN,ES,2026-01-28,PLAN-COMMUTE,false,active,1993
I,2026-04-01T00:00:00Z,RD-000776,OP-002,Nils,Ferrer,nils.ferrer269@correo.es,CTY-BCN,ES,2025-03-22,PLAN-PAYG,false,active,1982
I,2026-04-01T00:00:00Z,RD-000777,OP-002,Nils,Costa,nils.costa349@outlook.com,CTY-BCN,ES,2025-03-29,PLAN-UNLIMITED,false,active,1981
I,2026-04-01T00:00:00Z,RD-000778,OP-001,Manon,Silva,manon.silva801@outlook.com,CTY-BCN,ES,2024-07-15,PLAN-STUDENT,true,active,1989
I,2026-04-01T00:00:00Z,RD-000779,OP-001,Aina,Lindqvist,aina.lindqvist265@proton.me,CTY-BCN,ES,2025-01-13,PLAN-UNLIMITED,true,active,2002
I,2026-04-01T00:00:00Z,RD-000780,OP-002,Beatriz,Lindqvist, beatriz.lindqvist828@proton.me ,CTY-BCN,ES,2025-12-18,PLAN-PAYG,false,active,1990
I,2026-04-01T00:00:00Z,RD-000781,OP-002,Rui,Costa,rui.costa10@proton.me,CTY-BCN,ES,2024-02-24,PLAN-PAYG,true,active,1969
I,2026-04-01T00:00:00Z,RD-000782,OP-002,Hugo,Vidal,hugo.vidal818@proton.me,CTY-BCN,ES,2026-02-19,PLAN-PAYG,false,active,2006
I,2026-04-01T00:00:00Z,RD-000783,OP-002,Louis,Martin,louis.martin783@gmx.de,CTY-BCN,ES,2024-05-17,PLAN-COMMUTE,false,active,1963
I,2026-04-01T00:00:00Z,RD-000784,OP-002,Pablo,Lopez,pablo.lopez103@mail.com,CTY-BCN,ES,2025-12-27,PLAN-PAYG,false,active,1996
I,2026-04-01T00:00:00Z,RD-000785,OP-002,Antoine,Bernard,antoine.bernard7@outlook.com,CTY-BCN,ES,2024-03-02,PLAN-PAYG,false,active,1999
I,2026-04-01T00:00:00Z,RD-000786,OP-002,Ines,Almeida,ines.almeida573@correo.es,CTY-BCN,ES,2025-05-21,PLAN-PAYG,true,active,1973
I,2026-04-01T00:00:00Z,RD-000787,OP-001,Beatriz,Benali,beatriz.benali455@mail.com,CTY-BCN,ES,2025-01-01,PLAN-UNLIMITED,false,active,1990
I,2026-04-01T00:00:00Z,RD-000788,OP-002,Oskar,Vidal, oskar.vidal595@gmx.de ,CTY-BCN,ES,2024-09-26,PLAN-COMMUTE,false,active,1964
I,2026-04-01T00:00:00Z,RD-000789,OP-002,Aina,Conti,aina.conti55@correo.es,CTY-BCN,ES,2024-06-17,PLAN-PAYG,true,active,1992
I,2026-04-01T00:00:00Z,RD-000790,OP-002,Elin,Lindqvist,elin.lindqvist603@proton.me,CTY-BCN,ES,2025-12-14,PLAN-UNLIMITED,true,active,1991
I,2026-04-01T00:00:00Z,RD-000791,OP-001,Tiago,Costa,tiago.costa173@gmx.de,CTY-BCN,ES,2025-10-12,PLAN-TOURIST,true,active,1981
I,2026-04-01T00:00:00Z,RD-000792,OP-002,Aina,Moreno,aina.moreno770@correo.es,CTY-BCN,ES,2025-12-12,PLAN-PAYG,false,active,1985
I,2026-04-01T00:00:00Z,RD-000793,OP-001,Antoine,Weber,antoine.weber49@mail.com,CTY-BCN,ES,2024-10-01,PLAN-COMMUTE,false,active,1978
I,2026-04-01T00:00:00Z,RD-000794,OP-002,Diego,Novak,diego.novak479@gmx.de,CTY-BCN,ES,2025-10-29,PLAN-COMMUTE,true,active,1966
I,2026-04-01T00:00:00Z,RD-000795,OP-001,Pablo,Vidal,pablo.vidal958@proton.me,CTY-BCN,ES,2024-06-06,PLAN-PAYG,false,active,2005
I,2026-04-01T00:00:00Z,RD-000796,OP-001,Rui,Conti,rui.conti462@proton.me,CTY-BCN,ES,2024-03-27,PLAN-UNLIMITED,false,active,1975
I,2026-04-01T00:00:00Z,RD-000797,OP-002,Ivan,Kowalski,ivan.kowalski695@correo.es,CTY-BCN,ES,2025-10-18,PLAN-PAYG,true,active,1974
I,2026-04-01T00:00:00Z,RD-000798,OP-002,Karim,Roux,karim.roux174@mail.com,CTY-BCN,ES,2025-12-02,PLAN-UNLIMITED,false,active,2007
I,2026-04-01T00:00:00Z,RD-000799,OP-002,Marta,Novak,marta.novak868@mail.com,CTY-BCN,ES,2026-03-31,PLAN-COMMUTE,false,active,1977
I,2026-04-01T00:00:00Z,RD-000800,OP-002,Antoine,Andersson, antoine.andersson465@correo.es ,CTY-BCN,ES,2026-01-01,PLAN-PAYG,true,active,1978
I,2026-04-01T00:00:00Z,RD-000801,OP-002,Thomas,Roux,thomas.roux274@outlook.com,CTY-BCN,ES,2024-05-28,PLAN-UNLIMITED,false,active,1976
I,2026-04-01T00:00:00Z,RD-000803,OP-002,Emil,Bernard,emil.bernard863@proton.me,CTY-BCN,ES,2024-03-09,PLAN-PAYG,true,active,1979
I,2026-04-01T00:00:00Z,RD-000804,OP-001,Sofia,Berg,sofia.berg268@gmx.de,CTY-BCN,ES,2025-01-03,PLAN-PAYG,true,active,1996
I,2026-04-01T00:00:00Z,RD-000805,OP-002,Nadia,Costa,nadia.costa618@outlook.com,CTY-BCN,ES,2025-05-01,PLAN-PAYG,true,active,1962
I,2026-04-01T00:00:00Z,RD-000806,OP-002,Camille,Kowalski,camille.kowalski744@gmx.de,CTY-BCN,ES,2026-03-30,PLAN-PAYG,true,active,1971
I,2026-04-01T00:00:00Z,RD-000807,OP-001,Tiago,Dubois,tiago.dubois677@gmx.de,CTY-BCN,ES,2025-06-08,PLAN-UNLIMITED,false,active,2001
I,2026-04-01T00:00:00Z,RD-000808,OP-002,Beatriz,Haddad,beatriz.haddad541@outlook.com,CTY-BCN,ES,2025-08-23,PLAN-COMMUTE,true,active,1981
I,2026-04-01T00:00:00Z,RD-000809,OP-002,Elin,Martin,elin.martin858@proton.me,CTY-BCN,ES,2024-05-16,PLAN-PAYG,false,active,2005
I,2026-04-01T00:00:00Z,RD-000810,OP-002,Aina,Berg,aina.berg830@mail.com,CTY-BCN,ES,2024-02-07,PLAN-UNLIMITED,false,active,2007
I,2026-04-01T00:00:00Z,RD-000811,OP-002,Sofia,Serra,sofia.serra852@outlook.com,CTY-BCN,ES,2024-07-27,PLAN-COMMUTE,false,active,1972
I,2026-04-01T00:00:00Z,RD-000812,OP-002,Ines,Lindqvist,ines.lindqvist106@correo.es,CTY-BCN,ES,2026-03-22,PLAN-TOURIST,false,active,1963
I,2026-04-01T00:00:00Z,RD-000813,OP-001,Freja,Serra,freja.serra216@correo.es,CTY-BCN,ES,2025-08-03,PLAN-PAYG,true,active,2007
I,2026-04-01T00:00:00Z,RD-000814,OP-001,Beatriz,Roux,beatriz.roux150@mail.com,CTY-BCN,ES,2024-06-20,PLAN-PAYG,true,active,1962
I,2026-04-01T00:00:00Z,RD-000815,OP-002,Hugo,Lindqvist,hugo.lindqvist17@mail.com,CTY-BCN,ES,2024-01-03,PLAN-COMMUTE,false,active,1991
I,2026-04-01T00:00:00Z,RD-000816,OP-002,Nils,Almeida,nils.almeida521@outlook.com,CTY-BCN,ES,2024-01-31,PLAN-COMMUTE,false,active,2007
I,2026-04-01T00:00:00Z,RD-000817,OP-002,Freja,Moreno,freja.moreno838@gmx.de,CTY-BCN,ES,2024-03-26,PLAN-PAYG,false,active,1967
I,2026-04-01T00:00:00Z,RD-000818,OP-001,Diego,Ferrer,diego.ferrer920@outlook.com,CTY-BCN,ES,2024-08-28,PLAN-PAYG,false,active,2003
I,2026-04-01T00:00:00Z,RD-000819,OP-001,Ivan,Novak,ivan.novak523@mail.com,CTY-BCN,ES,2025-08-26,PLAN-COMMUTE,false,active,1988
I,2026-04-01T00:00:00Z,RD-000820,OP-001,Antoine,Weber,antoine.weber657@correo.es,CTY-BCN,ES,2025-07-17,PLAN-PAYG,false,active,1988
I,2026-04-01T00:00:00Z,RD-000821,OP-002,Karim,Haddad,karim.haddad810@mail.com,CTY-BCN,ES,2025-11-23,PLAN-PAYG,true,active,2008
I,2026-04-01T00:00:00Z,RD-000822,OP-002,Manon,Garcia,manon.garcia414@correo.es,CTY-BCN,ES,2026-02-08,PLAN-PAYG,false,active,1983
I,2026-04-01T00:00:00Z,RD-000824,OP-002,Nils,Kowalski,nils.kowalski95@mail.com,CTY-BCN,ES,2024-10-02,PLAN-PAYG,false,active,1985
I,2026-04-01T00:00:00Z,RD-000825,OP-002,Tiago,Moreno,TIAGO.MORENO680@CORREO.ES,CTY-BCN,ES,2025-12-21,PLAN-TOURIST,true,active,1981
I,2026-04-01T00:00:00Z,RD-000826,OP-002,Tiago,Silva,tiago.silva838@outlook.com,CTY-BCN,ES,2025-09-20,PLAN-PAYG,false,active,1964
I,2026-04-01T00:00:00Z,RD-000827,OP-002,Elin,Lindqvist, elin.lindqvist764@proton.me ,CTY-BCN,ES,2026-03-02,PLAN-PAYG,true,active,1997
I,2026-04-01T00:00:00Z,RD-000828,OP-002,Tiago,Vidal,tiago.vidal582@outlook.com,CTY-BCN,ES,2026-01-13,PLAN-COMMUTE,true,active,1986
I,2026-04-01T00:00:00Z,RD-000829,OP-001,Rui,Dubois,rui.dubois240@outlook.com,CTY-BCN,ES,2025-06-24,PLAN-PAYG,true,active,1992
I,2026-04-01T00:00:00Z,RD-000830,OP-002,Ines,Kowalski,ines.kowalski801@outlook.com,CTY-BCN,ES,2025-05-11,PLAN-PAYG,true,active,1985
I,2026-04-01T00:00:00Z,RD-000831,OP-002,Antoine,Haddad,antoine.haddad465@mail.com,CTY-BCN,ES,2025-01-06,PLAN-COMMUTE,false,active,1963
I,2026-04-01T00:00:00Z,RD-000832,OP-002,Chloe,Benali,chloe.benali966@mail.com,CTY-BCN,ES,2024-01-23,PLAN-PAYG,false,active,1991
I,2026-04-01T00:00:00Z,RD-000833,OP-002,Karim,Novak,karim.novak851@correo.es,CTY-BCN,ES,2025-07-26,PLAN-PAYG,false,active,1967
I,2026-04-01T00:00:00Z,RD-000834,OP-001,Tiago,Garcia,tiago.garcia378@correo.es,CTY-BCN,ES,2025-08-08,PLAN-CORP,false,active,1985
I,2026-04-01T00:00:00Z,RD-000835,OP-002,Elin,Bernard,elin.bernard472@proton.me,CTY-BCN,ES,2024-04-30,PLAN-PAYG,true,active,2004
I,2026-04-01T00:00:00Z,RD-000836,OP-002,Thomas,Vidal,thomas.vidal617@correo.es,CTY-BCN,ES,2025-01-29,PLAN-COMMUTE,true,active,1996
I,2026-04-01T00:00:00Z,RD-000837,OP-001,Louis,Fischer,louis.fischer149@gmx.de,CTY-BCN,ES,2025-07-18,PLAN-PAYG,false,active,1970
I,2026-04-01T00:00:00Z,RD-000838,OP-002,Nils,Berg,nils.berg618@proton.me,CTY-BCN,ES,2024-05-24,PLAN-PAYG,true,active,1990
I,2026-04-01T00:00:00Z,RD-000839,OP-002,Joan,Fischer,joan.fischer739@gmx.de,CTY-BCN,ES,2024-09-27,PLAN-PAYG,true,active,1968
I,2026-04-01T00:00:00Z,RD-000840,OP-002,Yasmin,Roux,yasmin.roux382@proton.me,CTY-BCN,ES,2024-10-27,PLAN-STUDENT,true,active,1982
I,2026-04-01T00:00:00Z,RD-000841,OP-002,Nils,Weber,nils.weber866@outlook.com,CTY-BCN,ES,2024-01-03,PLAN-PAYG,false,active,1993
I,2026-04-01T00:00:00Z,RD-000842,OP-002,Yasmin,Garcia,yasmin.garcia961@mail.com,CTY-BCN,ES,2024-01-19,PLAN-PAYG,false,active,1976
I,2026-04-01T00:00:00Z,RD-000843,OP-001,Omar,Rossi,omar.rossi282@mail.com,CTY-BCN,ES,2025-02-23,PLAN-PAYG,true,active,1970
I,2026-04-01T00:00:00Z,RD-000844,OP-001,Sofia,Martin,sofia.martin167@outlook.com,CTY-BCN,ES,2025-05-30,PLAN-COMMUTE,false,active,1962
I,2026-04-01T00:00:00Z,RD-000845,OP-002,Lucia,Silva, lucia.silva283@proton.me ,CTY-BCN,ES,2025-10-29,PLAN-PAYG,false,active,1963
I,2026-04-01T00:00:00Z,RD-000846,OP-002,Astrid,Lindqvist,astrid.lindqvist75@proton.me,CTY-BCN,ES,2025-03-05,PLAN-CORP,false,active,1962
I,2026-04-01T00:00:00Z,RD-000847,OP-002,Emil,Lopez,emil.lopez966@outlook.com,CTY-BCN,ES,2024-12-25,PLAN-COMMUTE,true,active,1967
I,2026-04-01T00:00:00Z,RD-000848,OP-002,Beatriz,Berg, beatriz.berg538@mail.com ,CTY-BCN,ES,2024-01-02,PLAN-STUDENT,true,active,2003
I,2026-04-01T00:00:00Z,RD-000849,OP-002,Nadia,Rossi, nadia.rossi77@correo.es ,CTY-BCN,ES,2024-03-23,PLAN-COMMUTE,true,active,1962
I,2026-04-01T00:00:00Z,RD-000850,OP-002,Freja,Silva,FREJA.SILVA664@CORREO.ES,CTY-BCN,ES,2024-02-14,PLAN-PAYG,false,active,1964
I,2026-04-01T00:00:00Z,RD-000851,OP-002,Elin,Kowalski,elin.kowalski263@mail.com,CTY-BCN,ES,2025-05-10,PLAN-UNLIMITED,false,active,1997
I,2026-04-01T00:00:00Z,RD-000852,OP-002,Chloe,Silva,chloe.silva831@correo.es,CTY-BCN,ES,2024-08-20,PLAN-STUDENT,false,active,1988
I,2026-04-01T00:00:00Z,RD-000855,OP-002,Nora,Fischer,nora.fischer85@correo.es,CTY-BCN,ES,2025-07-05,PLAN-UNLIMITED,true,active,1964
I,2026-04-01T00:00:00Z,RD-000856,OP-002,Sofia,Silva,sofia.silva794@outlook.com,CTY-BCN,ES,2024-12-26,PLAN-COMMUTE,false,active,1976
I,2026-04-01T00:00:00Z,RD-000857,OP-002,Louis,Serra,louis.serra219@gmx.de,CTY-BCN,ES,2024-10-30,PLAN-PAYG,true,active,1983
I,2026-04-01T00:00:00Z,RD-000858,OP-002,Tiago,Haddad, tiago.haddad89@proton.me ,CTY-BCN,ES,2024-03-02,PLAN-TOURIST,false,active,2000
I,2026-04-01T00:00:00Z,RD-000859,OP-002,Thomas,Pereira,thomas.pereira562@correo.es,CTY-BCN,ES,2025-08-25,PLAN-TOURIST,false,active,1981
I,2026-04-01T00:00:00Z,RD-000860,OP-002,Omar,Roux,omar.roux311@correo.es,CTY-BCN,ES,2025-07-14,PLAN-PAYG,true,active,1986
I,2026-04-01T00:00:00Z,RD-000862,OP-002,Sofia,Berg,SOFIA.BERG268@GMX.DE,CTY-BCN,ES,2025-03-30,PLAN-COMMUTE,false,active,1996
I,2026-04-01T00:00:00Z,RD-000863,OP-002,Astrid,Benali,astrid.benali373@proton.me,CTY-BCN,ES,2024-03-22,PLAN-PAYG,true,active,2008
I,2026-04-01T00:00:00Z,RD-000864,OP-002,Yasmin,Garcia,yasmin.garcia960@gmx.de,CTY-BCN,ES,2025-07-07,PLAN-UNLIMITED,false,active,1968
I,2026-04-01T00:00:00Z,RD-000865,OP-002,Joan,Martin,joan.martin749@mail.com,CTY-BCN,ES,2024-11-12,PLAN-COMMUTE,true,active,1976
I,2026-04-01T00:00:00Z,RD-000866,OP-001,Pablo,Lopez,pablo.lopez798@outlook.com,CTY-BCN,ES,2025-04-18,PLAN-CORP,true,active,2000
I,2026-04-01T00:00:00Z,RD-000868,OP-002,Chloe,Serra,chloe.serra416@outlook.com,CTY-BCN,ES,2024-01-25,PLAN-PAYG,true,active,1982
I,2026-04-01T00:00:00Z,RD-000869,OP-002,Yasmin,Berg,yasmin.berg699@correo.es,CTY-BCN,ES,2024-03-26,PLAN-TOURIST,true,active,2004
I,2026-04-01T00:00:00Z,RD-000870,OP-002,Aina,Serra,aina.serra804@outlook.com,CTY-BCN,ES,2024-11-17,PLAN-PAYG,true,active,1962
I,2026-04-01T00:00:00Z,RD-000871,OP-001,Hugo,Pereira,hugo.pereira942@mail.com,CTY-BCN,ES,2025-12-17,PLAN-PAYG,true,active,1983
I,2026-04-01T00:00:00Z,RD-000874,OP-002,Astrid,Benali,astrid.benali726@outlook.com,CTY-BCN,ES,2024-12-28,PLAN-COMMUTE,true,active,1976
I,2026-04-01T00:00:00Z,RD-000875,OP-001,Louis,Weber,louis.weber10@proton.me,CTY-BCN,ES,2024-02-19,PLAN-PAYG,true,active,1981
I,2026-04-01T00:00:00Z,RD-000876,OP-002,Manon,Conti,manon.conti919@outlook.com,CTY-BCN,ES,2025-12-07,PLAN-PAYG,false,active,1984
I,2026-04-01T00:00:00Z,RD-000877,OP-001,Aina,Ferrer,aina.ferrer47@outlook.com,CTY-BCN,ES,2025-03-14,PLAN-COMMUTE,false,active,1966
I,2026-04-01T00:00:00Z,RD-000878,OP-002,Lucia,Roux,lucia.roux932@mail.com,CTY-BCN,ES,2025-09-20,PLAN-CORP,false,active,2001
I,2026-04-01T00:00:00Z,RD-000879,OP-001,Rui,Serra,rui.serra355@correo.es,CTY-BCN,ES,2025-01-02,PLAN-UNLIMITED,false,active,1971
I,2026-04-01T00:00:00Z,RD-000880,OP-002,Joan,Costa,joan.costa61@proton.me,CTY-BCN,ES,2024-02-04,PLAN-CORP,true,active,2003
I,2026-04-01T00:00:00Z,RD-000882,OP-002,Astrid,Martin,astrid.martin713@correo.es,CTY-BCN,ES,2026-03-07,PLAN-TOURIST,false,active,2006
I,2026-04-01T00:00:00Z,RD-000883,OP-002,Louis,Vidal,louis.vidal679@correo.es,CTY-BCN,ES,2024-08-11,PLAN-COMMUTE,false,active,1981
I,2026-04-01T00:00:00Z,RD-000884,OP-001,Beatriz,Rossi,beatriz.rossi883@correo.es,CTY-BCN,ES,2025-01-18,PLAN-PAYG,false,active,1993
I,2026-04-01T00:00:00Z,RD-000886,OP-001,Camille,Costa,camille.costa506@correo.es,CTY-BCN,ES,2024-03-15,PLAN-TOURIST,false,active,1978
I,2026-04-01T00:00:00Z,RD-000887,OP-002,Aina,Almeida,aina.almeida471@outlook.com,CTY-BCN,ES,2024-04-18,PLAN-PAYG,true,active,2002
I,2026-04-01T00:00:00Z,RD-000888,OP-001,Hugo,Kowalski,hugo.kowalski798@correo.es,CTY-BCN,ES,2025-12-20,PLAN-PAYG,true,active,1981
I,2026-04-01T00:00:00Z,RD-000889,OP-002,Elin,Moreno,elin.moreno807@mail.com,CTY-BCN,ES,2026-01-24,PLAN-COMMUTE,false,active,2005
I,2026-04-01T00:00:00Z,RD-000890,OP-002,Joan,Costa,joan.costa783@outlook.com,CTY-BCN,ES,2025-10-14,PLAN-PAYG,false,active,1994
I,2026-04-01T00:00:00Z,RD-000891,OP-002,Sofia,Lindqvist,sofia.lindqvist91@proton.me,CTY-BCN,ES,2024-04-29,PLAN-PAYG,true,active,1970
I,2026-04-01T00:00:00Z,RD-000892,OP-002,Rui,Garcia,rui.garcia343@proton.me,CTY-BCN,ES,2025-11-25,PLAN-PAYG,false,active,1982
I,2026-04-01T00:00:00Z,RD-000893,OP-001,Karim,Haddad,karim.haddad176@outlook.com,CTY-BCN,ES,2024-03-30,PLAN-COMMUTE,false,active,1981
I,2026-04-01T00:00:00Z,RD-000895,OP-002,Nadia,Rossi,nadia.rossi363@outlook.com,CTY-BCN,ES,2025-01-13,PLAN-PAYG,false,active,1991
I,2026-04-01T00:00:00Z,RD-000896,OP-002,Astrid,Garcia,astrid.garcia2@proton.me,CTY-BCN,ES,2024-05-09,PLAN-PAYG,false,active,1972
I,2026-04-01T00:00:00Z,RD-000897,OP-001,Ivan,Rossi,ivan.rossi186@correo.es,CTY-BCN,ES,2024-01-07,PLAN-PAYG,true,active,1968
I,2026-04-01T00:00:00Z,RD-000898,OP-002,Camille,Fischer,camille.fischer176@mail.com,CTY-BCN,ES,2025-11-07,PLAN-PAYG,true,active,1995
I,2026-04-01T00:00:00Z,RD-000899,OP-002,Beatriz,Martin,beatriz.martin375@outlook.com,CTY-BCN,ES,2025-12-03,PLAN-PAYG,true,active,1969
I,2026-04-01T00:00:00Z,RD-000900,OP-002,Pablo,Nilsson, pablo.nilsson912@gmx.de ,CTY-BCN,ES,2025-01-15,PLAN-PAYG,false,active,2001
I,2026-04-01T00:00:00Z,RD-000901,OP-002,Thomas,Dubois,thomas.dubois172@mail.com,CTY-BCN,ES,2025-04-26,PLAN-PAYG,true,active,2007
I,2026-04-01T00:00:00Z,RD-000902,OP-001,Joan,Weber,joan.weber940@correo.es,CTY-BCN,ES,2024-12-13,PLAN-PAYG,true,active,1966
I,2026-04-01T00:00:00Z,RD-000903,OP-002,Tiago,Almeida,tiago.almeida521@outlook.com,CTY-BCN,ES,2024-06-07,PLAN-PAYG,true,active,1994
I,2026-04-01T00:00:00Z,RD-000904,OP-001,Sofia,Silva,sofia.silva888@mail.com,CTY-BCN,ES,2024-11-14,PLAN-COMMUTE,true,active,1972
I,2026-04-01T00:00:00Z,RD-000905,OP-002,Thomas,Weber,thomas.weber56@correo.es,CTY-BCN,ES,2024-01-02,PLAN-PAYG,false,active,1996
I,2026-04-01T00:00:00Z,RD-000906,OP-001,Aina,Novak,aina.novak139@correo.es,CTY-BCN,ES,2024-08-22,PLAN-PAYG,true,active,1979
I,2026-04-01T00:00:00Z,RD-000907,OP-001,Sofia,Martin,sofia.martin217@correo.es,CTY-BCN,ES,2025-11-01,PLAN-UNLIMITED,true,active,1966
I,2026-04-01T00:00:00Z,RD-000908,OP-002,Nils,Costa,nils.costa201@mail.com,CTY-BCN,ES,2025-12-28,PLAN-COMMUTE,true,active,1970
I,2026-04-01T00:00:00Z,RD-000909,OP-002,Joan,Novak,joan.novak284@correo.es,CTY-BCN,ES,2024-02-21,PLAN-PAYG,true,active,1970
I,2026-04-01T00:00:00Z,RD-000911,OP-002,Oskar,Rossi,oskar.rossi778@correo.es,CTY-BCN,ES,2026-03-06,PLAN-PAYG,false,active,1983
I,2026-04-01T00:00:00Z,RD-000912,OP-002,Nadia,Ferrer,nadia.ferrer202@mail.com,CTY-BCN,ES,2025-02-09,PLAN-COMMUTE,true,active,1984
I,2026-04-01T00:00:00Z,RD-000914,OP-002,Pablo,Benali,pablo.benali787@mail.com,CTY-BCN,ES,2024-05-15,PLAN-COMMUTE,true,active,2000
I,2026-04-01T00:00:00Z,RD-000916,OP-002,Joan,Serra,joan.serra224@mail.com,CTY-BCN,ES,2025-06-27,PLAN-CORP,true,active,1978
I,2026-04-01T00:00:00Z,RD-000917,OP-002,Ivan,Conti,ivan.conti69@outlook.com,CTY-BCN,ES,2024-10-09,PLAN-PAYG,true,active,1971
I,2026-04-01T00:00:00Z,RD-000918,OP-001,Beatriz,Lopez,beatriz.lopez962@mail.com,CTY-BCN,ES,2024-07-26,PLAN-PAYG,true,active,1994
I,2026-04-01T00:00:00Z,RD-000919,OP-002,Pablo,Novak, pablo.novak527@correo.es ,CTY-BCN,ES,2025-01-12,PLAN-STUDENT,false,active,1987
I,2026-04-01T00:00:00Z,RD-000920,OP-002,Manon,Ferrer,manon.ferrer404@correo.es,CTY-BCN,ES,2025-12-18,PLAN-PAYG,false,active,1985
I,2026-04-01T00:00:00Z,RD-000921,OP-002,Oskar,Ferrer,oskar.ferrer798@gmx.de,CTY-BCN,ES,2024-10-20,PLAN-PAYG,true,active,1990
I,2026-04-01T00:00:00Z,RD-000922,OP-001,Nils,Almeida,nils.almeida314@outlook.com,CTY-BCN,ES,2025-12-02,PLAN-COMMUTE,true,active,1998
I,2026-04-01T00:00:00Z,RD-000923,OP-002,Nils,Costa,nils.costa620@proton.me,CTY-BCN,ES,2025-10-24,PLAN-PAYG,true,active,1970
I,2026-04-01T00:00:00Z,RD-000924,OP-002,Karim,Serra,karim.serra904@mail.com,CTY-BCN,ES,2025-03-20,PLAN-PAYG,true,active,1978
I,2026-04-01T00:00:00Z,RD-000925,OP-002,Nora,Fischer,nora.fischer942@gmx.de,CTY-BCN,ES,2024-05-20,PLAN-CORP,false,active,1979
I,2026-04-01T00:00:00Z,RD-000926,OP-002,Nils,Almeida, nils.almeida314@outlook.com ,CTY-BCN,ES,2025-06-11,PLAN-COMMUTE,true,active,1998
I,2026-04-01T00:00:00Z,RD-000927,OP-001,Thomas,Martin,thomas.martin974@outlook.com,CTY-BCN,ES,2025-08-31,PLAN-PAYG,false,active,1971
I,2026-04-01T00:00:00Z,RD-000930,OP-002,Hugo,Costa,hugo.costa545@correo.es,CTY-BCN,ES,2025-01-08,PLAN-PAYG,false,active,1974
I,2026-04-01T00:00:00Z,RD-000931,OP-001,Yasmin,Ferrer,yasmin.ferrer80@mail.com,CTY-BCN,ES,2024-09-03,PLAN-COMMUTE,false,active,2004
I,2026-04-01T00:00:00Z,RD-000932,OP-002,Ines,Martin,ines.martin737@gmx.de,CTY-BCN,ES,2025-01-17,PLAN-PAYG,false,active,2008
I,2026-04-01T00:00:00Z,RD-000933,OP-002,Freja,Rossi,freja.rossi512@gmx.de,CTY-BCN,ES,2024-10-02,PLAN-STUDENT,false,active,1999
I,2026-04-01T00:00:00Z,RD-000934,OP-001,Chloe,Conti,chloe.conti740@gmx.de,CTY-BCN,ES,2024-10-01,PLAN-CORP,false,active,1977
I,2026-04-01T00:00:00Z,RD-000936,OP-001,Nils,Andersson,nils.andersson81@correo.es,CTY-BCN,ES,2024-05-09,PLAN-PAYG,false,active,1963
I,2026-04-01T00:00:00Z,RD-000937,OP-001,Tiago,Rossi,tiago.rossi341@outlook.com,CTY-BCN,ES,2025-08-09,PLAN-UNLIMITED,false,active,1994
I,2026-04-01T00:00:00Z,RD-000938,OP-002,Diego,Conti,DIEGO.CONTI808@CORREO.ES,CTY-BCN,ES,2025-02-12,PLAN-PAYG,false,active,1992
I,2026-04-01T00:00:00Z,RD-000939,OP-002,Freja,Almeida,freja.almeida187@mail.com,CTY-BCN,ES,2025-04-02,PLAN-UNLIMITED,true,active,1962
I,2026-04-01T00:00:00Z,RD-000940,OP-002,Astrid,Berg,astrid.berg796@outlook.com,CTY-BCN,ES,2025-01-11,PLAN-TOURIST,false,active,1973
I,2026-04-01T00:00:00Z,RD-000941,OP-001,Freja,Moreno,freja.moreno54@gmx.de,CTY-BCN,ES,2024-10-19,PLAN-COMMUTE,true,active,1977
I,2026-04-01T00:00:00Z,RD-000943,OP-002,Chloe,Fischer,chloe.fischer423@correo.es,CTY-BCN,ES,2025-08-03,PLAN-COMMUTE,false,active,1976
I,2026-04-01T00:00:00Z,RD-000944,OP-001,Pablo,Kowalski,pablo.kowalski547@mail.com,CTY-BCN,ES,2024-01-31,PLAN-PAYG,false,active,1972
I,2026-04-01T00:00:00Z,RD-000945,OP-002,Aina,Moreno,aina.moreno563@proton.me,CTY-BCN,ES,2026-01-17,PLAN-PAYG,false,active,1982
I,2026-04-01T00:00:00Z,RD-000946,OP-002,Hugo,Andersson,hugo.andersson287@correo.es,CTY-BCN,ES,2025-11-04,PLAN-PAYG,false,active,1978
I,2026-04-01T00:00:00Z,RD-000947,OP-002,Aina,Kowalski,AINA.KOWALSKI486@PROTON.ME,CTY-BCN,ES,2025-11-26,PLAN-PAYG,true,active,2003
I,2026-04-01T00:00:00Z,RD-000948,OP-001,Hugo,Novak,hugo.novak26@outlook.com,CTY-BCN,ES,2025-11-23,PLAN-PAYG,false,active,1971
I,2026-04-01T00:00:00Z,RD-000949,OP-002,Ivan,Dubois,ivan.dubois592@proton.me,CTY-BCN,ES,2024-05-15,PLAN-PAYG,false,active,1988
I,2026-04-01T00:00:00Z,RD-000950,OP-002,Nora,Andersson,nora.andersson286@mail.com,CTY-BCN,ES,2024-04-24,PLAN-COMMUTE,true,active,2002
I,2026-04-01T00:00:00Z,RD-000952,OP-002,Chloe,Nilsson, chloe.nilsson573@gmx.de ,CTY-BCN,ES,2024-02-16,PLAN-UNLIMITED,false,active,1971
I,2026-04-01T00:00:00Z,RD-000953,OP-002,Hugo,Conti,hugo.conti191@gmx.de,CTY-BCN,ES,2024-11-12,PLAN-PAYG,true,active,1969
I,2026-04-01T00:00:00Z,RD-000954,OP-002,Nils,Garcia,nils.garcia991@outlook.com,CTY-BCN,ES,2024-08-20,PLAN-COMMUTE,true,active,1975
I,2026-04-01T00:00:00Z,RD-000955,OP-002,Marta,Weber,MARTA.WEBER439@PROTON.ME,CTY-BCN,ES,2025-10-04,PLAN-PAYG,true,active,1974
I,2026-04-01T00:00:00Z,RD-000956,OP-002,Nora,Moreno,nora.moreno355@gmx.de,CTY-BCN,ES,2025-09-29,PLAN-COMMUTE,false,active,1973
I,2026-04-01T00:00:00Z,RD-000957,OP-002,Omar,Conti,omar.conti191@outlook.com,CTY-BCN,ES,2025-10-22,PLAN-COMMUTE,false,active,1977
I,2026-04-01T00:00:00Z,RD-000958,OP-002,Oskar,Vidal,oskar.vidal361@correo.es,CTY-BCN,ES,2025-09-22,PLAN-UNLIMITED,true,active,1972
I,2026-04-01T00:00:00Z,RD-000960,OP-002,Rui,Benali,rui.benali373@proton.me,CTY-BCN,ES,2024-10-21,PLAN-COMMUTE,true,active,1984
I,2026-04-01T00:00:00Z,RD-000961,OP-002,Ivan,Vidal,ivan.vidal90@outlook.com,CTY-BCN,ES,2025-03-13,PLAN-PAYG,true,active,1992
I,2026-04-01T00:00:00Z,RD-000962,OP-001,Freja,Lopez,freja.lopez471@mail.com,CTY-BCN,ES,2025-07-18,PLAN-PAYG,false,active,2000
I,2026-04-01T00:00:00Z,RD-000963,OP-001,Emil,Fischer,emil.fischer518@correo.es,CTY-BCN,ES,2026-02-21,PLAN-STUDENT,true,active,1986
I,2026-04-01T00:00:00Z,RD-000964,OP-002,Diego,Weber, diego.weber340@proton.me ,CTY-BCN,ES,2024-05-07,PLAN-PAYG,true,active,1971
I,2026-04-01T00:00:00Z,RD-000965,OP-002,Astrid,Dubois,ASTRID.DUBOIS445@MAIL.COM,CTY-BCN,ES,2024-07-06,PLAN-CORP,false,active,1971
I,2026-04-01T00:00:00Z,RD-000966,OP-002,Antoine,Novak,antoine.novak781@gmx.de,CTY-BCN,ES,2025-12-25,PLAN-PAYG,false,active,1987
I,2026-04-01T00:00:00Z,RD-000967,OP-002,Emil,Andersson,emil.andersson269@correo.es,CTY-BCN,ES,2026-02-10,PLAN-PAYG,true,active,2006
I,2026-04-01T00:00:00Z,RD-000968,OP-001,Aina,Vidal,aina.vidal521@mail.com,CTY-BCN,ES,2025-12-30,PLAN-COMMUTE,false,active,1978
I,2026-04-01T00:00:00Z,RD-000969,OP-002,Aina,Costa,aina.costa879@outlook.com,CTY-BCN,ES,2025-11-17,PLAN-PAYG,true,active,1973
I,2026-04-01T00:00:00Z,RD-000970,OP-002,Louis,Kowalski,LOUIS.KOWALSKI518@GMX.DE,CTY-BCN,ES,2025-01-21,PLAN-TOURIST,false,active,1989
I,2026-04-01T00:00:00Z,RD-000971,OP-002,Oskar,Novak,oskar.novak249@proton.me,CTY-BCN,ES,2025-02-02,PLAN-UNLIMITED,true,active,1966
I,2026-04-01T00:00:00Z,RD-000972,OP-002,Karim,Novak,karim.novak279@proton.me,CTY-BCN,ES,2024-02-26,PLAN-COMMUTE,false,active,1979
I,2026-04-01T00:00:00Z,RD-000973,OP-002,Pablo,Lindqvist,pablo.lindqvist323@correo.es,CTY-BCN,ES,2025-11-16,PLAN-UNLIMITED,false,active,1969
I,2026-04-01T00:00:00Z,RD-000974,OP-002,Emil,Weber, emil.weber263@correo.es ,CTY-BCN,ES,2024-01-14,PLAN-PAYG,false,active,1988
I,2026-04-01T00:00:00Z,RD-000975,OP-002,Freja,Kowalski,freja.kowalski294@proton.me,CTY-BCN,ES,2026-03-14,PLAN-PAYG,false,active,2004
I,2026-04-01T00:00:00Z,RD-000976,OP-002,Oskar,Almeida,oskar.almeida284@proton.me,CTY-BCN,ES,2026-01-18,PLAN-PAYG,false,active,1978
I,2026-04-01T00:00:00Z,RD-000977,OP-001,Beatriz,Lopez,beatriz.lopez676@mail.com,CTY-BCN,ES,2025-10-03,PLAN-PAYG,false,active,2008
I,2026-04-01T00:00:00Z,RD-000978,OP-002,Freja,Haddad,FREJA.HADDAD155@PROTON.ME,CTY-BCN,ES,2026-02-23,PLAN-PAYG,false,active,1970
I,2026-04-01T00:00:00Z,RD-000979,OP-002,Beatriz,Kowalski,beatriz.kowalski385@outlook.com,CTY-BCN,ES,2026-01-08,PLAN-TOURIST,false,active,1990
I,2026-04-01T00:00:00Z,RD-000980,OP-002,Tiago,Martin,tiago.martin62@proton.me,CTY-BCN,ES,2024-07-08,PLAN-STUDENT,true,active,1963
I,2026-04-01T00:00:00Z,RD-000981,OP-002,Sofia,Serra,sofia.serra683@mail.com,CTY-BCN,ES,2024-06-11,PLAN-PAYG,false,active,1968
I,2026-04-01T00:00:00Z,RD-000982,OP-002,Aina,Conti,aina.conti315@mail.com,CTY-BCN,ES,2024-06-02,PLAN-CORP,true,active,2007
I,2026-04-01T00:00:00Z,RD-000983,OP-002,Marta,Berg,MARTA.BERG965@CORREO.ES,CTY-BCN,ES,2025-06-28,PLAN-PAYG,false,active,1993
I,2026-04-01T00:00:00Z,RD-000984,OP-002,Lucia,Serra,lucia.serra237@mail.com,CTY-BCN,ES,2025-05-10,PLAN-STUDENT,true,active,1970
I,2026-04-01T00:00:00Z,RD-000985,OP-002,Astrid,Novak,astrid.novak29@proton.me,CTY-BCN,ES,2026-02-21,PLAN-CORP,false,active,2003
I,2026-04-01T00:00:00Z,RD-000987,OP-002,Pablo,Benali,pablo.benali392@gmx.de,CTY-BCN,ES,2026-02-27,PLAN-PAYG,true,active,1994
I,2026-04-01T00:00:00Z,RD-000988,OP-001,Louis,Conti,louis.conti343@correo.es,CTY-BCN,ES,2025-10-14,PLAN-PAYG,true,active,1964
I,2026-04-01T00:00:00Z,RD-000989,OP-002,Hugo,Moreno,hugo.moreno863@mail.com,CTY-BCN,ES,2024-12-26,PLAN-COMMUTE,false,active,1986
I,2026-04-01T00:00:00Z,RD-000990,OP-002,Antoine,Rossi,ANTOINE.ROSSI995@MAIL.COM,CTY-BCN,ES,2025-04-12,PLAN-PAYG,true,active,1990
I,2026-04-01T00:00:00Z,RD-000991,OP-001,Aina,Pereira,aina.pereira406@gmx.de,CTY-BCN,ES,2025-04-20,PLAN-PAYG,false,active,1993
I,2026-04-01T00:00:00Z,RD-000992,OP-002,Freja,Nilsson,freja.nilsson461@gmx.de,CTY-BCN,ES,2025-08-30,PLAN-UNLIMITED,true,active,1988
I,2026-04-01T00:00:00Z,RD-000993,OP-002,Yasmin,Andersson,yasmin.andersson437@mail.com,CTY-BCN,ES,2024-12-21,PLAN-PAYG,false,active,1964
I,2026-04-01T00:00:00Z,RD-000994,OP-002,Marta,Pereira,marta.pereira716@correo.es,CTY-BCN,ES,2024-11-18,PLAN-PAYG,true,active,1999
I,2026-04-01T00:00:00Z,RD-000995,OP-001,Thomas,Almeida,thomas.almeida437@outlook.com,CTY-BCN,ES,2025-08-01,PLAN-PAYG,false,active,1990
I,2026-04-01T00:00:00Z,RD-000996,OP-001,Lucia,Moreno,lucia.moreno666@gmx.de,CTY-BCN,ES,2025-08-02,PLAN-PAYG,false,active,1976
I,2026-04-01T00:00:00Z,RD-000997,OP-002,Elin,Andersson,elin.andersson608@proton.me,CTY-BCN,ES,2025-01-14,PLAN-COMMUTE,true,active,1985
I,2026-04-01T00:00:00Z,RD-000998,OP-002,Oskar,Moreno,oskar.moreno474@proton.me,CTY-BCN,ES,2024-06-13,PLAN-COMMUTE,false,active,1981
I,2026-04-01T00:00:00Z,RD-000999,OP-001,Ivan,Lopez,ivan.lopez297@outlook.com,CTY-BCN,ES,2025-09-20,PLAN-COMMUTE,false,active,2001
I,2026-04-01T00:00:00Z,RD-001000,OP-001,Freja,Costa,freja.costa674@proton.me,CTY-BCN,ES,2025-02-27,PLAN-PAYG,false,active,1978
I,2026-04-01T00:00:00Z,RD-001001,OP-002,Karim,Nilsson,karim.nilsson727@gmx.de,CTY-BCN,ES,2024-11-10,PLAN-COMMUTE,false,active,2001
I,2026-04-01T00:00:00Z,RD-001002,OP-002,Sofia,Novak, sofia.novak484@mail.com ,CTY-BCN,ES,2025-09-09,PLAN-COMMUTE,true,active,1995
I,2026-04-01T00:00:00Z,RD-001003,OP-002,Karim,Berg,karim.berg292@correo.es,CTY-BCN,ES,2025-04-06,PLAN-COMMUTE,false,active,1988
I,2026-04-01T00:00:00Z,RD-001004,OP-002,Sofia,Garcia,sofia.garcia857@outlook.com,CTY-BCN,ES,2025-11-23,PLAN-PAYG,true,active,1965
I,2026-04-01T00:00:00Z,RD-001005,OP-002,Beatriz,Silva,beatriz.silva620@proton.me,CTY-BCN,ES,2024-05-11,PLAN-COMMUTE,true,active,1998
I,2026-04-01T00:00:00Z,RD-001006,OP-002,Louis,Roux,louis.roux597@gmx.de,CTY-BCN,ES,2025-06-18,PLAN-PAYG,true,active,1968
I,2026-04-01T00:00:00Z,RD-001007,OP-002,Marta,Weber,marta.weber63@correo.es,CTY-BCN,ES,2024-05-12,PLAN-PAYG,false,active,1964
I,2026-04-01T00:00:00Z,RD-001009,OP-001,Elin,Martin,elin.martin880@correo.es,CTY-BCN,ES,2024-05-15,PLAN-PAYG,true,active,1964
I,2026-04-01T00:00:00Z,RD-001012,OP-002,Aina,Weber,aina.weber885@proton.me,CTY-BCN,ES,2026-01-21,PLAN-PAYG,false,active,1984
I,2026-04-01T00:00:00Z,RD-001013,OP-002,Ines,Rossi,ines.rossi339@outlook.com,CTY-BCN,ES,2024-07-13,PLAN-PAYG,false,active,1962
I,2026-04-01T00:00:00Z,RD-001014,OP-001,Tiago,Pereira,tiago.pereira945@outlook.com,CTY-BCN,ES,2024-03-21,PLAN-COMMUTE,true,active,1978
I,2026-04-01T00:00:00Z,RD-001015,OP-002,Chloe,Costa,chloe.costa266@gmx.de,CTY-BCN,ES,2024-07-12,PLAN-PAYG,true,active,1967
I,2026-04-01T00:00:00Z,RD-001016,OP-001,Lucia,Lindqvist,lucia.lindqvist380@mail.com,CTY-BCN,ES,2025-07-17,PLAN-UNLIMITED,false,active,1973
I,2026-04-01T00:00:00Z,RD-001017,OP-002,Nora,Pereira,nora.pereira759@correo.es,CTY-BCN,ES,2025-11-17,PLAN-PAYG,true,active,1974
I,2026-04-01T00:00:00Z,RD-001018,OP-002,Diego,Dubois,diego.dubois417@correo.es,CTY-BCN,ES,2024-09-28,PLAN-COMMUTE,true,active,1981
I,2026-04-01T00:00:00Z,RD-001019,OP-002,Ivan,Kowalski,ivan.kowalski426@outlook.com,CTY-BCN,ES,2025-08-16,PLAN-COMMUTE,false,active,1996
I,2026-04-01T00:00:00Z,RD-001020,OP-002,Yasmin,Garcia,yasmin.garcia924@gmx.de,CTY-BCN,ES,2026-03-21,PLAN-COMMUTE,true,active,1998
I,2026-04-01T00:00:00Z,RD-001021,OP-002,Karim,Berg,karim.berg983@mail.com,CTY-BCN,ES,2025-08-19,PLAN-PAYG,true,active,2003
I,2026-04-01T00:00:00Z,RD-001022,OP-002,Louis,Martin,louis.martin66@proton.me,CTY-BCN,ES,2024-10-19,PLAN-PAYG,true,active,1981
I,2026-04-01T00:00:00Z,RD-001023,OP-002,Nora,Silva,nora.silva550@gmx.de,CTY-BCN,ES,2024-08-21,PLAN-CORP,true,active,1972
I,2026-04-01T00:00:00Z,RD-001024,OP-002,Yasmin,Roux,yasmin.roux433@proton.me,CTY-BCN,ES,2024-10-14,PLAN-PAYG,false,active,1983
I,2026-04-01T00:00:00Z,RD-001025,OP-001,Thomas,Weber,thomas.weber204@correo.es,CTY-BCN,ES,2024-06-12,PLAN-PAYG,true,active,2001
I,2026-04-01T00:00:00Z,RD-001026,OP-002,Antoine,Lindqvist,antoine.lindqvist138@gmx.de,CTY-BCN,ES,2024-01-17,PLAN-PAYG,true,active,1975
I,2026-04-01T00:00:00Z,RD-001027,OP-002,Nora,Garcia,nora.garcia203@gmx.de,CTY-BCN,ES,2024-08-12,PLAN-PAYG,false,active,1966
I,2026-04-01T00:00:00Z,RD-001028,OP-002,Thomas,Rossi,thomas.rossi803@proton.me,CTY-BCN,ES,2025-03-14,PLAN-PAYG,true,active,1990
I,2026-04-01T00:00:00Z,RD-001029,OP-002,Karim,Pereira,karim.pereira625@outlook.com,CTY-BCN,ES,2025-05-04,PLAN-PAYG,false,active,1977
I,2026-04-01T00:00:00Z,RD-001030,OP-002,Nadia,Conti,nadia.conti658@gmx.de,CTY-BCN,ES,2024-10-11,PLAN-PAYG,true,active,1973
I,2026-04-01T00:00:00Z,RD-001031,OP-002,Omar,Lindqvist,omar.lindqvist789@gmx.de,CTY-BCN,ES,2025-07-23,PLAN-STUDENT,true,active,1977
I,2026-04-01T00:00:00Z,RD-001032,OP-002,Tiago,Lopez, tiago.lopez686@correo.es ,CTY-BCN,ES,2026-03-22,PLAN-PAYG,false,active,2000
I,2026-04-01T00:00:00Z,RD-001033,OP-002,Lucia,Fischer,lucia.fischer817@mail.com,CTY-BCN,ES,2026-01-29,PLAN-PAYG,true,active,1972
I,2026-04-01T00:00:00Z,RD-001034,OP-002,Louis,Fischer,louis.fischer903@gmx.de,CTY-BCN,ES,2024-02-23,PLAN-PAYG,false,active,1978
I,2026-04-01T00:00:00Z,RD-001035,OP-002,Louis,Roux,louis.roux982@mail.com,CTY-BCN,ES,2026-03-05,PLAN-STUDENT,false,active,2003
I,2026-04-01T00:00:00Z,RD-001037,OP-002,Joan,Almeida,joan.almeida233@outlook.com,CTY-BCN,ES,2025-07-08,PLAN-UNLIMITED,false,active,1971
I,2026-04-01T00:00:00Z,RD-001038,OP-002,Antoine,Kowalski,antoine.kowalski348@outlook.com,CTY-BCN,ES,2024-05-31,PLAN-UNLIMITED,true,active,1973
I,2026-04-01T00:00:00Z,RD-001040,OP-002,Freja,Weber,freja.weber261@outlook.com,CTY-BCN,ES,2025-12-30,PLAN-COMMUTE,true,active,1977
I,2026-04-01T00:00:00Z,RD-001041,OP-002,Emil,Lindqvist,emil.lindqvist588@mail.com,CTY-BCN,ES,2025-04-07,PLAN-COMMUTE,true,active,1970
I,2026-04-01T00:00:00Z,RD-001042,OP-001,Lucia,Lopez,lucia.lopez544@proton.me,CTY-BCN,ES,2024-05-02,PLAN-CORP,true,active,1977
I,2026-04-01T00:00:00Z,RD-001043,OP-001,Chloe,Costa,chloe.costa426@outlook.com,CTY-BCN,ES,2025-07-20,PLAN-PAYG,true,active,1991
I,2026-04-01T00:00:00Z,RD-001044,OP-001,Karim,Ferrer,karim.ferrer299@mail.com,CTY-BCN,ES,2025-05-11,PLAN-STUDENT,true,active,2000
I,2026-04-01T00:00:00Z,RD-001045,OP-002,Aina,Costa,aina.costa633@gmx.de,CTY-BCN,ES,2025-09-26,PLAN-COMMUTE,true,active,2000
I,2026-04-01T00:00:00Z,RD-001046,OP-001,Elin,Conti,elin.conti113@proton.me,CTY-BCN,ES,2026-02-21,PLAN-PAYG,true,active,1971
I,2026-04-01T00:00:00Z,RD-001047,OP-001,Nadia,Martin,nadia.martin261@correo.es,CTY-BCN,ES,2026-02-05,PLAN-PAYG,false,active,1973
I,2026-04-01T00:00:00Z,RD-001048,OP-002,Hugo,Garcia,hugo.garcia154@correo.es,CTY-BCN,ES,2024-10-23,PLAN-PAYG,true,active,1986
I,2026-04-01T00:00:00Z,RD-001049,OP-002,Louis,Silva,louis.silva606@proton.me,CTY-BCN,ES,2024-09-23,PLAN-UNLIMITED,true,active,1974
I,2026-04-01T00:00:00Z,RD-001050,OP-002,Thomas,Conti,thomas.conti837@correo.es,CTY-BCN,ES,2025-07-06,PLAN-PAYG,false,active,1980
I,2026-04-01T00:00:00Z,RD-001052,OP-001,Rui,Haddad,rui.haddad278@proton.me,CTY-BCN,ES,2024-01-13,PLAN-PAYG,true,active,1962
I,2026-04-01T00:00:00Z,RD-001053,OP-002,Karim,Costa,karim.costa785@outlook.com,CTY-BCN,ES,2025-01-21,PLAN-COMMUTE,true,active,2001
I,2026-04-01T00:00:00Z,RD-001054,OP-002,Manon,Silva,manon.silva459@proton.me,CTY-BCN,ES,2025-11-29,PLAN-PAYG,true,active,1987
I,2026-04-01T00:00:00Z,RD-001055,OP-002,Thomas,Lopez,THOMAS.LOPEZ97@MAIL.COM,CTY-BCN,ES,2024-06-12,PLAN-COMMUTE,false,active,1977
I,2026-04-01T00:00:00Z,RD-001056,OP-002,Sofia,Serra,sofia.serra486@gmx.de,CTY-BCN,ES,2025-05-24,PLAN-STUDENT,true,active,1984
I,2026-04-01T00:00:00Z,RD-001057,OP-002,Beatriz,Vidal,beatriz.vidal908@proton.me,CTY-BCN,ES,2024-03-23,PLAN-PAYG,true,active,1971
I,2026-04-01T00:00:00Z,RD-001058,OP-002,Antoine,Benali,antoine.benali378@outlook.com,CTY-BCN,ES,2025-10-31,PLAN-COMMUTE,true,active,1971
I,2026-04-01T00:00:00Z,RD-001059,OP-002,Beatriz,Nilsson,beatriz.nilsson947@proton.me,CTY-BCN,ES,2024-11-26,PLAN-PAYG,true,active,1999
I,2026-04-01T00:00:00Z,RD-001060,OP-001,Elin,Silva,elin.silva596@proton.me,CTY-BCN,ES,2025-12-18,PLAN-PAYG,true,active,1991
I,2026-04-01T00:00:00Z,RD-001061,OP-001,Louis,Conti,louis.conti419@correo.es,CTY-BCN,ES,2025-10-23,PLAN-STUDENT,false,active,2004
I,2026-04-01T00:00:00Z,RD-001062,OP-002,Manon,Serra,manon.serra78@gmx.de,CTY-BCN,ES,2025-01-21,PLAN-COMMUTE,true,active,2003
I,2026-04-01T00:00:00Z,RD-001063,OP-002,Louis,Roux,louis.roux210@mail.com,CTY-BCN,ES,2024-07-18,PLAN-PAYG,true,active,1964
I,2026-04-01T00:00:00Z,RD-001066,OP-002,Louis,Moreno,louis.moreno158@proton.me,CTY-BCN,ES,2025-07-05,PLAN-PAYG,false,active,1987
I,2026-04-01T00:00:00Z,RD-001067,OP-002,Diego,Garcia,diego.garcia113@outlook.com,CTY-BCN,ES,2025-08-19,PLAN-PAYG,true,active,1986
I,2026-04-01T00:00:00Z,RD-001069,OP-001,Beatriz,Bernard,beatriz.bernard453@outlook.com,CTY-BCN,ES,2025-05-24,PLAN-PAYG,false,active,1995
I,2026-04-01T00:00:00Z,RD-001070,OP-002,Elin,Weber,elin.weber654@proton.me,CTY-BCN,ES,2025-02-01,PLAN-PAYG,false,active,1981
I,2026-04-01T00:00:00Z,RD-001071,OP-002,Manon,Conti,manon.conti742@correo.es,CTY-BCN,ES,2025-03-21,PLAN-PAYG,true,active,1969
I,2026-04-01T00:00:00Z,RD-001072,OP-002,Rui,Vidal,rui.vidal829@correo.es,CTY-BCN,ES,2025-03-22,PLAN-PAYG,true,active,1973
I,2026-04-01T00:00:00Z,RD-001073,OP-002,Marta,Nilsson,marta.nilsson292@correo.es,CTY-BCN,ES,2024-02-16,PLAN-COMMUTE,true,active,1969
I,2026-04-01T00:00:00Z,RD-001074,OP-002,Diego,Conti,diego.conti940@outlook.com,CTY-BCN,ES,2025-06-07,PLAN-COMMUTE,true,active,1967
I,2026-04-01T00:00:00Z,RD-001076,OP-002,Karim,Weber,KARIM.WEBER56@OUTLOOK.COM,CTY-BCN,ES,2024-06-13,PLAN-PAYG,true,active,1962
I,2026-04-01T00:00:00Z,RD-001077,OP-002,Ivan,Pereira,ivan.pereira756@correo.es,CTY-BCN,ES,2024-01-22,PLAN-COMMUTE,true,active,1962
I,2026-04-01T00:00:00Z,RD-001078,OP-002,Oskar,Andersson,oskar.andersson345@correo.es,CTY-BCN,ES,2025-07-06,PLAN-PAYG,true,active,1968
I,2026-04-01T00:00:00Z,RD-001079,OP-002,Marta,Silva,marta.silva830@correo.es,CTY-BCN,ES,2024-11-30,PLAN-PAYG,true,active,1997
I,2026-04-01T00:00:00Z,RD-001080,OP-001,Chloe,Garcia,chloe.garcia706@correo.es,CTY-BCN,ES,2025-07-20,PLAN-UNLIMITED,true,active,2004
I,2026-04-01T00:00:00Z,RD-001081,OP-001,Manon,Haddad,manon.haddad62@proton.me,CTY-BCN,ES,2024-03-04,PLAN-PAYG,false,active,1972
I,2026-04-01T00:00:00Z,RD-001082,OP-001,Yasmin,Dubois,yasmin.dubois879@correo.es,CTY-BCN,ES,2024-09-06,PLAN-PAYG,true,active,1994
I,2026-04-01T00:00:00Z,RD-001083,OP-002,Rui,Almeida,rui.almeida220@proton.me,CTY-BCN,ES,2024-07-27,PLAN-PAYG,true,active,1994
I,2026-04-01T00:00:00Z,RD-001084,OP-002,Elin,Novak,elin.novak987@outlook.com,CTY-BCN,ES,2025-10-08,PLAN-UNLIMITED,false,active,1973
I,2026-04-01T00:00:00Z,RD-001085,OP-002,Freja,Dubois,freja.dubois566@gmx.de,CTY-BCN,ES,2025-03-20,PLAN-CORP,true,active,1962
I,2026-04-01T00:00:00Z,RD-001086,OP-002,Lucia,Andersson,lucia.andersson811@correo.es,CTY-BCN,ES,2025-06-01,PLAN-PAYG,true,active,2007
I,2026-04-01T00:00:00Z,RD-001087,OP-002,Rui,Vidal,rui.vidal870@outlook.com,CTY-BCN,ES,2025-07-07,PLAN-COMMUTE,true,active,1984
I,2026-04-01T00:00:00Z,RD-001088,OP-002,Nadia,Serra,nadia.serra746@mail.com,CTY-BCN,ES,2025-09-06,PLAN-PAYG,false,active,2007
I,2026-04-01T00:00:00Z,RD-001089,OP-001,Manon,Conti,manon.conti416@proton.me,CTY-BCN,ES,2024-01-21,PLAN-PAYG,true,active,2003
I,2026-04-01T00:00:00Z,RD-001090,OP-001,Joan,Pereira,joan.pereira380@outlook.com,CTY-BCN,ES,2026-01-10,PLAN-PAYG,true,active,2003
I,2026-04-01T00:00:00Z,RD-001091,OP-002,Yasmin,Berg,yasmin.berg637@correo.es,CTY-BCN,ES,2024-03-17,PLAN-PAYG,false,active,1988
I,2026-04-01T00:00:00Z,RD-001092,OP-001,Pablo,Dubois,pablo.dubois114@gmx.de,CTY-BCN,ES,2025-12-12,PLAN-TOURIST,false,active,1999
I,2026-04-01T00:00:00Z,RD-001093,OP-002,Karim,Roux,karim.roux710@gmx.de,CTY-BCN,ES,2025-07-08,PLAN-PAYG,false,active,1973
I,2026-04-01T00:00:00Z,RD-001094,OP-002,Thomas,Kowalski,thomas.kowalski842@correo.es,CTY-BCN,ES,2026-01-03,PLAN-COMMUTE,false,active,1985
I,2026-04-01T00:00:00Z,RD-001095,OP-002,Chloe,Almeida,chloe.almeida175@outlook.com,CTY-BCN,ES,2026-02-21,PLAN-UNLIMITED,true,active,1970
I,2026-04-01T00:00:00Z,RD-001096,OP-002,Elin,Dubois,elin.dubois520@outlook.com,CTY-BCN,ES,2025-09-23,PLAN-COMMUTE,true,active,1983
I,2026-04-01T00:00:00Z,RD-001097,OP-002,Elin,Lindqvist,elin.lindqvist446@mail.com,CTY-BCN,ES,2025-11-18,PLAN-COMMUTE,false,active,1970
I,2026-04-01T00:00:00Z,RD-001098,OP-002,Beatriz,Benali,beatriz.benali643@proton.me,CTY-BCN,ES,2024-10-01,PLAN-PAYG,false,active,1989
I,2026-04-01T00:00:00Z,RD-001099,OP-002,Beatriz,Nilsson,beatriz.nilsson588@outlook.com,CTY-BCN,ES,2025-03-24,PLAN-PAYG,true,active,1997
I,2026-04-01T00:00:00Z,RD-001100,OP-001,Marta,Roux,marta.roux315@proton.me,CTY-BCN,ES,2025-04-13,PLAN-PAYG,false,active,2005
I,2026-04-01T00:00:00Z,RD-001101,OP-002,Rui,Haddad,rui.haddad78@outlook.com,CTY-BCN,ES,2024-10-09,PLAN-PAYG,false,active,1969
I,2026-04-01T00:00:00Z,RD-001104,OP-002,Tiago,Garcia,tiago.garcia11@outlook.com,CTY-BCN,ES,2024-11-19,PLAN-PAYG,false,active,1962
I,2026-04-01T00:00:00Z,RD-001105,OP-002,Lucia,Bernard, lucia.bernard735@proton.me ,CTY-BCN,ES,2024-02-02,PLAN-PAYG,false,active,1990
I,2026-04-01T00:00:00Z,RD-001106,OP-002,Freja,Almeida,freja.almeida924@mail.com,CTY-BCN,ES,2025-09-08,PLAN-PAYG,true,active,1979
I,2026-04-01T00:00:00Z,RD-001107,OP-002,Tiago,Berg,tiago.berg789@correo.es,CTY-BCN,ES,2024-04-16,PLAN-PAYG,true,active,2004
I,2026-04-01T00:00:00Z,RD-001108,OP-002,Antoine,Ferrer,antoine.ferrer683@outlook.com,CTY-BCN,ES,2024-11-08,PLAN-PAYG,false,active,1978
I,2026-04-01T00:00:00Z,RD-001109,OP-001,Yasmin,Conti,yasmin.conti356@proton.me,CTY-BCN,ES,2025-07-20,PLAN-TOURIST,true,active,1962
I,2026-04-01T00:00:00Z,RD-001110,OP-001,Aina,Dubois,aina.dubois49@mail.com,CTY-BCN,ES,2024-01-14,PLAN-PAYG,false,active,2008
I,2026-04-01T00:00:00Z,RD-001111,OP-002,Freja,Weber,freja.weber607@outlook.com,CTY-BCN,ES,2024-04-14,PLAN-PAYG,true,active,1963
I,2026-04-01T00:00:00Z,RD-001112,OP-002,Omar,Costa,omar.costa572@gmx.de,CTY-BCN,ES,2024-04-09,PLAN-COMMUTE,true,active,1990
I,2026-04-01T00:00:00Z,RD-001113,OP-001,Tiago,Kowalski,tiago.kowalski443@proton.me,CTY-BCN,ES,2024-10-28,PLAN-COMMUTE,false,active,2008
I,2026-04-01T00:00:00Z,RD-001114,OP-002,Omar,Garcia,omar.garcia484@correo.es,CTY-BCN,ES,2025-06-27,PLAN-PAYG,true,active,1963
I,2026-04-01T00:00:00Z,RD-001115,OP-001,Pablo,Novak,pablo.novak382@mail.com,CTY-BCN,ES,2025-03-13,PLAN-PAYG,false,active,1980
I,2026-04-01T00:00:00Z,RD-001116,OP-002,Diego,Berg,diego.berg961@mail.com,CTY-BCN,ES,2025-09-01,PLAN-PAYG,false,active,2004
I,2026-04-01T00:00:00Z,RD-001117,OP-002,Diego,Costa,DIEGO.COSTA888@OUTLOOK.COM,CTY-BCN,ES,2025-02-14,PLAN-PAYG,true,active,1994
I,2026-04-01T00:00:00Z,RD-001118,OP-001,Aina,Fischer,aina.fischer332@gmx.de,CTY-BCN,ES,2024-04-29,PLAN-COMMUTE,false,active,1992
I,2026-04-01T00:00:00Z,RD-001119,OP-001,Aina,Silva,aina.silva183@correo.es,CTY-BCN,ES,2026-02-25,PLAN-UNLIMITED,true,active,1969
I,2026-04-01T00:00:00Z,RD-001120,OP-002,Rui,Garcia,rui.garcia955@gmx.de,CTY-BCN,ES,2024-08-08,PLAN-PAYG,true,active,1978
I,2026-04-01T00:00:00Z,RD-001121,OP-002,Emil,Nilsson,emil.nilsson311@outlook.com,CTY-BCN,ES,2025-02-02,PLAN-PAYG,false,active,1985
I,2026-04-01T00:00:00Z,RD-001122,OP-002,Rui,Lindqvist,rui.lindqvist175@mail.com,CTY-BCN,ES,2024-11-30,PLAN-UNLIMITED,true,active,1996
I,2026-04-01T00:00:00Z,RD-001125,OP-002,Aina,Kowalski,aina.kowalski953@mail.com,CTY-BCN,ES,2024-04-03,PLAN-UNLIMITED,false,active,1977
I,2026-04-01T00:00:00Z,RD-001126,OP-002,Omar,Weber,omar.weber994@proton.me,CTY-BCN,ES,2025-10-10,PLAN-PAYG,false,active,1979
I,2026-04-01T00:00:00Z,RD-001127,OP-002,Tiago,Novak,tiago.novak633@gmx.de,CTY-BCN,ES,2024-09-09,PLAN-PAYG,false,active,1997
I,2026-04-01T00:00:00Z,RD-001128,OP-002,Elin,Serra,elin.serra313@correo.es,CTY-BCN,ES,2025-11-15,PLAN-COMMUTE,false,active,1970
I,2026-04-01T00:00:00Z,RD-001129,OP-002,Chloe,Silva,chloe.silva515@gmx.de,CTY-BCN,ES,2024-04-28,PLAN-PAYG,true,active,1990
I,2026-04-01T00:00:00Z,RD-001130,OP-002,Lucia,Ferrer,lucia.ferrer542@mail.com,CTY-BCN,ES,2024-02-23,PLAN-PAYG,true,active,1978
I,2026-04-01T00:00:00Z,RD-001131,OP-002,Astrid,Dubois,astrid.dubois236@gmx.de,CTY-BCN,ES,2025-04-27,PLAN-COMMUTE,false,active,1971
I,2026-04-01T00:00:00Z,RD-001132,OP-001,Diego,Dubois,diego.dubois762@gmx.de,CTY-BCN,ES,2026-01-19,PLAN-PAYG,false,active,1969
I,2026-04-01T00:00:00Z,RD-001134,OP-002,Nora,Ferrer,nora.ferrer523@outlook.com,CTY-BCN,ES,2025-05-15,PLAN-PAYG,true,active,1969
I,2026-04-01T00:00:00Z,RD-001136,OP-001,Ines,Benali,ines.benali959@mail.com,CTY-BCN,ES,2025-03-13,PLAN-PAYG,true,active,1997
I,2026-04-01T00:00:00Z,RD-001137,OP-001,Lucia,Costa,lucia.costa557@proton.me,CTY-BCN,ES,2025-05-06,PLAN-PAYG,false,active,1997
I,2026-04-01T00:00:00Z,RD-001138,OP-002,Nils,Serra,nils.serra321@correo.es,CTY-BCN,ES,2024-03-05,PLAN-PAYG,false,active,1988
I,2026-04-01T00:00:00Z,RD-001139,OP-002,Elin,Kowalski,elin.kowalski747@correo.es,CTY-BCN,ES,2024-12-01,PLAN-PAYG,true,active,1968
I,2026-04-01T00:00:00Z,RD-001140,OP-001,Ines,Haddad,ines.haddad436@proton.me,CTY-BCN,ES,2024-12-30,PLAN-PAYG,false,active,1986
I,2026-04-01T00:00:00Z,RD-001141,OP-002,Emil,Lopez,emil.lopez761@proton.me,CTY-BCN,ES,2025-03-29,PLAN-UNLIMITED,false,active,1999
I,2026-04-01T00:00:00Z,RD-001142,OP-001,Omar,Lopez,omar.lopez215@proton.me,CTY-BCN,ES,2024-08-17,PLAN-PAYG,false,active,1986
I,2026-04-01T00:00:00Z,RD-001143,OP-002,Camille,Fischer,camille.fischer54@outlook.com,CTY-BCN,ES,2024-12-15,PLAN-COMMUTE,true,active,2006
I,2026-04-01T00:00:00Z,RD-001144,OP-002,Joan,Moreno,joan.moreno568@gmx.de,CTY-BCN,ES,2025-09-01,PLAN-PAYG,true,active,1996
I,2026-04-01T00:00:00Z,RD-001145,OP-001,Nadia,Lindqvist,nadia.lindqvist726@gmx.de,CTY-BCN,ES,2025-12-01,PLAN-PAYG,true,active,1996
I,2026-04-01T00:00:00Z,RD-001146,OP-002,Rui,Pereira,rui.pereira927@gmx.de,CTY-BCN,ES,2024-10-24,PLAN-PAYG,false,active,1986
I,2026-04-01T00:00:00Z,RD-001147,OP-001,Sofia,Conti,sofia.conti530@gmx.de,CTY-BCN,ES,2026-03-06,PLAN-COMMUTE,false,active,1999
I,2026-04-01T00:00:00Z,RD-001150,OP-002,Thomas,Haddad,thomas.haddad624@mail.com,CTY-BCN,ES,2025-07-05,PLAN-STUDENT,false,active,1995
I,2026-04-01T00:00:00Z,RD-001152,OP-001,Ines,Nilsson,ines.nilsson948@gmx.de,CTY-BCN,ES,2024-09-25,PLAN-STUDENT,false,active,1975
I,2026-04-01T00:00:00Z,RD-001153,OP-001,Nils,Martin,nils.martin536@proton.me,CTY-BCN,ES,2024-06-12,PLAN-TOURIST,true,active,1967
I,2026-04-01T00:00:00Z,RD-001154,OP-002,Hugo,Conti,hugo.conti215@outlook.com,CTY-BCN,ES,2024-01-31,PLAN-PAYG,false,active,1996
I,2026-04-01T00:00:00Z,RD-001155,OP-002,Pablo,Weber,pablo.weber625@proton.me,CTY-BCN,ES,2024-09-08,PLAN-STUDENT,true,active,1979
I,2026-04-01T00:00:00Z,RD-001157,OP-002,Astrid,Dubois,astrid.dubois324@correo.es,CTY-BCN,ES,2025-01-14,PLAN-COMMUTE,false,active,1989
I,2026-04-01T00:00:00Z,RD-001158,OP-002,Oskar,Conti, oskar.conti882@outlook.com ,CTY-BCN,ES,2026-03-19,PLAN-COMMUTE,false,active,1996
I,2026-04-01T00:00:00Z,RD-001159,OP-002,Tiago,Weber,tiago.weber476@mail.com,CTY-BCN,ES,2026-01-09,PLAN-COMMUTE,false,active,1974
I,2026-04-01T00:00:00Z,RD-001160,OP-002,Aina,Kowalski,aina.kowalski763@mail.com,CTY-BCN,ES,2026-02-03,PLAN-PAYG,true,active,1999
I,2026-04-01T00:00:00Z,RD-001162,OP-001,Aina,Novak,aina.novak125@correo.es,CTY-BCN,ES,2024-12-23,PLAN-COMMUTE,true,active,1998
I,2026-04-01T00:00:00Z,RD-001164,OP-002,Diego,Silva,diego.silva307@correo.es,CTY-BCN,ES,2024-05-18,PLAN-COMMUTE,true,active,1987
I,2026-04-01T00:00:00Z,RD-001165,OP-001,Lucia,Silva,lucia.silva806@outlook.com,CTY-BCN,ES,2026-03-25,PLAN-PAYG,false,active,1987
I,2026-04-01T00:00:00Z,RD-001166,OP-002,Nora,Fischer,NORA.FISCHER115@MAIL.COM,CTY-BCN,ES,2025-12-07,PLAN-COMMUTE,false,active,1989
I,2026-04-01T00:00:00Z,RD-001167,OP-002,Ivan,Andersson,ivan.andersson634@mail.com,CTY-BCN,ES,2026-03-28,PLAN-COMMUTE,false,active,1996
I,2026-04-01T00:00:00Z,RD-001168,OP-001,Elin,Weber,elin.weber93@gmx.de,CTY-BCN,ES,2025-03-16,PLAN-COMMUTE,false,active,1990
I,2026-04-01T00:00:00Z,RD-001169,OP-002,Louis,Lindqvist,louis.lindqvist882@proton.me,CTY-BCN,ES,2024-12-08,PLAN-STUDENT,true,active,1999
I,2026-04-01T00:00:00Z,RD-001170,OP-002,Emil,Haddad,emil.haddad809@mail.com,CTY-BCN,ES,2024-12-21,PLAN-PAYG,false,active,1977
I,2026-04-01T00:00:00Z,RD-001171,OP-002,Freja,Kowalski,freja.kowalski138@outlook.com,CTY-BCN,ES,2025-11-06,PLAN-UNLIMITED,false,active,1993
I,2026-04-01T00:00:00Z,RD-001172,OP-002,Hugo,Dubois,hugo.dubois558@outlook.com,CTY-BCN,ES,2024-06-11,PLAN-PAYG,false,active,1988
I,2026-04-01T00:00:00Z,RD-001173,OP-001,Marta,Silva,marta.silva182@outlook.com,CTY-BCN,ES,2024-10-29,PLAN-PAYG,false,active,1978
I,2026-04-01T00:00:00Z,RD-001174,OP-002,Lucia,Rossi,lucia.rossi36@mail.com,CTY-BCN,ES,2024-03-19,PLAN-COMMUTE,false,active,1982
I,2026-04-01T00:00:00Z,RD-001176,OP-002,Tiago,Haddad, tiago.haddad910@outlook.com ,CTY-BCN,ES,2025-11-16,PLAN-PAYG,false,active,1980
I,2026-04-01T00:00:00Z,RD-001177,OP-002,Marta,Berg,marta.berg214@proton.me,CTY-BCN,ES,2025-03-05,PLAN-PAYG,true,active,1978
I,2026-04-01T00:00:00Z,RD-001178,OP-002,Thomas,Fischer,THOMAS.FISCHER939@CORREO.ES,CTY-BCN,ES,2025-04-09,PLAN-COMMUTE,true,active,1968
I,2026-04-01T00:00:00Z,RD-001179,OP-002,Elin,Fischer,elin.fischer590@proton.me,CTY-BCN,ES,2024-01-23,PLAN-COMMUTE,true,active,1988
I,2026-04-01T00:00:00Z,RD-001180,OP-002,Emil,Almeida,emil.almeida882@outlook.com,CTY-BCN,ES,2026-02-13,PLAN-COMMUTE,true,active,1998
I,2026-04-01T00:00:00Z,RD-001181,OP-002,Hugo,Serra,hugo.serra879@gmx.de,CTY-BCN,ES,2026-02-20,PLAN-UNLIMITED,false,active,1979
I,2026-04-01T00:00:00Z,RD-001182,OP-001,Karim,Silva,karim.silva115@correo.es,CTY-BCN,ES,2024-12-25,PLAN-STUDENT,false,active,1996
I,2026-04-01T00:00:00Z,RD-001183,OP-002,Thomas,Dubois,thomas.dubois127@proton.me,CTY-BCN,ES,2025-05-17,PLAN-PAYG,true,active,1963
I,2026-04-01T00:00:00Z,RD-001184,OP-001,Camille,Pereira,camille.pereira123@mail.com,CTY-BCN,ES,2025-07-27,PLAN-COMMUTE,false,active,2008
I,2026-04-01T00:00:00Z,RD-001185,OP-002,Manon,Ferrer,manon.ferrer605@outlook.com,CTY-BCN,ES,2024-08-01,PLAN-COMMUTE,true,active,1994
I,2026-04-01T00:00:00Z,RD-001186,OP-002,Emil,Andersson,emil.andersson668@gmx.de,CTY-BCN,ES,2025-03-29,PLAN-CORP,true,active,2008
I,2026-04-01T00:00:00Z,RD-001187,OP-002,Ivan,Andersson,ivan.andersson487@proton.me,CTY-BCN,ES,2026-02-18,PLAN-PAYG,false,active,1968
I,2026-04-01T00:00:00Z,RD-001188,OP-002,Ivan,Rossi,ivan.rossi638@mail.com,CTY-BCN,ES,2024-01-13,PLAN-CORP,false,active,1974
I,2026-04-01T00:00:00Z,RD-001189,OP-001,Ines,Novak,ines.novak191@outlook.com,CTY-BCN,ES,2024-01-24,PLAN-PAYG,true,active,1984
I,2026-04-01T00:00:00Z,RD-001190,OP-002,Sofia,Fischer,sofia.fischer947@gmx.de,CTY-BCN,ES,2024-02-10,PLAN-PAYG,true,active,1976
I,2026-04-01T00:00:00Z,RD-001191,OP-002,Nadia,Lopez,nadia.lopez669@gmx.de,CTY-BCN,ES,2026-01-11,PLAN-PAYG,true,active,1962
I,2026-04-01T00:00:00Z,RD-001192,OP-002,Pablo,Lindqvist,PABLO.LINDQVIST355@PROTON.ME,CTY-BCN,ES,2024-01-21,PLAN-COMMUTE,false,active,1966
I,2026-04-01T00:00:00Z,RD-001193,OP-002,Beatriz,Andersson,beatriz.andersson800@correo.es,CTY-BCN,ES,2025-01-15,PLAN-STUDENT,true,active,1965
I,2026-04-01T00:00:00Z,RD-001194,OP-002,Rui,Martin,rui.martin102@correo.es,CTY-BCN,ES,2024-11-12,PLAN-PAYG,false,active,1996
I,2026-04-01T00:00:00Z,RD-001195,OP-002,Astrid,Garcia,astrid.garcia572@proton.me,CTY-BCN,ES,2026-01-23,PLAN-PAYG,false,active,1978
I,2026-04-01T00:00:00Z,RD-001196,OP-002,Astrid,Lindqvist,ASTRID.LINDQVIST627@PROTON.ME,CTY-BCN,ES,2024-07-06,PLAN-PAYG,false,active,1967
I,2026-04-01T00:00:00Z,RD-001197,OP-002,Antoine,Vidal,antoine.vidal272@correo.es,CTY-BCN,ES,2024-01-15,PLAN-PAYG,true,active,1968
I,2026-04-01T00:00:00Z,RD-001198,OP-002,Tiago,Benali,tiago.benali313@proton.me,CTY-BCN,ES,2024-07-16,PLAN-PAYG,true,active,2006
I,2026-04-01T00:00:00Z,RD-001199,OP-002,Freja,Andersson,freja.andersson153@outlook.com,CTY-BCN,ES,2024-01-13,PLAN-PAYG,true,active,1965
I,2026-04-01T00:00:00Z,RD-001200,OP-001,Omar,Vidal,omar.vidal609@gmx.de,CTY-BCN,ES,2024-02-02,PLAN-COMMUTE,true,active,1987
I,2026-04-01T00:00:00Z,RD-001201,OP-002,Nadia,Fischer,nadia.fischer72@outlook.com,CTY-BCN,ES,2024-05-18,PLAN-PAYG,false,active,1996
I,2026-04-01T00:00:00Z,RD-001202,OP-002,Beatriz,Garcia,beatriz.garcia488@outlook.com,CTY-BCN,ES,2025-04-21,PLAN-PAYG,true,active,1968
I,2026-04-01T00:00:00Z,RD-001203,OP-002,Emil,Lindqvist,emil.lindqvist577@mail.com,CTY-BCN,ES,2026-03-28,PLAN-PAYG,false,active,1975
I,2026-04-01T00:00:00Z,RD-001204,OP-002,Rui,Dubois,rui.dubois798@mail.com,CTY-BCN,ES,2026-02-09,PLAN-COMMUTE,true,active,1972
I,2026-04-01T00:00:00Z,RD-001206,OP-002,Camille,Almeida,camille.almeida123@mail.com,CTY-BCN,ES,2024-07-09,PLAN-STUDENT,false,active,1982
I,2026-04-01T00:00:00Z,RD-001207,OP-001,Karim,Rossi,karim.rossi418@mail.com,CTY-BCN,ES,2026-01-31,PLAN-TOURIST,true,active,1998
I,2026-04-01T00:00:00Z,RD-001208,OP-001,Hugo,Roux,hugo.roux486@mail.com,CTY-BCN,ES,2024-03-11,PLAN-PAYG,false,active,1977
I,2026-04-01T00:00:00Z,RD-001209,OP-001,Nils,Ferrer,nils.ferrer845@correo.es,CTY-BCN,ES,2024-05-28,PLAN-COMMUTE,false,active,1970
I,2026-04-01T00:00:00Z,RD-001210,OP-002,Hugo,Costa,hugo.costa407@mail.com,CTY-BCN,ES,2025-10-25,PLAN-PAYG,true,active,1975
I,2026-04-01T00:00:00Z,RD-001211,OP-002,Omar,Haddad,omar.haddad146@mail.com,CTY-BCN,ES,2024-03-25,PLAN-COMMUTE,false,active,1990
I,2026-04-01T00:00:00Z,RD-001212,OP-001,Antoine,Martin,antoine.martin632@mail.com,CTY-BCN,ES,2025-01-19,PLAN-PAYG,true,active,1988
I,2026-04-01T00:00:00Z,RD-001213,OP-002,Camille,Novak,camille.novak231@correo.es,CTY-BCN,ES,2024-04-06,PLAN-PAYG,true,active,2003
I,2026-04-01T00:00:00Z,RD-001214,OP-001,Astrid,Benali,astrid.benali571@mail.com,CTY-BCN,ES,2026-01-07,PLAN-TOURIST,true,active,1979
I,2026-04-01T00:00:00Z,RD-001215,OP-002,Oskar,Rossi,oskar.rossi360@mail.com,CTY-BCN,ES,2025-07-07,PLAN-PAYG,true,active,1968
I,2026-04-01T00:00:00Z,RD-001216,OP-002,Camille,Berg,CAMILLE.BERG717@CORREO.ES,CTY-BCN,ES,2024-11-23,PLAN-COMMUTE,true,active,1979
I,2026-04-01T00:00:00Z,RD-001217,OP-002,Joan,Andersson, joan.andersson151@mail.com ,CTY-BCN,ES,2025-02-18,PLAN-COMMUTE,false,active,1975
I,2026-04-01T00:00:00Z,RD-001219,OP-001,Astrid,Almeida,astrid.almeida513@outlook.com,CTY-BCN,ES,2024-01-10,PLAN-PAYG,false,active,1978
I,2026-04-01T00:00:00Z,RD-001220,OP-002,Marta,Bernard,marta.bernard841@outlook.com,CTY-BCN,ES,2025-03-24,PLAN-TOURIST,true,active,1998
I,2026-04-01T00:00:00Z,RD-001222,OP-002,Joan,Almeida,joan.almeida783@outlook.com,CTY-BCN,ES,2026-01-13,PLAN-UNLIMITED,true,active,1987
I,2026-04-01T00:00:00Z,RD-001224,OP-002,Sofia,Bernard,sofia.bernard968@mail.com,CTY-BCN,ES,2025-04-04,PLAN-PAYG,true,active,1976
I,2026-04-01T00:00:00Z,RD-001225,OP-002,Beatriz,Bernard,beatriz.bernard443@correo.es,CTY-BCN,ES,2024-10-07,PLAN-PAYG,true,active,1972
I,2026-04-01T00:00:00Z,RD-001226,OP-002,Lucia,Serra,lucia.serra504@correo.es,CTY-BCN,ES,2026-01-14,PLAN-UNLIMITED,false,active,1983
I,2026-04-01T00:00:00Z,RD-001227,OP-001,Marta,Andersson,marta.andersson63@mail.com,CTY-BCN,ES,2024-01-03,PLAN-PAYG,false,active,1977
I,2026-04-01T00:00:00Z,RD-001228,OP-002,Antoine,Dubois, antoine.dubois26@proton.me ,CTY-BCN,ES,2025-02-16,PLAN-COMMUTE,true,active,2001
I,2026-04-01T00:00:00Z,RD-001229,OP-002,Ines,Bernard,ines.bernard582@mail.com,CTY-BCN,ES,2026-03-07,PLAN-PAYG,true,active,1987
I,2026-04-01T00:00:00Z,RD-001231,OP-002,Aina,Kowalski,aina.kowalski760@outlook.com,CTY-BCN,ES,2025-04-12,PLAN-COMMUTE,false,active,2007
I,2026-04-01T00:00:00Z,RD-001232,OP-002,Rui,Ferrer,rui.ferrer815@gmx.de,CTY-BCN,ES,2025-07-08,PLAN-PAYG,true,active,1997
I,2026-04-01T00:00:00Z,RD-001233,OP-001,Nils,Martin,nils.martin251@mail.com,CTY-BCN,ES,2025-02-01,PLAN-PAYG,false,active,2005
I,2026-04-01T00:00:00Z,RD-001234,OP-002,Ivan,Lindqvist,ivan.lindqvist741@correo.es,CTY-BCN,ES,2024-04-09,PLAN-CORP,true,active,1968
I,2026-04-01T00:00:00Z,RD-001235,OP-002,Ines,Lopez,ines.lopez619@outlook.com,CTY-BCN,ES,2025-11-09,PLAN-COMMUTE,false,active,1983
I,2026-04-01T00:00:00Z,RD-001237,OP-001,Sofia,Fischer,sofia.fischer71@gmx.de,CTY-BCN,ES,2024-01-13,PLAN-PAYG,true,active,1979
I,2026-04-01T00:00:00Z,RD-001238,OP-002,Nils,Pereira,nils.pereira385@outlook.com,CTY-BCN,ES,2024-11-25,PLAN-COMMUTE,false,active,1980
I,2026-04-01T00:00:00Z,RD-001239,OP-002,Elin,Garcia,ELIN.GARCIA195@GMX.DE,CTY-BCN,ES,2025-02-18,PLAN-PAYG,true,active,2007
I,2026-04-01T00:00:00Z,RD-001240,OP-002,Joan,Roux,joan.roux739@mail.com,CTY-BCN,ES,2025-10-21,PLAN-STUDENT,true,active,2006
I,2026-04-01T00:00:00Z,RD-001241,OP-001,Ines,Vidal,ines.vidal228@outlook.com,CTY-BCN,ES,2025-10-30,PLAN-PAYG,false,active,1962
I,2026-04-01T00:00:00Z,RD-001242,OP-002,Aina,Almeida,aina.almeida355@outlook.com,CTY-BCN,ES,2025-06-27,PLAN-UNLIMITED,false,active,1978
I,2026-04-01T00:00:00Z,RD-001243,OP-001,Chloe,Silva,chloe.silva233@gmx.de,CTY-BCN,ES,2025-04-23,PLAN-COMMUTE,true,active,1988
I,2026-04-01T00:00:00Z,RD-001244,OP-001,Diego,Serra,diego.serra353@proton.me,CTY-BCN,ES,2024-08-15,PLAN-PAYG,false,active,1967
I,2026-04-01T00:00:00Z,RD-001245,OP-002,Marta,Bernard,MARTA.BERNARD281@MAIL.COM,CTY-BCN,ES,2026-03-01,PLAN-PAYG,false,active,1978
I,2026-04-01T00:00:00Z,RD-001246,OP-002,Tiago,Moreno,tiago.moreno644@correo.es,CTY-BCN,ES,2024-03-12,PLAN-COMMUTE,false,active,1984
I,2026-04-01T00:00:00Z,RD-001248,OP-002,Astrid,Benali,astrid.benali271@proton.me,CTY-BCN,ES,2024-02-26,PLAN-PAYG,true,active,1967
I,2026-04-01T00:00:00Z,RD-001249,OP-002,Aina,Roux,aina.roux470@mail.com,CTY-BCN,ES,2024-05-26,PLAN-PAYG,true,active,1974
I,2026-04-01T00:00:00Z,RD-001250,OP-002,Nadia,Vidal,nadia.vidal438@mail.com,CTY-BCN,ES,2025-10-04,PLAN-PAYG,true,active,1963
I,2026-04-01T00:00:00Z,RD-001251,OP-001,Camille,Berg,camille.berg384@mail.com,CTY-BCN,ES,2026-01-02,PLAN-PAYG,false,active,1989
I,2026-04-01T00:00:00Z,RD-001253,OP-001,Camille,Serra,camille.serra430@correo.es,CTY-BCN,ES,2025-03-26,PLAN-UNLIMITED,false,active,1986
I,2026-04-01T00:00:00Z,RD-001254,OP-002,Yasmin,Garcia,yasmin.garcia341@correo.es,CTY-BCN,ES,2024-03-31,PLAN-PAYG,false,active,2008
I,2026-04-01T00:00:00Z,RD-001255,OP-002,Thomas,Fischer,thomas.fischer988@gmx.de,CTY-BCN,ES,2024-07-28,PLAN-PAYG,true,active,1978
I,2026-04-01T00:00:00Z,RD-001256,OP-002,Nils,Kowalski,NILS.KOWALSKI477@GMX.DE,CTY-BCN,ES,2025-03-07,PLAN-TOURIST,true,active,1990
I,2026-04-01T00:00:00Z,RD-001257,OP-002,Nadia,Conti,NADIA.CONTI307@MAIL.COM,CTY-BCN,ES,2025-11-26,PLAN-COMMUTE,true,active,1972
I,2026-04-01T00:00:00Z,RD-001259,OP-002,Karim,Vidal,karim.vidal980@outlook.com,CTY-BCN,ES,2024-03-19,PLAN-UNLIMITED,false,active,1996
I,2026-04-01T00:00:00Z,RD-001260,OP-001,Astrid,Bernard,astrid.bernard810@outlook.com,CTY-BCN,ES,2024-10-03,PLAN-PAYG,false,active,1967
I,2026-04-01T00:00:00Z,RD-001261,OP-002,Louis,Serra,louis.serra213@gmx.de,CTY-BCN,ES,2025-10-16,PLAN-PAYG,false,active,1968
I,2026-04-01T00:00:00Z,RD-001262,OP-002,Antoine,Bernard,antoine.bernard495@gmx.de,CTY-BCN,ES,2025-08-02,PLAN-TOURIST,true,active,1977
I,2026-04-01T00:00:00Z,RD-001263,OP-001,Elin,Berg,elin.berg55@gmx.de,CTY-BCN,ES,2024-11-10,PLAN-COMMUTE,false,active,1997
I,2026-04-01T00:00:00Z,RD-001264,OP-002,Aina,Moreno,aina.moreno810@proton.me,CTY-BCN,ES,2024-12-10,PLAN-STUDENT,false,active,1972
I,2026-04-01T00:00:00Z,RD-001265,OP-002,Nadia,Rossi,NADIA.ROSSI902@MAIL.COM,CTY-BCN,ES,2024-06-25,PLAN-COMMUTE,false,active,1994
I,2026-04-01T00:00:00Z,RD-001266,OP-001,Camille,Lopez,camille.lopez687@outlook.com,CTY-BCN,ES,2024-04-13,PLAN-PAYG,true,active,1996
I,2026-04-01T00:00:00Z,RD-001267,OP-002,Tiago,Lopez,tiago.lopez256@mail.com,CTY-BCN,ES,2025-04-19,PLAN-UNLIMITED,false,active,1976
I,2026-04-01T00:00:00Z,RD-001268,OP-002,Diego,Lindqvist,diego.lindqvist808@gmx.de,CTY-BCN,ES,2025-08-23,PLAN-PAYG,true,active,2008
I,2026-04-01T00:00:00Z,RD-001269,OP-002,Lucia,Bernard,lucia.bernard821@proton.me,CTY-BCN,ES,2025-08-23,PLAN-PAYG,false,active,1987
I,2026-04-01T00:00:00Z,RD-001271,OP-002,Hugo,Costa,hugo.costa768@gmx.de,CTY-BCN,ES,2025-11-03,PLAN-PAYG,true,active,1977
I,2026-04-01T00:00:00Z,RD-001272,OP-002,Karim,Garcia,karim.garcia53@gmx.de,CTY-BCN,ES,2025-02-15,PLAN-COMMUTE,false,active,1962
I,2026-04-01T00:00:00Z,RD-001273,OP-002,Yasmin,Lindqvist,yasmin.lindqvist731@outlook.com,CTY-BCN,ES,2024-04-12,PLAN-PAYG,true,active,1974
I,2026-04-01T00:00:00Z,RD-001274,OP-001,Hugo,Ferrer,hugo.ferrer108@outlook.com,CTY-BCN,ES,2024-07-25,PLAN-PAYG,true,active,1967
I,2026-04-01T00:00:00Z,RD-001275,OP-002,Lucia,Fischer,lucia.fischer215@gmx.de,CTY-BCN,ES,2024-01-14,PLAN-UNLIMITED,false,active,1969
I,2026-04-01T00:00:00Z,RD-001276,OP-001,Ivan,Moreno,ivan.moreno766@mail.com,CTY-BCN,ES,2025-05-23,PLAN-COMMUTE,false,active,2003
I,2026-04-01T00:00:00Z,RD-001277,OP-002,Tiago,Pereira,tiago.pereira108@proton.me,CTY-BCN,ES,2026-02-06,PLAN-UNLIMITED,true,active,1984
I,2026-04-01T00:00:00Z,RD-001278,OP-002,Louis,Rossi,louis.rossi53@outlook.com,CTY-BCN,ES,2026-02-08,PLAN-PAYG,false,active,2002
I,2026-04-01T00:00:00Z,RD-001279,OP-002,Tiago,Garcia,TIAGO.GARCIA378@CORREO.ES,CTY-BCN,ES,2025-01-08,PLAN-COMMUTE,true,active,1985
I,2026-04-01T00:00:00Z,RD-001280,OP-002,Astrid,Silva,astrid.silva170@mail.com,CTY-BCN,ES,2025-06-26,PLAN-PAYG,true,active,1997
I,2026-04-01T00:00:00Z,RD-001281,OP-001,Ines,Kowalski,ines.kowalski536@mail.com,CTY-BCN,ES,2025-03-30,PLAN-PAYG,false,active,2000
I,2026-04-01T00:00:00Z,RD-001282,OP-002,Manon,Ferrer,manon.ferrer115@proton.me,CTY-BCN,ES,2025-04-24,PLAN-PAYG,true,active,1997
I,2026-04-01T00:00:00Z,RD-001283,OP-002,Chloe,Bernard,chloe.bernard482@correo.es,CTY-BCN,ES,2025-09-22,PLAN-PAYG,true,active,2005
I,2026-04-01T00:00:00Z,RD-001284,OP-002,Rui,Weber,rui.weber258@proton.me,CTY-BCN,ES,2025-01-28,PLAN-PAYG,true,active,1996
I,2026-04-01T00:00:00Z,RD-001285,OP-002,Nora,Martin,nora.martin42@proton.me,CTY-BCN,ES,2024-08-20,PLAN-UNLIMITED,true,active,1962
I,2026-04-01T00:00:00Z,RD-001286,OP-002,Hugo,Fischer,hugo.fischer690@outlook.com,CTY-BCN,ES,2024-01-16,PLAN-PAYG,false,active,1991
I,2026-04-01T00:00:00Z,RD-001287,OP-002,Karim,Bernard,karim.bernard667@gmx.de,CTY-BCN,ES,2024-06-22,PLAN-COMMUTE,false,active,1974
I,2026-04-01T00:00:00Z,RD-001289,OP-001,Beatriz,Ferrer,beatriz.ferrer617@proton.me,CTY-BCN,ES,2025-01-28,PLAN-PAYG,false,active,1978
I,2026-04-01T00:00:00Z,RD-001290,OP-002,Freja,Kowalski,freja.kowalski821@proton.me,CTY-BCN,ES,2025-02-02,PLAN-COMMUTE,false,active,1966
I,2026-04-01T00:00:00Z,RD-001291,OP-002,Nils,Benali,nils.benali592@gmx.de,CTY-BCN,ES,2024-09-08,PLAN-COMMUTE,true,active,1967
I,2026-04-01T00:00:00Z,RD-001293,OP-001,Marta,Martin,marta.martin203@gmx.de,CTY-BCN,ES,2024-08-10,PLAN-PAYG,false,active,1972
I,2026-04-01T00:00:00Z,RD-001294,OP-002,Diego,Andersson,diego.andersson116@outlook.com,CTY-BCN,ES,2025-12-12,PLAN-PAYG,true,active,1998
I,2026-04-01T00:00:00Z,RD-001295,OP-002,Aina,Nilsson,aina.nilsson516@mail.com,CTY-BCN,ES,2024-10-26,PLAN-PAYG,true,active,1981
I,2026-04-01T00:00:00Z,RD-001296,OP-002,Omar,Moreno,omar.moreno829@mail.com,CTY-BCN,ES,2025-09-07,PLAN-STUDENT,false,active,1976
I,2026-04-01T00:00:00Z,RD-001297,OP-002,Diego,Dubois, diego.dubois163@mail.com ,CTY-BCN,ES,2024-03-13,PLAN-COMMUTE,false,active,1988
I,2026-04-01T00:00:00Z,RD-001298,OP-002,Ivan,Benali,IVAN.BENALI171@PROTON.ME,CTY-BCN,ES,2024-09-07,PLAN-UNLIMITED,true,active,1981
I,2026-04-01T00:00:00Z,RD-001299,OP-002,Tiago,Lopez,tiago.lopez18@mail.com,CTY-BCN,ES,2024-11-29,PLAN-UNLIMITED,false,active,1993
I,2026-04-01T00:00:00Z,RD-001300,OP-001,Nils,Berg,nils.berg503@outlook.com,CTY-BCN,ES,2024-06-08,PLAN-STUDENT,false,active,1969
I,2026-04-01T00:00:00Z,RD-001301,OP-002,Elin,Martin,elin.martin329@mail.com,CTY-BCN,ES,2024-12-11,PLAN-PAYG,true,active,1990
I,2026-04-01T00:00:00Z,RD-001302,OP-002,Omar,Martin,omar.martin138@correo.es,CTY-BCN,ES,2024-04-10,PLAN-COMMUTE,false,active,1994
I,2026-04-01T00:00:00Z,RD-001303,OP-002,Pablo,Silva,pablo.silva386@mail.com,CTY-BCN,ES,2024-06-07,PLAN-COMMUTE,false,active,1972
I,2026-04-01T00:00:00Z,RD-001304,OP-002,Ivan,Conti,ivan.conti303@gmx.de,CTY-BCN,ES,2024-06-06,PLAN-PAYG,false,active,1979
I,2026-04-01T00:00:00Z,RD-001305,OP-002,Nils,Weber,nils.weber38@gmx.de,CTY-BCN,ES,2024-05-24,PLAN-PAYG,true,active,1963
I,2026-04-01T00:00:00Z,RD-001306,OP-002,Astrid,Andersson,astrid.andersson475@mail.com,CTY-BCN,ES,2025-05-27,PLAN-PAYG,false,active,2003
I,2026-04-01T00:00:00Z,RD-001307,OP-001,Emil,Roux,emil.roux236@proton.me,CTY-BCN,ES,2026-02-09,PLAN-COMMUTE,true,active,1975
I,2026-04-01T00:00:00Z,RD-001308,OP-002,Aina,Fischer,AINA.FISCHER831@MAIL.COM,CTY-BCN,ES,2024-08-21,PLAN-COMMUTE,false,active,1970
I,2026-04-01T00:00:00Z,RD-001309,OP-001,Yasmin,Lopez,yasmin.lopez867@gmx.de,CTY-BCN,ES,2025-05-30,PLAN-COMMUTE,true,active,1986
I,2026-04-01T00:00:00Z,RD-001310,OP-002,Joan,Serra,joan.serra266@proton.me,CTY-BCN,ES,2024-12-06,PLAN-COMMUTE,false,active,1971
I,2026-04-01T00:00:00Z,RD-001311,OP-002,Nadia,Dubois,nadia.dubois854@gmx.de,CTY-BCN,ES,2025-06-12,PLAN-TOURIST,false,active,1988
I,2026-04-01T00:00:00Z,RD-001312,OP-002,Nils,Berg,nils.berg669@proton.me,CTY-BCN,ES,2025-04-01,PLAN-COMMUTE,true,active,1992
I,2026-04-01T00:00:00Z,RD-001313,OP-002,Lucia,Rossi,lucia.rossi214@outlook.com,CTY-BCN,ES,2024-12-12,PLAN-TOURIST,false,active,1992
I,2026-04-01T00:00:00Z,RD-001314,OP-002,Nils,Rossi,nils.rossi129@correo.es,CTY-BCN,ES,2025-09-10,PLAN-UNLIMITED,false,active,2008
I,2026-04-01T00:00:00Z,RD-001315,OP-002,Ines,Martin,ines.martin918@mail.com,CTY-BCN,ES,2025-02-20,PLAN-STUDENT,false,active,1999
I,2026-04-01T00:00:00Z,RD-001316,OP-002,Louis,Lindqvist,louis.lindqvist343@gmx.de,CTY-BCN,ES,2025-12-11,PLAN-COMMUTE,false,active,1962
I,2026-04-01T00:00:00Z,RD-001317,OP-002,Oskar,Fischer,oskar.fischer967@outlook.com,CTY-BCN,ES,2025-06-21,PLAN-COMMUTE,false,active,1974
I,2026-04-01T00:00:00Z,RD-001318,OP-002,Beatriz,Pereira,beatriz.pereira611@proton.me,CTY-BCN,ES,2024-12-01,PLAN-PAYG,false,active,1962
I,2026-04-01T00:00:00Z,RD-001319,OP-002,Elin,Andersson,elin.andersson330@proton.me,CTY-BCN,ES,2026-01-25,PLAN-PAYG,false,active,1994
I,2026-04-01T00:00:00Z,RD-001320,OP-002,Rui,Dubois,rui.dubois353@gmx.de,CTY-BCN,ES,2024-12-13,PLAN-PAYG,true,active,1999
I,2026-04-01T00:00:00Z,RD-001321,OP-002,Chloe,Garcia,chloe.garcia540@gmx.de,CTY-BCN,ES,2026-03-11,PLAN-PAYG,true,active,1992
I,2026-04-01T00:00:00Z,RD-001322,OP-002,Nora,Almeida,nora.almeida467@correo.es,CTY-BCN,ES,2024-05-13,PLAN-PAYG,true,active,1973
I,2026-04-01T00:00:00Z,RD-001323,OP-002,Camille,Vidal,camille.vidal780@mail.com,CTY-BCN,ES,2024-04-18,PLAN-STUDENT,false,active,2003
I,2026-04-01T00:00:00Z,RD-001324,OP-002,Rui,Weber, rui.weber636@gmx.de ,CTY-BCN,ES,2024-05-03,PLAN-PAYG,true,active,1962
I,2026-04-01T00:00:00Z,RD-001325,OP-002,Manon,Nilsson,manon.nilsson381@mail.com,CTY-BCN,ES,2025-07-10,PLAN-PAYG,false,active,1998
I,2026-04-01T00:00:00Z,RD-001326,OP-002,Yasmin,Bernard, yasmin.bernard786@mail.com ,CTY-BCN,ES,2024-06-28,PLAN-STUDENT,true,active,1981
I,2026-04-01T00:00:00Z,RD-001327,OP-002,Beatriz,Fischer,beatriz.fischer921@correo.es,CTY-BCN,ES,2024-01-31,PLAN-COMMUTE,true,active,1968
I,2026-04-01T00:00:00Z,RD-001328,OP-002,Nadia,Berg,nadia.berg276@proton.me,CTY-BCN,ES,2025-02-11,PLAN-STUDENT,true,active,1989
I,2026-04-01T00:00:00Z,RD-001329,OP-001,Tiago,Garcia,tiago.garcia476@mail.com,CTY-BCN,ES,2025-04-06,PLAN-UNLIMITED,true,active,1987
I,2026-04-01T00:00:00Z,RD-001330,OP-002,Omar,Andersson,omar.andersson41@gmx.de,CTY-BCN,ES,2026-03-08,PLAN-COMMUTE,true,active,1980
I,2026-04-01T00:00:00Z,RD-001331,OP-002,Beatriz,Andersson,beatriz.andersson856@proton.me,CTY-BCN,ES,2025-02-27,PLAN-PAYG,false,active,1986
I,2026-04-01T00:00:00Z,RD-001333,OP-001,Nils,Lindqvist,nils.lindqvist553@correo.es,CTY-BCN,ES,2024-01-06,PLAN-CORP,true,active,1987
I,2026-04-01T00:00:00Z,RD-001334,OP-002,Manon,Silva,manon.silva903@gmx.de,CTY-BCN,ES,2024-06-09,PLAN-COMMUTE,false,active,1968
I,2026-04-01T00:00:00Z,RD-001335,OP-002,Chloe,Benali,chloe.benali231@correo.es,CTY-BCN,ES,2025-09-11,PLAN-PAYG,true,active,1993
I,2026-04-01T00:00:00Z,RD-001336,OP-001,Hugo,Roux,hugo.roux917@outlook.com,CTY-BCN,ES,2024-06-12,PLAN-PAYG,false,active,1976
I,2026-04-01T00:00:00Z,RD-001337,OP-002,Oskar,Berg, oskar.berg966@mail.com ,CTY-BCN,ES,2026-03-01,PLAN-PAYG,false,active,1987
I,2026-04-01T00:00:00Z,RD-001338,OP-002,Nils,Dubois,nils.dubois844@correo.es,CTY-BCN,ES,2024-12-05,PLAN-PAYG,true,active,1997
I,2026-04-01T00:00:00Z,RD-001339,OP-002,Camille,Martin,CAMILLE.MARTIN570@GMX.DE,CTY-BCN,ES,2024-07-29,PLAN-PAYG,false,active,1992
I,2026-04-01T00:00:00Z,RD-001341,OP-001,Thomas,Martin,thomas.martin423@mail.com,CTY-BCN,ES,2026-02-10,PLAN-PAYG,true,active,2004
I,2026-04-01T00:00:00Z,RD-001343,OP-001,Manon,Lopez,manon.lopez846@gmx.de,CTY-BCN,ES,2026-03-06,PLAN-UNLIMITED,true,active,2001
I,2026-04-01T00:00:00Z,RD-001344,OP-002,Joan,Berg,joan.berg936@mail.com,CTY-BCN,ES,2025-08-09,PLAN-COMMUTE,true,active,1972
I,2026-04-01T00:00:00Z,RD-001345,OP-002,Hugo,Conti,HUGO.CONTI310@OUTLOOK.COM,CTY-BCN,ES,2024-06-26,PLAN-PAYG,true,active,1989
I,2026-04-01T00:00:00Z,RD-001346,OP-002,Nadia,Rossi, nadia.rossi776@mail.com ,CTY-BCN,ES,2025-10-29,PLAN-PAYG,true,active,2004
I,2026-04-01T00:00:00Z,RD-001347,OP-002,Rui,Conti,rui.conti291@gmx.de,CTY-BCN,ES,2024-12-11,PLAN-STUDENT,true,active,1976
I,2026-04-01T00:00:00Z,RD-001349,OP-001,Nora,Weber,nora.weber897@correo.es,CTY-BCN,ES,2024-07-16,PLAN-PAYG,true,active,1987
I,2026-04-01T00:00:00Z,RD-001350,OP-002,Omar,Serra,omar.serra8@outlook.com,CTY-BCN,ES,2024-05-15,PLAN-PAYG,true,active,1969
I,2026-04-01T00:00:00Z,RD-001351,OP-002,Yasmin,Kowalski, yasmin.kowalski692@outlook.com ,CTY-BCN,ES,2024-10-03,PLAN-UNLIMITED,true,active,1967
I,2026-04-01T00:00:00Z,RD-001352,OP-001,Manon,Silva,manon.silva321@outlook.com,CTY-BCN,ES,2025-02-06,PLAN-COMMUTE,true,active,1965
I,2026-04-01T00:00:00Z,RD-001353,OP-002,Pablo,Vidal,pablo.vidal412@correo.es,CTY-BCN,ES,2025-05-23,PLAN-PAYG,false,active,1981
I,2026-04-01T00:00:00Z,RD-001354,OP-002,Beatriz,Costa,beatriz.costa929@mail.com,CTY-BCN,ES,2024-03-08,PLAN-PAYG,false,active,2003
I,2026-04-01T00:00:00Z,RD-001355,OP-002,Lucia,Haddad,lucia.haddad351@outlook.com,CTY-BCN,ES,2025-04-03,PLAN-TOURIST,true,active,1999
I,2026-04-01T00:00:00Z,RD-001356,OP-002,Aina,Serra,aina.serra720@correo.es,CTY-BCN,ES,2024-03-18,PLAN-PAYG,false,active,1976
I,2026-04-01T00:00:00Z,RD-001357,OP-002,Thomas,Almeida,thomas.almeida876@gmx.de,CTY-BCN,ES,2025-03-09,PLAN-PAYG,true,active,2004
I,2026-04-01T00:00:00Z,RD-001358,OP-002,Karim,Bernard,karim.bernard258@proton.me,CTY-BCN,ES,2025-02-12,PLAN-PAYG,true,active,2006
I,2026-04-01T00:00:00Z,RD-001359,OP-002,Marta,Benali,marta.benali829@correo.es,CTY-BCN,ES,2025-04-04,PLAN-PAYG,true,active,2004
I,2026-04-01T00:00:00Z,RD-001360,OP-001,Thomas,Roux,thomas.roux896@correo.es,CTY-BCN,ES,2024-11-18,PLAN-PAYG,true,active,1972
I,2026-04-01T00:00:00Z,RD-001361,OP-002,Chloe,Moreno,chloe.moreno236@gmx.de,CTY-BCN,ES,2025-12-08,PLAN-PAYG,false,active,1968
I,2026-04-01T00:00:00Z,RD-001362,OP-002,Tiago,Costa, tiago.costa439@gmx.de ,CTY-BCN,ES,2024-05-22,PLAN-COMMUTE,false,active,1964
I,2026-04-01T00:00:00Z,RD-001363,OP-002,Louis,Ferrer,louis.ferrer497@outlook.com,CTY-BCN,ES,2025-03-28,PLAN-PAYG,true,active,1978
I,2026-04-01T00:00:00Z,RD-001364,OP-001,Astrid,Benali,astrid.benali710@gmx.de,CTY-BCN,ES,2025-01-18,PLAN-UNLIMITED,true,active,1967
I,2026-04-01T00:00:00Z,RD-001366,OP-001,Hugo,Conti,hugo.conti310@outlook.com,CTY-BCN,ES,2024-01-08,PLAN-PAYG,true,active,1989
I,2026-04-01T00:00:00Z,RD-001367,OP-002,Hugo,Weber, hugo.weber264@outlook.com ,CTY-BCN,ES,2025-08-11,PLAN-UNLIMITED,true,active,1987
I,2026-04-01T00:00:00Z,RD-001368,OP-002,Beatriz,Roux,beatriz.roux367@outlook.com,CTY-BCN,ES,2024-04-07,PLAN-CORP,true,active,1983
I,2026-04-01T00:00:00Z,RD-001369,OP-002,Yasmin,Lindqvist,YASMIN.LINDQVIST560@OUTLOOK.COM,CTY-BCN,ES,2024-10-23,PLAN-PAYG,false,active,1987
I,2026-04-01T00:00:00Z,RD-001370,OP-001,Ines,Fischer,ines.fischer540@outlook.com,CTY-BCN,ES,2026-01-22,PLAN-PAYG,true,active,1982
I,2026-04-01T00:00:00Z,RD-001371,OP-002,Chloe,Pereira,chloe.pereira139@proton.me,CTY-BCN,ES,2025-05-04,PLAN-COMMUTE,true,active,1994
I,2026-04-01T00:00:00Z,RD-001372,OP-002,Nils,Rossi,NILS.ROSSI613@GMX.DE,CTY-BCN,ES,2025-11-05,PLAN-PAYG,true,active,1978
I,2026-04-01T00:00:00Z,RD-001373,OP-002,Karim,Silva,karim.silva805@outlook.com,CTY-BCN,ES,2024-03-23,PLAN-PAYG,true,active,1973
I,2026-04-01T00:00:00Z,RD-001374,OP-002,Astrid,Haddad,ASTRID.HADDAD788@OUTLOOK.COM,CTY-BCN,ES,2024-04-18,PLAN-PAYG,false,active,1967
I,2026-04-01T00:00:00Z,RD-001375,OP-002,Manon,Nilsson,manon.nilsson422@correo.es,CTY-BCN,ES,2025-07-19,PLAN-COMMUTE,false,active,1973
I,2026-04-01T00:00:00Z,RD-001376,OP-002,Camille,Garcia,camille.garcia812@correo.es,CTY-BCN,ES,2024-06-22,PLAN-PAYG,false,active,1967
I,2026-04-01T00:00:00Z,RD-001377,OP-002,Diego,Haddad,diego.haddad12@mail.com,CTY-BCN,ES,2025-08-31,PLAN-COMMUTE,false,active,1987
I,2026-04-01T00:00:00Z,RD-001378,OP-002,Hugo,Rossi,hugo.rossi420@proton.me,CTY-BCN,ES,2024-05-17,PLAN-PAYG,false,active,1965
I,2026-04-01T00:00:00Z,RD-001379,OP-002,Beatriz,Costa,beatriz.costa69@proton.me,CTY-BCN,ES,2024-07-08,PLAN-STUDENT,true,active,1963
I,2026-04-01T00:00:00Z,RD-001380,OP-002,Chloe,Lindqvist,chloe.lindqvist756@mail.com,CTY-BCN,ES,2024-02-21,PLAN-COMMUTE,true,active,1985
I,2026-04-01T00:00:00Z,RD-001381,OP-002,Manon,Dubois, manon.dubois384@outlook.com ,CTY-BCN,ES,2024-06-30,PLAN-PAYG,false,active,2002
I,2026-04-01T00:00:00Z,RD-001383,OP-002,Aina,Dubois,aina.dubois329@proton.me,CTY-BCN,ES,2024-02-08,PLAN-PAYG,true,active,2005
I,2026-04-01T00:00:00Z,RD-001384,OP-001,Thomas,Pereira,thomas.pereira486@proton.me,CTY-BCN,ES,2024-02-26,PLAN-UNLIMITED,false,active,1980
I,2026-04-01T00:00:00Z,RD-001385,OP-002,Nora,Rossi,nora.rossi11@mail.com,CTY-BCN,ES,2024-12-28,PLAN-COMMUTE,true,active,1991
I,2026-04-01T00:00:00Z,RD-001386,OP-002,Hugo,Andersson,hugo.andersson456@proton.me,CTY-BCN,ES,2024-04-02,PLAN-COMMUTE,true,active,2005
I,2026-04-01T00:00:00Z,RD-001387,OP-001,Pablo,Andersson,pablo.andersson806@proton.me,CTY-BCN,ES,2024-07-21,PLAN-PAYG,false,active,1980
I,2026-04-01T00:00:00Z,RD-001388,OP-001,Chloe,Lopez,chloe.lopez141@correo.es,CTY-BCN,ES,2024-11-02,PLAN-COMMUTE,false,active,1984
I,2026-04-01T00:00:00Z,RD-001389,OP-002,Sofia,Nilsson,sofia.nilsson202@proton.me,CTY-BCN,ES,2026-02-05,PLAN-PAYG,false,active,2004
I,2026-04-01T00:00:00Z,RD-001390,OP-002,Nadia,Almeida,nadia.almeida974@proton.me,CTY-BCN,ES,2025-05-03,PLAN-UNLIMITED,true,active,1989
I,2026-04-01T00:00:00Z,RD-001391,OP-002,Karim,Rossi,karim.rossi619@gmx.de,CTY-BCN,ES,2024-09-14,PLAN-PAYG,true,active,1979
I,2026-04-01T00:00:00Z,RD-001392,OP-001,Nadia,Pereira,nadia.pereira336@gmx.de,CTY-BCN,ES,2025-04-29,PLAN-PAYG,false,active,1963
I,2026-04-01T00:00:00Z,RD-001393,OP-002,Lucia,Martin,lucia.martin194@correo.es,CTY-BCN,ES,2025-08-01,PLAN-PAYG,true,active,1964
I,2026-04-01T00:00:00Z,RD-001394,OP-002,Nadia,Serra,nadia.serra456@gmx.de,CTY-BCN,ES,2024-08-12,PLAN-PAYG,false,active,1966
I,2026-04-01T00:00:00Z,RD-001395,OP-002,Manon,Martin,manon.martin354@proton.me,CTY-BCN,ES,2024-10-02,PLAN-COMMUTE,true,active,1994
I,2026-04-01T00:00:00Z,RD-001396,OP-002,Yasmin,Almeida,yasmin.almeida584@mail.com,CTY-BCN,ES,2025-04-04,PLAN-PAYG,false,active,1996
I,2026-04-01T00:00:00Z,RD-001398,OP-002,Chloe,Dubois,chloe.dubois445@gmx.de,CTY-BCN,ES,2025-06-12,PLAN-PAYG,true,active,1962
I,2026-04-01T00:00:00Z,RD-001400,OP-002,Lucia,Almeida,lucia.almeida329@outlook.com,CTY-BCN,ES,2024-08-28,PLAN-COMMUTE,true,active,1999
I,2026-04-01T00:00:00Z,RD-001401,OP-002,Karim,Martin, karim.martin34@gmx.de ,CTY-BCN,ES,2024-03-20,PLAN-PAYG,false,active,1965
I,2026-04-01T00:00:00Z,RD-001402,OP-002,Camille,Pereira,camille.pereira228@proton.me,CTY-BCN,ES,2024-10-27,PLAN-PAYG,false,active,1979
I,2026-04-01T00:00:00Z,RD-001403,OP-002,Nora,Dubois,nora.dubois385@mail.com,CTY-BCN,ES,2026-01-15,PLAN-PAYG,false,active,2003
I,2026-04-01T00:00:00Z,RD-001404,OP-001,Karim,Costa,karim.costa918@proton.me,CTY-BCN,ES,2024-09-19,PLAN-UNLIMITED,true,active,2005
I,2026-04-01T00:00:00Z,RD-001405,OP-001,Nadia,Almeida,nadia.almeida567@mail.com,CTY-BCN,ES,2025-02-17,PLAN-PAYG,false,active,2006
I,2026-04-01T00:00:00Z,RD-001406,OP-002,Lucia,Bernard,lucia.bernard765@outlook.com,CTY-BCN,ES,2025-06-13,PLAN-COMMUTE,true,active,1971
I,2026-04-01T00:00:00Z,RD-001407,OP-001,Astrid,Martin,astrid.martin591@mail.com,CTY-BCN,ES,2024-06-19,PLAN-PAYG,false,active,1983
I,2026-04-01T00:00:00Z,RD-001409,OP-001,Oskar,Pereira,oskar.pereira35@gmx.de,CTY-BCN,ES,2025-03-14,PLAN-UNLIMITED,true,active,2007
I,2026-04-01T00:00:00Z,RD-001410,OP-002,Ivan,Dubois,ivan.dubois607@outlook.com,CTY-BCN,ES,2025-03-11,PLAN-PAYG,true,active,1987
I,2026-04-01T00:00:00Z,RD-001411,OP-002,Emil,Novak,emil.novak23@proton.me,CTY-BCN,ES,2024-08-04,PLAN-PAYG,true,active,1997
I,2026-04-01T00:00:00Z,RD-001412,OP-002,Omar,Vidal,omar.vidal431@proton.me,CTY-BCN,ES,2024-07-06,PLAN-UNLIMITED,false,active,1998
I,2026-04-01T00:00:00Z,RD-001413,OP-001,Camille,Berg,camille.berg17@outlook.com,CTY-BCN,ES,2025-09-21,PLAN-PAYG,false,active,1983
I,2026-04-01T00:00:00Z,RD-001414,OP-001,Nora,Bernard,nora.bernard613@mail.com,CTY-BCN,ES,2025-11-23,PLAN-PAYG,true,active,1998
I,2026-04-01T00:00:00Z,RD-001416,OP-001,Marta,Conti,marta.conti653@gmx.de,CTY-BCN,ES,2026-03-28,PLAN-UNLIMITED,false,active,1998
I,2026-04-01T00:00:00Z,RD-001417,OP-001,Aina,Vidal,aina.vidal467@mail.com,CTY-BCN,ES,2025-12-12,PLAN-PAYG,false,active,2006
I,2026-04-01T00:00:00Z,RD-001418,OP-002,Manon,Lopez,manon.lopez700@proton.me,CTY-BCN,ES,2025-02-15,PLAN-PAYG,false,active,1975
I,2026-04-01T00:00:00Z,RD-001419,OP-001,Hugo,Ferrer,hugo.ferrer782@correo.es,CTY-BCN,ES,2025-02-15,PLAN-COMMUTE,true,active,1992
I,2026-04-01T00:00:00Z,RD-001420,OP-002,Yasmin,Benali,YASMIN.BENALI687@MAIL.COM,CTY-BCN,ES,2024-06-30,PLAN-STUDENT,true,active,1981
I,2026-04-01T00:00:00Z,RD-001421,OP-001,Beatriz,Roux,beatriz.roux123@outlook.com,CTY-BCN,ES,2025-05-17,PLAN-PAYG,false,active,1975
I,2026-04-01T00:00:00Z,RD-001422,OP-002,Manon,Fischer,manon.fischer469@mail.com,CTY-BCN,ES,2024-04-02,PLAN-PAYG,false,active,2001
I,2026-04-01T00:00:00Z,RD-001423,OP-002,Pablo,Moreno, pablo.moreno457@mail.com ,CTY-BCN,ES,2024-10-25,PLAN-PAYG,true,active,1987
I,2026-04-01T00:00:00Z,RD-001424,OP-002,Astrid,Conti, astrid.conti537@mail.com ,CTY-BCN,ES,2024-11-30,PLAN-COMMUTE,true,active,2005
I,2026-04-01T00:00:00Z,RD-001425,OP-002,Oskar,Weber,oskar.weber461@mail.com,CTY-BCN,ES,2025-03-04,PLAN-TOURIST,true,active,1966
I,2026-04-01T00:00:00Z,RD-001426,OP-001,Rui,Silva,rui.silva195@mail.com,CTY-BCN,ES,2025-03-25,PLAN-PAYG,true,active,1979
I,2026-04-01T00:00:00Z,RD-001427,OP-001,Ivan,Roux,ivan.roux795@gmx.de,CTY-BCN,ES,2026-01-30,PLAN-COMMUTE,true,active,1965
I,2026-04-01T00:00:00Z,RD-001428,OP-001,Chloe,Vidal,chloe.vidal695@mail.com,CTY-BCN,ES,2025-12-11,PLAN-PAYG,true,active,1988
I,2026-04-01T00:00:00Z,RD-001429,OP-001,Emil,Bernard,emil.bernard396@proton.me,CTY-BCN,ES,2024-01-06,PLAN-CORP,false,active,2004
I,2026-04-01T00:00:00Z,RD-001430,OP-002,Ivan,Kowalski,ivan.kowalski541@outlook.com,CTY-BCN,ES,2025-10-22,PLAN-UNLIMITED,true,active,1968
I,2026-04-01T00:00:00Z,RD-001431,OP-001,Freja,Novak,freja.novak595@correo.es,CTY-BCN,ES,2026-03-01,PLAN-UNLIMITED,true,active,1983
I,2026-04-01T00:00:00Z,RD-001432,OP-001,Marta,Andersson,marta.andersson48@mail.com,CTY-BCN,ES,2026-03-04,PLAN-PAYG,true,active,1988
I,2026-04-01T00:00:00Z,RD-001434,OP-002,Camille,Lopez,camille.lopez154@outlook.com,CTY-BCN,ES,2025-02-15,PLAN-PAYG,false,active,1997
I,2026-04-01T00:00:00Z,RD-001435,OP-001,Hugo,Novak,hugo.novak853@gmx.de,CTY-BCN,ES,2024-10-30,PLAN-STUDENT,false,active,1963
I,2026-04-01T00:00:00Z,RD-001436,OP-002,Louis,Garcia,louis.garcia520@outlook.com,CTY-BCN,ES,2025-06-12,PLAN-CORP,true,active,2003
I,2026-04-01T00:00:00Z,RD-001437,OP-002,Camille,Dubois,camille.dubois78@proton.me,CTY-BCN,ES,2024-03-31,PLAN-PAYG,false,active,1999
I,2026-04-01T00:00:00Z,RD-001438,OP-002,Louis,Moreno,louis.moreno880@mail.com,CTY-BCN,ES,2025-01-29,PLAN-PAYG,false,active,1987
I,2026-04-01T00:00:00Z,RD-001439,OP-002,Nora,Pereira, nora.pereira907@proton.me ,CTY-BCN,ES,2024-02-03,PLAN-STUDENT,true,active,1988
I,2026-04-01T00:00:00Z,RD-001440,OP-002,Pablo,Dubois,pablo.dubois824@correo.es,CTY-BCN,ES,2026-02-14,PLAN-TOURIST,false,active,1974
I,2026-04-01T00:00:00Z,RD-001441,OP-002,Louis,Berg,louis.berg334@outlook.com,CTY-BCN,ES,2024-08-11,PLAN-PAYG,true,active,2003
I,2026-04-01T00:00:00Z,RD-001442,OP-001,Sofia,Silva,sofia.silva842@proton.me,CTY-BCN,ES,2025-11-27,PLAN-UNLIMITED,true,active,1973
I,2026-04-01T00:00:00Z,RD-001444,OP-002,Nils,Benali,nils.benali962@correo.es,CTY-BCN,ES,2024-04-02,PLAN-CORP,false,active,1985
I,2026-04-01T00:00:00Z,RD-001445,OP-002,Ivan,Garcia,ivan.garcia584@proton.me,CTY-BCN,ES,2024-09-29,PLAN-PAYG,true,active,1977
I,2026-04-01T00:00:00Z,RD-001446,OP-002,Rui,Almeida,rui.almeida1@correo.es,CTY-BCN,ES,2025-04-04,PLAN-UNLIMITED,false,active,1977
I,2026-04-01T00:00:00Z,RD-001447,OP-002,Freja,Silva,freja.silva913@gmx.de,CTY-BCN,ES,2026-02-22,PLAN-PAYG,false,active,1976
I,2026-04-01T00:00:00Z,RD-001448,OP-002,Nadia,Vidal,NADIA.VIDAL189@PROTON.ME,CTY-BCN,ES,2025-05-28,PLAN-COMMUTE,false,active,1979
I,2026-04-01T00:00:00Z,RD-001449,OP-002,Manon,Berg,manon.berg895@proton.me,CTY-BCN,ES,2024-09-05,PLAN-STUDENT,false,active,1994
I,2026-04-01T00:00:00Z,RD-001451,OP-002,Ines,Costa,ines.costa410@proton.me,CTY-BCN,ES,2025-12-30,PLAN-PAYG,true,active,1970
I,2026-04-01T00:00:00Z,RD-001452,OP-002,Ivan,Pereira,ivan.pereira827@proton.me,CTY-BCN,ES,2025-02-16,PLAN-COMMUTE,false,active,1980
I,2026-04-01T00:00:00Z,RD-001453,OP-002,Beatriz,Lopez,beatriz.lopez318@outlook.com,CTY-BCN,ES,2025-08-18,PLAN-STUDENT,true,active,1970
I,2026-04-01T00:00:00Z,RD-001454,OP-001,Thomas,Ferrer,thomas.ferrer620@outlook.com,CTY-BCN,ES,2024-07-09,PLAN-PAYG,true,active,1988
I,2026-04-01T00:00:00Z,RD-001455,OP-002,Beatriz,Benali,beatriz.benali427@proton.me,CTY-BCN,ES,2025-01-28,PLAN-PAYG,false,active,1998
I,2026-04-01T00:00:00Z,RD-001456,OP-002,Beatriz,Pereira,beatriz.pereira387@outlook.com,CTY-BCN,ES,2024-12-19,PLAN-TOURIST,true,active,1999
I,2026-04-01T00:00:00Z,RD-001457,OP-002,Omar,Conti,omar.conti562@correo.es,CTY-BCN,ES,2026-01-21,PLAN-PAYG,false,active,1987
I,2026-04-01T00:00:00Z,RD-001458,OP-002,Tiago,Bernard,tiago.bernard462@outlook.com,CTY-BCN,ES,2025-05-22,PLAN-PAYG,false,active,1962
I,2026-04-01T00:00:00Z,RD-001459,OP-002,Ines,Bernard,INES.BERNARD413@GMX.DE,CTY-BCN,ES,2025-06-21,PLAN-PAYG,false,active,2006
I,2026-04-01T00:00:00Z,RD-001460,OP-002,Yasmin,Lindqvist,yasmin.lindqvist618@outlook.com,CTY-BCN,ES,2024-07-23,PLAN-COMMUTE,true,active,1971
I,2026-04-01T00:00:00Z,RD-001461,OP-002,Aina,Almeida,aina.almeida919@mail.com,CTY-BCN,ES,2024-01-05,PLAN-PAYG,true,active,2003
I,2026-04-01T00:00:00Z,RD-001462,OP-002,Louis,Rossi,louis.rossi151@outlook.com,CTY-BCN,ES,2025-02-12,PLAN-COMMUTE,true,active,1981
I,2026-04-01T00:00:00Z,RD-001464,OP-002,Diego,Moreno,diego.moreno832@outlook.com,CTY-BCN,ES,2025-06-12,PLAN-PAYG,true,active,2002
I,2026-04-01T00:00:00Z,RD-001465,OP-002,Yasmin,Roux,yasmin.roux606@outlook.com,CTY-BCN,ES,2024-02-03,PLAN-PAYG,false,active,2004
I,2026-04-01T00:00:00Z,RD-001466,OP-002,Freja,Nilsson,freja.nilsson684@correo.es,CTY-BCN,ES,2026-03-15,PLAN-PAYG,true,active,1983
I,2026-04-01T00:00:00Z,RD-001467,OP-002,Rui,Rossi,rui.rossi532@correo.es,CTY-BCN,ES,2024-02-26,PLAN-PAYG,true,active,1963
I,2026-04-01T00:00:00Z,RD-001468,OP-001,Beatriz,Martin,beatriz.martin624@mail.com,CTY-BCN,ES,2025-03-14,PLAN-COMMUTE,false,active,1997
I,2026-04-01T00:00:00Z,RD-001469,OP-002,Nadia,Benali,nadia.benali963@outlook.com,CTY-BCN,ES,2025-08-05,PLAN-UNLIMITED,true,active,2003
I,2026-04-01T00:00:00Z,RD-001470,OP-002,Karim,Costa,karim.costa901@mail.com,CTY-BCN,ES,2024-05-14,PLAN-PAYG,false,active,1977
I,2026-04-01T00:00:00Z,RD-001471,OP-002,Camille,Garcia,camille.garcia419@mail.com,CTY-BCN,ES,2025-02-22,PLAN-UNLIMITED,false,active,1998
I,2026-04-01T00:00:00Z,RD-001472,OP-002,Elin,Martin,elin.martin668@gmx.de,CTY-BCN,ES,2026-02-21,PLAN-UNLIMITED,true,active,1981
I,2026-04-01T00:00:00Z,RD-001473,OP-001,Ivan,Fischer,ivan.fischer264@mail.com,CTY-BCN,ES,2025-05-17,PLAN-COMMUTE,false,active,1976
I,2026-04-01T00:00:00Z,RD-001474,OP-002,Oskar,Ferrer,OSKAR.FERRER428@CORREO.ES,CTY-BCN,ES,2025-11-07,PLAN-UNLIMITED,true,active,1962
I,2026-04-01T00:00:00Z,RD-001475,OP-002,Joan,Martin,joan.martin658@correo.es,CTY-BCN,ES,2024-07-20,PLAN-PAYG,false,active,1965
I,2026-04-01T00:00:00Z,RD-001476,OP-002,Ivan,Pereira,ivan.pereira781@correo.es,CTY-BCN,ES,2025-08-12,PLAN-CORP,true,active,2006
I,2026-04-01T00:00:00Z,RD-001477,OP-002,Elin,Benali,elin.benali612@mail.com,CTY-BCN,ES,2025-08-20,PLAN-COMMUTE,false,active,1974
I,2026-04-01T00:00:00Z,RD-001478,OP-002,Nora,Dubois,nora.dubois750@correo.es,CTY-BCN,ES,2024-11-01,PLAN-STUDENT,false,active,1979
I,2026-04-01T00:00:00Z,RD-001479,OP-002,Karim,Dubois,karim.dubois1@gmx.de,CTY-BCN,ES,2025-09-15,PLAN-PAYG,true,active,1990
I,2026-04-01T00:00:00Z,RD-001480,OP-002,Thomas,Roux,thomas.roux794@correo.es,CTY-BCN,ES,2024-05-11,PLAN-PAYG,true,active,1962
I,2026-04-01T00:00:00Z,RD-001481,OP-002,Chloe,Martin,chloe.martin797@outlook.com,CTY-BCN,ES,2024-03-19,PLAN-PAYG,false,active,2002
I,2026-04-01T00:00:00Z,RD-001482,OP-002,Joan,Rossi,joan.rossi999@gmx.de,CTY-BCN,ES,2026-03-10,PLAN-PAYG,true,active,2004
I,2026-04-01T00:00:00Z,RD-001483,OP-002,Hugo,Roux,hugo.roux275@gmx.de,CTY-BCN,ES,2024-03-21,PLAN-PAYG,false,active,1964
I,2026-04-01T00:00:00Z,RD-001484,OP-002,Rui,Lopez,rui.lopez522@mail.com,CTY-BCN,ES,2024-12-28,PLAN-PAYG,true,active,2008
I,2026-04-01T00:00:00Z,RD-001486,OP-002,Oskar,Lindqvist,oskar.lindqvist944@proton.me,CTY-BCN,ES,2024-04-29,PLAN-PAYG,false,active,1992
I,2026-04-01T00:00:00Z,RD-001487,OP-002,Marta,Ferrer,marta.ferrer252@mail.com,CTY-BCN,ES,2025-08-24,PLAN-COMMUTE,false,active,1981
I,2026-04-01T00:00:00Z,RD-001488,OP-002,Pablo,Roux,pablo.roux780@correo.es,CTY-BCN,ES,2024-01-19,PLAN-COMMUTE,true,active,1973
I,2026-04-01T00:00:00Z,RD-001489,OP-002,Lucia,Fischer,lucia.fischer215@outlook.com,CTY-BCN,ES,2025-11-28,PLAN-PAYG,true,active,2008
I,2026-04-01T00:00:00Z,RD-001491,OP-002,Chloe,Conti,chloe.conti547@outlook.com,CTY-BCN,ES,2025-03-31,PLAN-PAYG,false,active,1982
I,2026-04-01T00:00:00Z,RD-001492,OP-002,Hugo,Benali,hugo.benali995@proton.me,CTY-BCN,ES,2024-04-02,PLAN-PAYG,false,active,2007
I,2026-04-01T00:00:00Z,RD-001493,OP-001,Rui,Andersson,rui.andersson243@gmx.de,CTY-BCN,ES,2026-01-09,PLAN-COMMUTE,true,active,1974
I,2026-04-01T00:00:00Z,RD-001494,OP-002,Joan,Andersson,joan.andersson308@gmx.de,CTY-BCN,ES,2025-04-24,PLAN-UNLIMITED,true,active,1989
I,2026-04-01T00:00:00Z,RD-001495,OP-002,Ivan,Lopez,IVAN.LOPEZ113@OUTLOOK.COM,CTY-BCN,ES,2025-09-11,PLAN-TOURIST,true,active,1986
I,2026-04-01T00:00:00Z,RD-001496,OP-001,Hugo,Ferrer,hugo.ferrer121@outlook.com,CTY-BCN,ES,2026-01-02,PLAN-COMMUTE,true,active,1996
I,2026-04-01T00:00:00Z,RD-001497,OP-001,Yasmin,Conti,yasmin.conti907@gmx.de,CTY-BCN,ES,2025-10-06,PLAN-UNLIMITED,true,active,1967
I,2026-04-01T00:00:00Z,RD-001498,OP-001,Nora,Kowalski,nora.kowalski831@proton.me,CTY-BCN,ES,2024-05-28,PLAN-PAYG,true,active,1983
I,2026-04-01T00:00:00Z,RD-001499,OP-002,Nora,Roux,NORA.ROUX163@MAIL.COM,CTY-BCN,ES,2025-07-28,PLAN-PAYG,false,active,1985
I,2026-04-01T00:00:00Z,RD-001500,OP-002,Hugo,Kowalski,hugo.kowalski672@proton.me,CTY-BCN,ES,2025-08-31,PLAN-PAYG,false,active,2005
I,2026-04-01T00:00:00Z,RD-001501,OP-002,Louis,Serra,louis.serra232@outlook.com,CTY-BCN,ES,2024-11-17,PLAN-UNLIMITED,true,active,1992
I,2026-04-01T00:00:00Z,RD-001502,OP-002,Emil,Berg,emil.berg304@proton.me,CTY-BCN,ES,2024-10-12,PLAN-COMMUTE,true,active,1996
I,2026-04-01T00:00:00Z,RD-001503,OP-001,Louis,Kowalski,louis.kowalski917@correo.es,CTY-BCN,ES,2025-10-17,PLAN-PAYG,true,active,1980
I,2026-04-01T00:00:00Z,RD-001504,OP-002,Freja,Conti,freja.conti587@gmx.de,CTY-BCN,ES,2025-09-24,PLAN-COMMUTE,false,active,1988
I,2026-04-01T00:00:00Z,RD-001505,OP-002,Nadia,Fischer,nadia.fischer418@correo.es,CTY-BCN,ES,2025-01-31,PLAN-UNLIMITED,true,active,1977
I,2026-04-01T00:00:00Z,RD-001506,OP-001,Elin,Rossi,elin.rossi945@mail.com,CTY-BCN,ES,2025-01-19,PLAN-PAYG,true,active,1970
I,2026-04-01T00:00:00Z,RD-001507,OP-002,Thomas,Almeida,thomas.almeida309@mail.com,CTY-BCN,ES,2025-07-01,PLAN-PAYG,false,active,1997
I,2026-04-01T00:00:00Z,RD-001508,OP-002,Omar,Dubois,omar.dubois530@proton.me,CTY-BCN,ES,2025-02-01,PLAN-PAYG,true,active,1987
I,2026-04-01T00:00:00Z,RD-001509,OP-002,Ivan,Ferrer,ivan.ferrer445@mail.com,CTY-BCN,ES,2024-09-01,PLAN-PAYG,true,active,2008
I,2026-04-01T00:00:00Z,RD-001510,OP-002,Ines,Novak,ines.novak440@gmx.de,CTY-BCN,ES,2025-10-10,PLAN-STUDENT,true,active,1962
I,2026-04-01T00:00:00Z,RD-001511,OP-002,Yasmin,Pereira, yasmin.pereira435@outlook.com ,CTY-BCN,ES,2025-08-29,PLAN-PAYG,true,active,1966
I,2026-04-01T00:00:00Z,RD-001512,OP-002,Marta,Vidal,marta.vidal623@gmx.de,CTY-BCN,ES,2024-01-24,PLAN-PAYG,true,active,1991
I,2026-04-01T00:00:00Z,RD-001513,OP-002,Camille,Ferrer, camille.ferrer108@correo.es ,CTY-BCN,ES,2025-12-13,PLAN-PAYG,true,active,1998
I,2026-04-01T00:00:00Z,RD-001514,OP-001,Camille,Serra,camille.serra51@outlook.com,CTY-BCN,ES,2024-02-12,PLAN-COMMUTE,false,active,1964
I,2026-04-01T00:00:00Z,RD-001516,OP-001,Antoine,Berg,antoine.berg975@correo.es,CTY-BCN,ES,2025-08-27,PLAN-PAYG,false,active,1997
I,2026-04-01T00:00:00Z,RD-001517,OP-002,Ines,Kowalski,INES.KOWALSKI765@PROTON.ME,CTY-BCN,ES,2024-12-03,PLAN-PAYG,true,active,1975
I,2026-04-01T00:00:00Z,RD-001518,OP-002,Tiago,Moreno,tiago.moreno399@gmx.de,CTY-BCN,ES,2025-09-01,PLAN-COMMUTE,true,active,1980
I,2026-04-01T00:00:00Z,RD-001519,OP-001,Nadia,Nilsson,nadia.nilsson416@correo.es,CTY-BCN,ES,2025-02-11,PLAN-UNLIMITED,false,active,1971
I,2026-04-01T00:00:00Z,RD-001520,OP-002,Pablo,Martin,pablo.martin323@proton.me,CTY-BCN,ES,2024-02-23,PLAN-PAYG,true,active,1988
I,2026-04-01T00:00:00Z,RD-001521,OP-002,Nadia,Moreno, nadia.moreno724@correo.es ,CTY-BCN,ES,2024-05-22,PLAN-PAYG,false,active,1969
I,2026-04-01T00:00:00Z,RD-001522,OP-001,Diego,Dubois,diego.dubois776@proton.me,CTY-BCN,ES,2024-06-06,PLAN-UNLIMITED,false,active,1963
I,2026-04-01T00:00:00Z,RD-001523,OP-002,Aina,Andersson,aina.andersson375@outlook.com,CTY-BCN,ES,2024-03-05,PLAN-PAYG,true,active,1985
I,2026-04-01T00:00:00Z,RD-001524,OP-002,Nora,Kowalski,nora.kowalski236@mail.com,CTY-BCN,ES,2025-03-27,PLAN-PAYG,true,active,1982
I,2026-04-01T00:00:00Z,RD-001525,OP-002,Camille,Silva,CAMILLE.SILVA919@PROTON.ME,CTY-BCN,ES,2025-03-26,PLAN-PAYG,true,active,2000
I,2026-04-01T00:00:00Z,RD-001526,OP-002,Diego,Lopez,diego.lopez335@gmx.de,CTY-BCN,ES,2025-08-27,PLAN-PAYG,false,active,1965
I,2026-04-01T00:00:00Z,RD-001527,OP-001,Chloe,Almeida,chloe.almeida764@gmx.de,CTY-BCN,ES,2026-01-19,PLAN-PAYG,false,active,2006
I,2026-04-01T00:00:00Z,RD-001528,OP-002,Omar,Dubois,omar.dubois741@proton.me,CTY-BCN,ES,2024-11-22,PLAN-PAYG,true,active,2003
I,2026-04-01T00:00:00Z,RD-001529,OP-002,Omar,Bernard,omar.bernard408@proton.me,CTY-BCN,ES,2025-06-28,PLAN-CORP,false,active,2007
I,2026-04-01T00:00:00Z,RD-001530,OP-002,Freja,Haddad,freja.haddad398@mail.com,CTY-BCN,ES,2024-12-04,PLAN-PAYG,true,active,1982
I,2026-04-01T00:00:00Z,RD-001531,OP-002,Chloe,Benali,chloe.benali687@outlook.com,CTY-BCN,ES,2025-10-04,PLAN-PAYG,true,active,1985
I,2026-04-01T00:00:00Z,RD-001532,OP-001,Louis,Dubois,louis.dubois994@correo.es,CTY-MAD,esp,2024-07-09,PLAN-TOURIST,false,active,1992
I,2026-04-01T00:00:00Z,RD-001533,OP-001,Antoine,Conti,antoine.conti251@mail.com,CTY-MAD,esp,2024-09-28,PLAN-STUDENT,true,active,1998
I,2026-04-01T00:00:00Z,RD-001534,OP-001,Hugo,Serra,hugo.serra443@proton.me,CTY-MAD,esp,2025-01-03,PLAN-PAYG,true,active,1971
I,2026-04-01T00:00:00Z,RD-001535,OP-001,Chloe,Rossi,chloe.rossi218@correo.es,CTY-MAD,esp,2025-05-05,PLAN-PAYG,false,active,1980
I,2026-04-01T00:00:00Z,RD-001536,OP-001,Sofia,Ferrer,sofia.ferrer944@correo.es,CTY-MAD,esp,2025-07-28,PLAN-PAYG,true,active,1987
I,2026-04-01T00:00:00Z,RD-001537,OP-001,Omar,Fischer,omar.fischer386@outlook.com,CTY-MAD,esp,2025-04-16,PLAN-UNLIMITED,true,active,1978
I,2026-04-01T00:00:00Z,RD-001538,OP-001,Hugo,Dubois,hugo.dubois637@correo.es,CTY-MAD,esp,2024-08-30,PLAN-PAYG,false,active,2003
I,2026-04-01T00:00:00Z,RD-001539,OP-001,Aina,Ferrer,aina.ferrer187@mail.com,CTY-MAD,esp,2025-12-03,PLAN-COMMUTE,false,active,2006
I,2026-04-01T00:00:00Z,RD-001540,OP-001,Marta,Lopez,marta.lopez234@correo.es,CTY-MAD,esp,2024-07-12,PLAN-PAYG,false,active,1970
I,2026-04-01T00:00:00Z,RD-001541,OP-001,Nora,Nilsson,nora.nilsson620@outlook.com,CTY-MAD,esp,2024-03-13,PLAN-PAYG,true,active,2005
I,2026-04-01T00:00:00Z,RD-001543,OP-001,Nadia,Almeida,nadia.almeida332@proton.me,CTY-MAD,esp,2025-03-29,PLAN-COMMUTE,true,active,1974
I,2026-04-01T00:00:00Z,RD-001544,OP-001,Tiago,Lindqvist,tiago.lindqvist734@proton.me,CTY-MAD,esp,2024-01-04,PLAN-COMMUTE,true,active,1975
I,2026-04-01T00:00:00Z,RD-001545,OP-001,Louis,Vidal,louis.vidal443@correo.es,CTY-MAD,esp,2026-02-15,PLAN-UNLIMITED,false,active,1990
I,2026-04-01T00:00:00Z,RD-001546,OP-001,Astrid,Dubois,astrid.dubois425@outlook.com,CTY-MAD,esp,2024-03-18,PLAN-COMMUTE,true,active,1987
I,2026-04-01T00:00:00Z,RD-001547,OP-001,Freja,Nilsson,freja.nilsson948@proton.me,CTY-MAD,esp,2024-01-29,PLAN-PAYG,false,active,1965
I,2026-04-01T00:00:00Z,RD-001548,OP-001,Ivan,Almeida,ivan.almeida630@gmx.de,CTY-MAD,esp,2024-12-09,PLAN-PAYG,false,active,1970
I,2026-04-01T00:00:00Z,RD-001550,OP-001,Joan,Vidal,joan.vidal19@proton.me,CTY-MAD,esp,2024-10-03,PLAN-PAYG,false,active,1994
I,2026-04-01T00:00:00Z,RD-001551,OP-001,Hugo,Pereira,hugo.pereira381@outlook.com,CTY-MAD,esp,2024-05-21,PLAN-UNLIMITED,false,active,1972
I,2026-04-01T00:00:00Z,RD-001552,OP-001,Marta,Ferrer,marta.ferrer196@outlook.com,CTY-MAD,esp,2025-02-18,PLAN-COMMUTE,false,active,2002
I,2026-04-01T00:00:00Z,RD-001553,OP-001,Karim,Fischer,karim.fischer905@gmx.de,CTY-MAD,esp,2025-02-17,PLAN-CORP,true,active,1980
I,2026-04-01T00:00:00Z,RD-001554,OP-001,Beatriz,Dubois,beatriz.dubois498@outlook.com,CTY-MAD,esp,2025-09-01,PLAN-PAYG,true,active,1999
I,2026-04-01T00:00:00Z,RD-001555,OP-001,Chloe,Weber,chloe.weber767@outlook.com,CTY-MAD,esp,2025-05-11,PLAN-STUDENT,false,active,2000
I,2026-04-01T00:00:00Z,RD-001556,OP-001,Antoine,Lopez,antoine.lopez519@proton.me,CTY-MAD,esp,2025-12-24,PLAN-PAYG,false,active,1982
I,2026-04-01T00:00:00Z,RD-001557,OP-001,Marta,Nilsson,marta.nilsson678@correo.es,CTY-MAD,esp,2026-03-30,PLAN-PAYG,false,active,1989
I,2026-04-01T00:00:00Z,RD-001558,OP-001,Diego,Andersson,diego.andersson228@outlook.com,CTY-MAD,esp,2026-02-02,PLAN-PAYG,false,active,1968
I,2026-04-01T00:00:00Z,RD-001559,OP-001,Aina,Moreno,aina.moreno600@outlook.com,CTY-MAD,esp,2025-07-15,PLAN-STUDENT,true,active,2004
I,2026-04-01T00:00:00Z,RD-001560,OP-001,Karim,Moreno,karim.moreno576@gmx.de,CTY-MAD,esp,2024-10-22,PLAN-PAYG,true,active,1962
I,2026-04-01T00:00:00Z,RD-001561,OP-001,Chloe,Lopez,chloe.lopez448@correo.es,CTY-MAD,esp,2025-04-06,PLAN-PAYG,true,active,1999
I,2026-04-01T00:00:00Z,RD-001562,OP-001,Ines,Rossi,ines.rossi308@correo.es,CTY-MAD,esp,2025-05-24,PLAN-STUDENT,true,active,1983
I,2026-04-01T00:00:00Z,RD-001563,OP-001,Freja,Rossi,freja.rossi713@proton.me,CTY-MAD,esp,2025-05-31,PLAN-PAYG,true,active,1970
I,2026-04-01T00:00:00Z,RD-001564,OP-001,Nora,Dubois,nora.dubois665@proton.me,CTY-MAD,esp,2025-07-13,PLAN-PAYG,false,active,1966
I,2026-04-01T00:00:00Z,RD-001565,OP-001,Freja,Bernard,freja.bernard79@correo.es,CTY-MAD,esp,2025-12-15,PLAN-COMMUTE,false,active,1998
I,2026-04-01T00:00:00Z,RD-001566,OP-001,Camille,Costa,camille.costa766@outlook.com,CTY-MAD,esp,2025-04-23,PLAN-COMMUTE,false,active,1987
I,2026-04-01T00:00:00Z,RD-001567,OP-001,Marta,Weber,marta.weber439@proton.me,CTY-MAD,esp,2025-06-11,PLAN-COMMUTE,false,active,1974
I,2026-04-01T00:00:00Z,RD-001568,OP-001,Nadia,Kowalski,nadia.kowalski877@outlook.com,CTY-MAD,esp,2024-01-04,PLAN-UNLIMITED,false,active,1971
I,2026-04-01T00:00:00Z,RD-001569,OP-001,Nora,Almeida,nora.almeida860@outlook.com,CTY-MAD,esp,2024-02-21,PLAN-PAYG,true,active,1988
I,2026-04-01T00:00:00Z,RD-001570,OP-001,Lucia,Almeida,lucia.almeida102@proton.me,CTY-MAD,esp,2024-01-08,PLAN-PAYG,false,active,2008
I,2026-04-01T00:00:00Z,RD-001571,OP-001,Astrid,Kowalski,astrid.kowalski339@proton.me,CTY-MAD,esp,2024-10-11,PLAN-COMMUTE,false,active,1982
I,2026-04-01T00:00:00Z,RD-001572,OP-001,Elin,Weber,elin.weber361@mail.com,CTY-MAD,esp,2025-05-20,PLAN-TOURIST,true,active,1978
I,2026-04-01T00:00:00Z,RD-001573,OP-001,Emil,Pereira,emil.pereira54@proton.me,CTY-MAD,esp,2024-01-08,PLAN-PAYG,false,active,1995
I,2026-04-01T00:00:00Z,RD-001574,OP-001,Antoine,Fischer,antoine.fischer877@correo.es,CTY-MAD,esp,2025-06-27,PLAN-PAYG,true,active,1984
I,2026-04-01T00:00:00Z,RD-001575,OP-001,Lucia,Pereira,lucia.pereira333@mail.com,CTY-MAD,esp,2024-09-18,PLAN-PAYG,false,active,1981
I,2026-04-01T00:00:00Z,RD-001576,OP-001,Sofia,Lopez,sofia.lopez627@proton.me,CTY-MAD,esp,2025-08-25,PLAN-UNLIMITED,true,active,1971
I,2026-04-01T00:00:00Z,RD-001577,OP-001,Antoine,Andersson,antoine.andersson935@outlook.com,CTY-MAD,esp,2025-02-20,PLAN-TOURIST,true,active,1994
I,2026-04-01T00:00:00Z,RD-001579,OP-001,Ivan,Pereira,ivan.pereira306@gmx.de,CTY-MAD,esp,2025-09-29,PLAN-PAYG,true,active,1994
I,2026-04-01T00:00:00Z,RD-001580,OP-001,Camille,Pereira,camille.pereira817@gmx.de,CTY-MAD,esp,2024-02-16,PLAN-COMMUTE,true,active,1963
I,2026-04-01T00:00:00Z,RD-001581,OP-001,Rui,Weber,rui.weber71@correo.es,CTY-MAD,esp,2026-02-03,PLAN-PAYG,true,active,1999
I,2026-04-01T00:00:00Z,RD-001583,OP-001,Yasmin,Berg,yasmin.berg569@gmx.de,CTY-MAD,esp,2024-06-05,PLAN-PAYG,false,active,1986
I,2026-04-01T00:00:00Z,RD-001584,OP-001,Rui,Berg,rui.berg326@mail.com,CTY-MAD,esp,2024-11-01,PLAN-PAYG,false,active,1986
I,2026-04-01T00:00:00Z,RD-001585,OP-001,Manon,Rossi,manon.rossi998@mail.com,CTY-MAD,esp,2025-06-05,PLAN-COMMUTE,false,active,2002
I,2026-04-01T00:00:00Z,RD-001586,OP-001,Camille,Lindqvist,camille.lindqvist20@gmx.de,CTY-MAD,esp,2025-11-24,PLAN-COMMUTE,true,active,1970
I,2026-04-01T00:00:00Z,RD-001587,OP-001,Louis,Pereira,louis.pereira632@gmx.de,CTY-MAD,esp,2026-01-04,PLAN-PAYG,true,active,1976
I,2026-04-01T00:00:00Z,RD-001588,OP-001,Lucia,Costa,lucia.costa999@correo.es,CTY-MAD,esp,2025-09-06,PLAN-PAYG,false,active,2001
I,2026-04-01T00:00:00Z,RD-001590,OP-001,Thomas,Dubois,thomas.dubois293@outlook.com,CTY-MAD,esp,2025-04-27,PLAN-PAYG,false,active,2001
I,2026-04-01T00:00:00Z,RD-001591,OP-001,Oskar,Moreno,oskar.moreno526@proton.me,CTY-MAD,esp,2024-03-09,PLAN-COMMUTE,true,active,1974
I,2026-04-01T00:00:00Z,RD-001592,OP-001,Marta,Bernard,marta.bernard133@outlook.com,CTY-MAD,esp,2026-01-11,PLAN-PAYG,false,active,2006
I,2026-04-01T00:00:00Z,RD-001593,OP-001,Ines,Fischer,ines.fischer585@proton.me,CTY-MAD,esp,2024-04-18,PLAN-PAYG,true,active,1972
I,2026-04-01T00:00:00Z,RD-001594,OP-001,Nadia,Pereira,nadia.pereira370@outlook.com,CTY-MAD,esp,2025-10-20,PLAN-PAYG,false,active,1972
I,2026-04-01T00:00:00Z,RD-001595,OP-001,Astrid,Pereira,astrid.pereira951@outlook.com,CTY-MAD,esp,2024-10-26,PLAN-PAYG,false,active,1974
I,2026-04-01T00:00:00Z,RD-001596,OP-001,Chloe,Garcia,chloe.garcia864@outlook.com,CTY-MAD,esp,2024-07-05,PLAN-PAYG,true,active,1985
I,2026-04-01T00:00:00Z,RD-001597,OP-001,Lucia,Fischer,lucia.fischer783@mail.com,CTY-MAD,esp,2026-03-28,PLAN-PAYG,true,active,1980
I,2026-04-01T00:00:00Z,RD-001599,OP-001,Tiago,Haddad,tiago.haddad951@correo.es,CTY-MAD,esp,2025-03-06,PLAN-PAYG,false,active,2008
I,2026-04-01T00:00:00Z,RD-001600,OP-001,Aina,Lindqvist,aina.lindqvist462@outlook.com,CTY-MAD,esp,2024-05-01,PLAN-PAYG,true,active,1971
I,2026-04-01T00:00:00Z,RD-001601,OP-001,Nadia,Serra,nadia.serra848@outlook.com,CTY-MAD,esp,2025-11-26,PLAN-PAYG,false,active,1982
I,2026-04-01T00:00:00Z,RD-001602,OP-001,Yasmin,Berg,yasmin.berg556@proton.me,CTY-MAD,esp,2026-01-01,PLAN-PAYG,false,active,1991
I,2026-04-01T00:00:00Z,RD-001603,OP-001,Astrid,Haddad,astrid.haddad73@proton.me,CTY-MAD,esp,2024-09-22,PLAN-PAYG,false,active,1982
I,2026-04-01T00:00:00Z,RD-001605,OP-001,Thomas,Andersson,thomas.andersson362@outlook.com,CTY-MAD,esp,2024-03-08,PLAN-PAYG,false,active,2000
I,2026-04-01T00:00:00Z,RD-001606,OP-001,Joan,Roux,joan.roux523@outlook.com,CTY-MAD,esp,2025-01-13,PLAN-COMMUTE,false,active,1972
I,2026-04-01T00:00:00Z,RD-001607,OP-001,Freja,Roux,freja.roux564@outlook.com,CTY-MAD,esp,2024-09-26,PLAN-PAYG,true,active,1995
I,2026-04-01T00:00:00Z,RD-001608,OP-001,Marta,Vidal,marta.vidal491@proton.me,CTY-MAD,esp,2025-12-02,PLAN-PAYG,true,active,1999
I,2026-04-01T00:00:00Z,RD-001609,OP-001,Freja,Kowalski,freja.kowalski959@outlook.com,CTY-MAD,esp,2024-04-27,PLAN-PAYG,false,active,1967
I,2026-04-01T00:00:00Z,RD-001610,OP-001,Tiago,Fischer,tiago.fischer951@outlook.com,CTY-MAD,esp,2024-06-07,PLAN-COMMUTE,false,active,2003
I,2026-04-01T00:00:00Z,RD-001611,OP-001,Antoine,Weber,antoine.weber138@mail.com,CTY-MAD,esp,2026-02-24,PLAN-COMMUTE,false,active,1962
I,2026-04-01T00:00:00Z,RD-001612,OP-001,Omar,Almeida,omar.almeida871@outlook.com,CTY-MAD,esp,2026-02-17,PLAN-PAYG,true,active,1965
I,2026-04-01T00:00:00Z,RD-001613,OP-001,Astrid,Haddad,astrid.haddad799@correo.es,CTY-MAD,esp,2025-05-07,PLAN-COMMUTE,true,active,1986
I,2026-04-01T00:00:00Z,RD-001614,OP-001,Tiago,Benali,tiago.benali282@outlook.com,CTY-MAD,esp,2024-08-17,PLAN-COMMUTE,false,active,2004
I,2026-04-01T00:00:00Z,RD-001615,OP-001,Diego,Benali,diego.benali249@gmx.de,CTY-MAD,esp,2024-02-17,PLAN-PAYG,false,active,1982
I,2026-04-01T00:00:00Z,RD-001617,OP-001,Oskar,Rossi,oskar.rossi499@proton.me,CTY-MAD,esp,2026-03-30,PLAN-PAYG,true,active,1972
I,2026-04-01T00:00:00Z,RD-001619,OP-001,Joan,Kowalski,joan.kowalski451@mail.com,CTY-MAD,esp,2024-11-21,PLAN-PAYG,true,active,1995
I,2026-04-01T00:00:00Z,RD-001621,OP-001,Joan,Nilsson,joan.nilsson551@correo.es,CTY-MAD,esp,2025-06-05,PLAN-PAYG,true,active,1981
I,2026-04-01T00:00:00Z,RD-001622,OP-001,Lucia,Nilsson,lucia.nilsson668@mail.com,CTY-MAD,esp,2024-02-22,PLAN-COMMUTE,true,active,2003
I,2026-04-01T00:00:00Z,RD-001623,OP-001,Antoine,Silva,antoine.silva411@outlook.com,CTY-MAD,esp,2024-07-22,PLAN-TOURIST,true,active,1982
I,2026-04-01T00:00:00Z,RD-001624,OP-001,Camille,Weber,camille.weber547@outlook.com,CTY-MAD,esp,2026-03-06,PLAN-PAYG,true,active,1999
I,2026-04-01T00:00:00Z,RD-001625,OP-001,Camille,Dubois,camille.dubois633@proton.me,CTY-MAD,esp,2025-04-06,PLAN-PAYG,true,active,1976
I,2026-04-01T00:00:00Z,RD-001626,OP-001,Camille,Nilsson,camille.nilsson274@gmx.de,CTY-MAD,esp,2025-10-04,PLAN-PAYG,false,active,1978
I,2026-04-01T00:00:00Z,RD-001627,OP-001,Nils,Martin,nils.martin26@correo.es,CTY-MAD,esp,2024-10-27,PLAN-STUDENT,false,active,2008
I,2026-04-01T00:00:00Z,RD-001629,OP-001,Elin,Martin,elin.martin519@correo.es,CTY-MAD,esp,2025-05-25,PLAN-UNLIMITED,false,active,1999
I,2026-04-01T00:00:00Z,RD-001630,OP-001,Emil,Costa,emil.costa616@correo.es,CTY-MAD,esp,2024-06-13,PLAN-COMMUTE,true,active,1968
I,2026-04-01T00:00:00Z,RD-001631,OP-001,Ines,Almeida,ines.almeida761@correo.es,CTY-MAD,esp,2026-03-03,PLAN-COMMUTE,true,active,1998
I,2026-04-01T00:00:00Z,RD-001632,OP-001,Yasmin,Lopez,yasmin.lopez944@gmx.de,CTY-MAD,esp,2025-01-12,PLAN-COMMUTE,true,active,1976
I,2026-04-01T00:00:00Z,RD-001634,OP-001,Thomas,Berg,thomas.berg444@proton.me,CTY-MAD,esp,2025-08-20,PLAN-PAYG,false,active,1975
I,2026-04-01T00:00:00Z,RD-001636,OP-001,Thomas,Novak,thomas.novak291@mail.com,CTY-MAD,esp,2025-07-11,PLAN-UNLIMITED,false,active,1979
I,2026-04-01T00:00:00Z,RD-001637,OP-001,Thomas,Benali,thomas.benali453@mail.com,CTY-MAD,esp,2024-03-06,PLAN-PAYG,true,active,1972
I,2026-04-01T00:00:00Z,RD-001638,OP-001,Lucia,Bernard,lucia.bernard579@outlook.com,CTY-MAD,esp,2025-02-18,PLAN-PAYG,false,active,1968
I,2026-04-01T00:00:00Z,RD-001640,OP-001,Beatriz,Berg,beatriz.berg711@proton.me,CTY-MAD,esp,2024-07-27,PLAN-STUDENT,false,active,1963
I,2026-04-01T00:00:00Z,RD-001641,OP-001,Thomas,Vidal,thomas.vidal881@correo.es,CTY-MAD,esp,2026-01-06,PLAN-PAYG,false,active,2004
I,2026-04-01T00:00:00Z,RD-001642,OP-001,Camille,Lindqvist,camille.lindqvist957@mail.com,CTY-MAD,esp,2026-02-28,PLAN-STUDENT,false,active,2002
I,2026-04-01T00:00:00Z,RD-001643,OP-001,Oskar,Conti,oskar.conti662@outlook.com,CTY-MAD,esp,2026-01-13,PLAN-PAYG,true,active,1969
I,2026-04-01T00:00:00Z,RD-001644,OP-001,Tiago,Andersson,tiago.andersson471@mail.com,CTY-MAD,esp,2025-04-08,PLAN-COMMUTE,false,active,1988
I,2026-04-01T00:00:00Z,RD-001645,OP-001,Nils,Pereira,nils.pereira143@gmx.de,CTY-MAD,esp,2024-01-02,PLAN-COMMUTE,true,active,1979
I,2026-04-01T00:00:00Z,RD-001646,OP-001,Hugo,Fischer,hugo.fischer138@correo.es,CTY-MAD,esp,2024-02-02,PLAN-PAYG,true,active,1979
I,2026-04-01T00:00:00Z,RD-001647,OP-001,Rui,Haddad,rui.haddad922@correo.es,CTY-MAD,esp,2024-03-15,PLAN-COMMUTE,false,active,1997
I,2026-04-01T00:00:00Z,RD-001648,OP-001,Ivan,Pereira,ivan.pereira759@mail.com,CTY-MAD,esp,2025-09-24,PLAN-PAYG,false,active,2001
I,2026-04-01T00:00:00Z,RD-001649,OP-001,Lucia,Silva,lucia.silva283@proton.me,CTY-MAD,esp,2024-11-07,PLAN-PAYG,false,active,1963
I,2026-04-01T00:00:00Z,RD-001650,OP-001,Rui,Serra,rui.serra879@gmx.de,CTY-MAD,esp,2026-03-06,PLAN-PAYG,false,active,1987
I,2026-04-01T00:00:00Z,RD-001651,OP-001,Omar,Costa,omar.costa144@proton.me,CTY-MAD,esp,2024-11-10,PLAN-STUDENT,true,active,1997
I,2026-04-01T00:00:00Z,RD-001652,OP-001,Freja,Lindqvist,freja.lindqvist389@correo.es,CTY-MAD,esp,2024-05-11,PLAN-PAYG,false,active,2003
I,2026-04-01T00:00:00Z,RD-001653,OP-001,Freja,Benali,freja.benali597@correo.es,CTY-MAD,esp,2024-12-30,PLAN-COMMUTE,false,active,2005
I,2026-04-01T00:00:00Z,RD-001654,OP-001,Astrid,Almeida,astrid.almeida832@mail.com,CTY-MAD,esp,2024-09-26,PLAN-PAYG,true,active,1963
I,2026-04-01T00:00:00Z,RD-001655,OP-001,Nora,Fischer,nora.fischer332@mail.com,CTY-MAD,esp,2025-07-14,PLAN-TOURIST,false,active,1983
I,2026-04-01T00:00:00Z,RD-001656,OP-001,Lucia,Conti,lucia.conti852@gmx.de,CTY-MAD,esp,2024-08-01,PLAN-COMMUTE,false,active,1997
I,2026-04-01T00:00:00Z,RD-001657,OP-001,Freja,Martin,freja.martin933@outlook.com,CTY-MAD,esp,2025-06-30,PLAN-PAYG,true,active,1981
I,2026-04-01T00:00:00Z,RD-001658,OP-001,Emil,Weber,emil.weber68@gmx.de,CTY-MAD,esp,2024-08-27,PLAN-UNLIMITED,false,active,1986
I,2026-04-01T00:00:00Z,RD-001659,OP-001,Thomas,Conti,thomas.conti704@proton.me,CTY-MAD,esp,2025-01-17,PLAN-PAYG,true,active,1971
I,2026-04-01T00:00:00Z,RD-001660,OP-001,Oskar,Lopez,oskar.lopez801@outlook.com,CTY-MAD,esp,2025-12-14,PLAN-PAYG,false,active,1999
I,2026-04-01T00:00:00Z,RD-001661,OP-001,Yasmin,Silva,yasmin.silva896@mail.com,CTY-MAD,esp,2024-05-17,PLAN-PAYG,false,active,1980
I,2026-04-01T00:00:00Z,RD-001662,OP-001,Ivan,Dubois,ivan.dubois436@mail.com,CTY-MAD,esp,2025-03-21,PLAN-PAYG,true,active,2006
I,2026-04-01T00:00:00Z,RD-001663,OP-001,Ines,Fischer,ines.fischer62@mail.com,CTY-MAD,esp,2024-02-22,PLAN-COMMUTE,false,active,1977
I,2026-04-01T00:00:00Z,RD-001664,OP-001,Lucia,Nilsson,lucia.nilsson333@mail.com,CTY-MAD,esp,2024-03-27,PLAN-UNLIMITED,false,active,1976
I,2026-04-01T00:00:00Z,RD-001665,OP-001,Nils,Martin,nils.martin647@mail.com,CTY-MAD,esp,2024-06-23,PLAN-CORP,true,active,1993
I,2026-04-01T00:00:00Z,RD-001666,OP-001,Antoine,Roux,antoine.roux100@mail.com,CTY-MAD,esp,2025-04-12,PLAN-COMMUTE,false,active,2002
I,2026-04-01T00:00:00Z,RD-001667,OP-001,Ines,Silva,ines.silva339@proton.me,CTY-MAD,esp,2024-05-11,PLAN-STUDENT,false,active,2003
I,2026-04-01T00:00:00Z,RD-001668,OP-001,Tiago,Novak,tiago.novak885@proton.me,CTY-MAD,esp,2024-05-26,PLAN-STUDENT,true,active,1977
I,2026-04-01T00:00:00Z,RD-001669,OP-001,Omar,Fischer,omar.fischer965@gmx.de,CTY-MAD,esp,2025-01-16,PLAN-PAYG,true,active,1962
I,2026-04-01T00:00:00Z,RD-001670,OP-001,Freja,Ferrer,freja.ferrer56@correo.es,CTY-MAD,esp,2024-07-18,PLAN-CORP,false,active,1983
I,2026-04-01T00:00:00Z,RD-001671,OP-001,Camille,Rossi,camille.rossi20@gmx.de,CTY-MAD,esp,2025-12-13,PLAN-UNLIMITED,true,active,1972
I,2026-04-01T00:00:00Z,RD-001672,OP-001,Diego,Conti,diego.conti808@correo.es,CTY-MAD,esp,2024-10-23,PLAN-PAYG,false,active,1992
I,2026-04-01T00:00:00Z,RD-001673,OP-001,Joan,Moreno,joan.moreno328@outlook.com,CTY-MAD,esp,2024-09-19,PLAN-COMMUTE,true,active,1968
I,2026-04-01T00:00:00Z,RD-001674,OP-001,Karim,Almeida,karim.almeida211@outlook.com,CTY-MAD,esp,2024-09-12,PLAN-PAYG,true,active,1970
I,2026-04-01T00:00:00Z,RD-001675,OP-001,Sofia,Ferrer,sofia.ferrer238@outlook.com,CTY-MAD,esp,2024-11-23,PLAN-PAYG,true,active,1965
I,2026-04-01T00:00:00Z,RD-001676,OP-001,Oskar,Almeida,oskar.almeida98@outlook.com,CTY-MAD,esp,2024-01-29,PLAN-COMMUTE,true,active,1969
I,2026-04-01T00:00:00Z,RD-001677,OP-001,Manon,Andersson,manon.andersson215@correo.es,CTY-MAD,esp,2024-11-10,PLAN-COMMUTE,true,active,1976
I,2026-04-01T00:00:00Z,RD-001678,OP-001,Camille,Serra,camille.serra388@mail.com,CTY-MAD,esp,2025-06-13,PLAN-STUDENT,true,active,1977
I,2026-04-01T00:00:00Z,RD-001680,OP-001,Nora,Nilsson,nora.nilsson306@gmx.de,CTY-MAD,esp,2025-02-13,PLAN-COMMUTE,false,active,1962
I,2026-04-01T00:00:00Z,RD-001681,OP-001,Hugo,Berg,hugo.berg440@correo.es,CTY-MAD,esp,2025-03-16,PLAN-PAYG,true,active,2008
I,2026-04-01T00:00:00Z,RD-001682,OP-001,Antoine,Haddad,antoine.haddad448@proton.me,CTY-MAD,esp,2024-09-10,PLAN-COMMUTE,false,active,2002
I,2026-04-01T00:00:00Z,RD-001683,OP-001,Nadia,Lindqvist,nadia.lindqvist564@gmx.de,CTY-MAD,esp,2025-08-09,PLAN-PAYG,false,active,1976
I,2026-04-01T00:00:00Z,RD-001684,OP-001,Oskar,Almeida,oskar.almeida343@correo.es,CTY-MAD,esp,2024-04-04,PLAN-TOURIST,false,active,1985
I,2026-04-01T00:00:00Z,RD-001685,OP-001,Yasmin,Silva,yasmin.silva274@proton.me,CTY-MAD,esp,2024-03-08,PLAN-COMMUTE,false,active,1972
I,2026-04-01T00:00:00Z,RD-001686,OP-001,Oskar,Fischer,oskar.fischer524@mail.com,CTY-MAD,esp,2025-10-16,PLAN-COMMUTE,false,active,1988
I,2026-04-01T00:00:00Z,RD-001687,OP-001,Diego,Moreno,diego.moreno379@correo.es,CTY-MAD,esp,2026-03-12,PLAN-PAYG,false,active,1972
I,2026-04-01T00:00:00Z,RD-001688,OP-001,Diego,Dubois,diego.dubois946@proton.me,CTY-MAD,esp,2024-10-04,PLAN-PAYG,false,active,2004
I,2026-04-01T00:00:00Z,RD-001689,OP-001,Ivan,Silva,ivan.silva716@proton.me,CTY-MAD,esp,2025-08-17,PLAN-PAYG,false,active,1977
I,2026-04-01T00:00:00Z,RD-001690,OP-001,Aina,Nilsson,aina.nilsson774@proton.me,CTY-MAD,esp,2025-12-25,PLAN-PAYG,true,active,1981
I,2026-04-01T00:00:00Z,RD-001691,OP-001,Pablo,Silva,pablo.silva657@proton.me,CTY-MAD,esp,2024-06-09,PLAN-UNLIMITED,false,active,1974
I,2026-04-01T00:00:00Z,RD-001692,OP-001,Thomas,Novak,thomas.novak332@gmx.de,CTY-MAD,esp,2024-08-17,PLAN-PAYG,false,active,1988
I,2026-04-01T00:00:00Z,RD-001693,OP-001,Tiago,Silva,tiago.silva253@outlook.com,CTY-MAD,esp,2025-03-15,PLAN-PAYG,true,active,1987
I,2026-04-01T00:00:00Z,RD-001694,OP-001,Thomas,Roux,thomas.roux482@outlook.com,CTY-MAD,esp,2025-08-02,PLAN-COMMUTE,true,active,1988
I,2026-04-01T00:00:00Z,RD-001695,OP-001,Pablo,Costa,pablo.costa970@outlook.com,CTY-MAD,esp,2025-11-20,PLAN-PAYG,false,active,1994
I,2026-04-01T00:00:00Z,RD-001696,OP-001,Camille,Andersson,camille.andersson30@correo.es,CTY-MAD,esp,2024-03-31,PLAN-PAYG,true,active,1992
I,2026-04-01T00:00:00Z,RD-001697,OP-001,Aina,Almeida,aina.almeida171@mail.com,CTY-MAD,esp,2025-12-08,PLAN-CORP,false,active,1996
I,2026-04-01T00:00:00Z,RD-001698,OP-001,Rui,Pereira,rui.pereira926@mail.com,CTY-MAD,esp,2025-07-21,PLAN-PAYG,true,active,1986
I,2026-04-01T00:00:00Z,RD-001699,OP-001,Thomas,Berg,thomas.berg135@mail.com,CTY-MAD,esp,2024-04-30,PLAN-TOURIST,false,active,1974
I,2026-04-01T00:00:00Z,RD-001700,OP-001,Beatriz,Weber,beatriz.weber453@proton.me,CTY-MAD,esp,2026-03-02,PLAN-PAYG,false,active,1971
I,2026-04-01T00:00:00Z,RD-001701,OP-001,Thomas,Haddad,thomas.haddad169@proton.me,CTY-MAD,esp,2025-10-10,PLAN-STUDENT,false,active,1984
I,2026-04-01T00:00:00Z,RD-001703,OP-001,Karim,Fischer,karim.fischer12@correo.es,CTY-MAD,esp,2024-11-03,PLAN-PAYG,false,active,1994
I,2026-04-01T00:00:00Z,RD-001704,OP-001,Karim,Kowalski,karim.kowalski113@correo.es,CTY-MAD,esp,2025-11-14,PLAN-COMMUTE,false,active,2007
I,2026-04-01T00:00:00Z,RD-001705,OP-001,Diego,Haddad,diego.haddad420@proton.me,CTY-MAD,esp,2025-09-27,PLAN-TOURIST,true,active,1988
I,2026-04-01T00:00:00Z,RD-001706,OP-001,Louis,Roux,louis.roux226@outlook.com,CTY-MAD,esp,2024-12-02,PLAN-PAYG,true,active,1986
I,2026-04-01T00:00:00Z,RD-001707,OP-001,Pablo,Serra,pablo.serra585@mail.com,CTY-MAD,esp,2026-03-02,PLAN-PAYG,true,active,1998
I,2026-04-01T00:00:00Z,RD-001708,OP-001,Rui,Berg,rui.berg780@mail.com,CTY-MAD,esp,2024-02-04,PLAN-PAYG,true,active,1979
I,2026-04-01T00:00:00Z,RD-001709,OP-001,Sofia,Andersson,sofia.andersson430@proton.me,CTY-MAD,esp,2025-11-12,PLAN-COMMUTE,true,active,2005
I,2026-04-01T00:00:00Z,RD-001710,OP-001,Sofia,Roux,sofia.roux47@outlook.com,CTY-MAD,esp,2024-10-15,PLAN-PAYG,false,active,1967
I,2026-04-01T00:00:00Z,RD-001712,OP-001,Sofia,Roux,sofia.roux11@gmx.de,CTY-MAD,esp,2025-02-14,PLAN-COMMUTE,true,active,1963
I,2026-04-01T00:00:00Z,RD-001713,OP-001,Joan,Nilsson,joan.nilsson916@mail.com,CTY-MAD,esp,2024-06-14,PLAN-PAYG,false,active,1988
I,2026-04-01T00:00:00Z,RD-001714,OP-001,Omar,Moreno,omar.moreno34@mail.com,CTY-MAD,esp,2025-07-11,PLAN-UNLIMITED,true,active,1977
I,2026-04-01T00:00:00Z,RD-001716,OP-001,Tiago,Berg,tiago.berg215@gmx.de,CTY-MAD,esp,2024-03-02,PLAN-PAYG,false,active,1965
I,2026-04-01T00:00:00Z,RD-001717,OP-001,Chloe,Martin,chloe.martin99@proton.me,CTY-MAD,esp,2025-11-18,PLAN-STUDENT,true,active,1975
I,2026-04-01T00:00:00Z,RD-001718,OP-001,Omar,Roux,omar.roux332@proton.me,CTY-MAD,esp,2024-03-22,PLAN-PAYG,true,active,1993
I,2026-04-01T00:00:00Z,RD-001719,OP-001,Pablo,Andersson,pablo.andersson723@mail.com,CTY-MAD,esp,2026-03-12,PLAN-COMMUTE,false,active,1963
I,2026-04-01T00:00:00Z,RD-001720,OP-001,Aina,Nilsson,aina.nilsson889@mail.com,CTY-MAD,esp,2025-11-16,PLAN-PAYG,true,active,1980
I,2026-04-01T00:00:00Z,RD-001721,OP-001,Lucia,Moreno,lucia.moreno471@gmx.de,CTY-MAD,esp,2025-06-30,PLAN-PAYG,false,active,2006
I,2026-04-01T00:00:00Z,RD-001722,OP-001,Lucia,Weber,lucia.weber994@proton.me,CTY-MAD,esp,2024-08-06,PLAN-PAYG,false,active,1993
I,2026-04-01T00:00:00Z,RD-001723,OP-001,Freja,Nilsson,freja.nilsson620@mail.com,CTY-MAD,esp,2024-07-11,PLAN-PAYG,true,active,1964
I,2026-04-01T00:00:00Z,RD-001724,OP-001,Omar,Novak,omar.novak994@mail.com,CTY-MAD,esp,2025-09-21,PLAN-COMMUTE,false,active,1969
I,2026-04-01T00:00:00Z,RD-001725,OP-001,Antoine,Haddad,antoine.haddad256@correo.es,CTY-MAD,esp,2024-06-22,PLAN-PAYG,false,active,1965
I,2026-04-01T00:00:00Z,RD-001726,OP-001,Lucia,Rossi,lucia.rossi224@gmx.de,CTY-MAD,esp,2024-12-09,PLAN-PAYG,false,active,2004
I,2026-04-01T00:00:00Z,RD-001727,OP-001,Hugo,Almeida,hugo.almeida260@gmx.de,CTY-MAD,esp,2025-07-15,PLAN-PAYG,false,active,1973
I,2026-04-01T00:00:00Z,RD-001728,OP-001,Manon,Novak,manon.novak915@mail.com,CTY-MAD,esp,2024-11-15,PLAN-PAYG,false,active,1980
I,2026-04-01T00:00:00Z,RD-001729,OP-001,Emil,Conti,emil.conti478@outlook.com,CTY-MAD,esp,2025-12-25,PLAN-PAYG,false,active,1995
I,2026-04-01T00:00:00Z,RD-001730,OP-001,Ines,Costa,ines.costa290@outlook.com,CTY-MAD,esp,2025-09-11,PLAN-COMMUTE,true,active,1965
I,2026-04-01T00:00:00Z,RD-001731,OP-001,Marta,Costa,marta.costa718@gmx.de,CTY-MAD,esp,2025-10-05,PLAN-PAYG,false,active,2004
I,2026-04-01T00:00:00Z,RD-001732,OP-001,Omar,Almeida,omar.almeida797@outlook.com,CTY-MAD,esp,2025-01-07,PLAN-PAYG,true,active,1973
I,2026-04-01T00:00:00Z,RD-001733,OP-001,Astrid,Novak,astrid.novak160@proton.me,CTY-MAD,esp,2025-04-11,PLAN-PAYG,false,active,1987
I,2026-04-01T00:00:00Z,RD-001735,OP-001,Diego,Novak,diego.novak859@correo.es,CTY-MAD,esp,2024-04-23,PLAN-PAYG,false,active,1994
I,2026-04-01T00:00:00Z,RD-001736,OP-001,Camille,Pereira,camille.pereira42@outlook.com,CTY-MAD,esp,2024-09-23,PLAN-PAYG,true,active,1962
I,2026-04-01T00:00:00Z,RD-001737,OP-001,Marta,Novak,marta.novak419@outlook.com,CTY-MAD,esp,2025-02-25,PLAN-COMMUTE,false,active,1968
I,2026-04-01T00:00:00Z,RD-001738,OP-001,Emil,Vidal,emil.vidal484@proton.me,CTY-MAD,esp,2024-01-08,PLAN-PAYG,true,active,1969
I,2026-04-01T00:00:00Z,RD-001739,OP-001,Oskar,Fischer,oskar.fischer235@correo.es,CTY-MAD,esp,2024-05-23,PLAN-PAYG,true,active,1973
I,2026-04-01T00:00:00Z,RD-001740,OP-001,Tiago,Vidal,tiago.vidal285@proton.me,CTY-MAD,esp,2025-07-02,PLAN-PAYG,true,active,1995
I,2026-04-01T00:00:00Z,RD-001741,OP-001,Nora,Costa,nora.costa610@gmx.de,CTY-MAD,esp,2025-08-28,PLAN-PAYG,false,active,1967
I,2026-04-01T00:00:00Z,RD-001742,OP-001,Joan,Conti,joan.conti464@outlook.com,CTY-MAD,esp,2024-10-01,PLAN-STUDENT,true,active,1985
I,2026-04-01T00:00:00Z,RD-001743,OP-001,Nadia,Fischer,nadia.fischer959@correo.es,CTY-MAD,esp,2024-04-28,PLAN-PAYG,true,active,1982
I,2026-04-01T00:00:00Z,RD-001744,OP-001,Nora,Silva,nora.silva950@correo.es,CTY-MAD,esp,2025-03-29,PLAN-PAYG,true,active,1962
I,2026-04-01T00:00:00Z,RD-001745,OP-001,Antoine,Pereira,antoine.pereira718@gmx.de,CTY-MAD,esp,2025-10-16,PLAN-CORP,true,active,2000
I,2026-04-01T00:00:00Z,RD-001746,OP-001,Manon,Dubois,manon.dubois131@outlook.com,CTY-MAD,esp,2024-01-30,PLAN-PAYG,true,active,1963
I,2026-04-01T00:00:00Z,RD-001747,OP-001,Nadia,Nilsson,nadia.nilsson932@gmx.de,CTY-MAD,esp,2024-10-21,PLAN-PAYG,true,active,2001
I,2026-04-01T00:00:00Z,RD-001748,OP-001,Elin,Weber,elin.weber523@mail.com,CTY-MAD,esp,2026-02-19,PLAN-UNLIMITED,false,active,1980
I,2026-04-01T00:00:00Z,RD-001749,OP-001,Emil,Roux,emil.roux295@correo.es,CTY-MAD,esp,2025-04-10,PLAN-PAYG,true,active,1967
I,2026-04-01T00:00:00Z,RD-001750,OP-001,Camille,Bernard,camille.bernard229@mail.com,CTY-MAD,esp,2025-09-16,PLAN-PAYG,false,active,1993
I,2026-04-01T00:00:00Z,RD-001751,OP-001,Omar,Roux,omar.roux690@correo.es,CTY-MAD,esp,2024-01-26,PLAN-PAYG,true,active,2004
I,2026-04-01T00:00:00Z,RD-001752,OP-001,Aina,Moreno,aina.moreno636@proton.me,CTY-MAD,esp,2025-11-07,PLAN-PAYG,true,active,2008
I,2026-04-01T00:00:00Z,RD-001753,OP-001,Freja,Benali,freja.benali834@gmx.de,CTY-MAD,esp,2024-11-22,PLAN-PAYG,false,active,1993
I,2026-04-01T00:00:00Z,RD-001754,OP-001,Antoine,Costa,antoine.costa715@mail.com,CTY-MAD,esp,2024-11-09,PLAN-PAYG,false,active,1973
I,2026-04-01T00:00:00Z,RD-001755,OP-001,Beatriz,Conti,beatriz.conti618@proton.me,CTY-MAD,esp,2025-03-05,PLAN-COMMUTE,true,active,2006
I,2026-04-01T00:00:00Z,RD-001756,OP-001,Diego,Costa,diego.costa623@outlook.com,CTY-MAD,esp,2025-06-16,PLAN-PAYG,false,active,1966
I,2026-04-01T00:00:00Z,RD-001757,OP-001,Thomas,Ferrer,thomas.ferrer471@correo.es,CTY-MAD,esp,2025-03-06,PLAN-PAYG,false,active,1985
I,2026-04-01T00:00:00Z,RD-001758,OP-001,Astrid,Ferrer,astrid.ferrer148@proton.me,CTY-MAD,esp,2024-11-21,PLAN-PAYG,true,active,1988
I,2026-04-01T00:00:00Z,RD-001759,OP-001,Louis,Roux,louis.roux921@outlook.com,CTY-MAD,esp,2025-08-24,PLAN-PAYG,false,active,1976
I,2026-04-01T00:00:00Z,RD-001760,OP-001,Camille,Garcia,camille.garcia491@proton.me,CTY-MAD,esp,2024-07-18,PLAN-COMMUTE,true,active,2002
I,2026-04-01T00:00:00Z,RD-001761,OP-001,Rui,Almeida,rui.almeida471@proton.me,CTY-MAD,esp,2024-11-04,PLAN-UNLIMITED,true,active,1982
I,2026-04-01T00:00:00Z,RD-001762,OP-001,Antoine,Fischer,antoine.fischer692@correo.es,CTY-MAD,esp,2024-10-15,PLAN-PAYG,true,active,1978
I,2026-04-01T00:00:00Z,RD-001763,OP-001,Hugo,Andersson,hugo.andersson786@mail.com,CTY-MAD,esp,2024-01-05,PLAN-PAYG,false,active,2007
I,2026-04-01T00:00:00Z,RD-001764,OP-001,Aina,Nilsson,aina.nilsson351@correo.es,CTY-MAD,esp,2024-12-04,PLAN-CORP,false,active,2000
I,2026-04-01T00:00:00Z,RD-001765,OP-001,Pablo,Silva,pablo.silva470@gmx.de,CTY-MAD,esp,2024-11-18,PLAN-STUDENT,true,active,1986
I,2026-04-01T00:00:00Z,RD-001766,OP-001,Hugo,Martin,hugo.martin16@correo.es,CTY-MAD,esp,2025-01-22,PLAN-PAYG,false,active,1990
I,2026-04-01T00:00:00Z,RD-001767,OP-001,Joan,Lindqvist,joan.lindqvist227@correo.es,CTY-MAD,esp,2024-08-06,PLAN-COMMUTE,false,active,2005
I,2026-04-01T00:00:00Z,RD-001768,OP-001,Rui,Nilsson,rui.nilsson869@mail.com,CTY-MAD,esp,2024-08-15,PLAN-PAYG,true,active,1995
I,2026-04-01T00:00:00Z,RD-001769,OP-001,Freja,Lindqvist,freja.lindqvist934@correo.es,CTY-MAD,esp,2024-01-21,PLAN-COMMUTE,false,active,1973
I,2026-04-01T00:00:00Z,RD-001770,OP-001,Nadia,Rossi,nadia.rossi454@correo.es,CTY-MAD,esp,2024-04-02,PLAN-PAYG,false,active,1972
I,2026-04-01T00:00:00Z,RD-001771,OP-001,Rui,Vidal,rui.vidal310@mail.com,CTY-MAD,esp,2024-01-28,PLAN-PAYG,true,active,1969
I,2026-04-01T00:00:00Z,RD-001772,OP-001,Oskar,Kowalski,oskar.kowalski922@proton.me,CTY-MAD,esp,2024-06-29,PLAN-PAYG,true,active,1992
I,2026-04-01T00:00:00Z,RD-001773,OP-001,Karim,Garcia,karim.garcia840@gmx.de,CTY-MAD,esp,2024-05-09,PLAN-COMMUTE,true,active,1969
I,2026-04-01T00:00:00Z,RD-001774,OP-001,Yasmin,Lindqvist,yasmin.lindqvist47@gmx.de,CTY-MAD,esp,2025-05-27,PLAN-PAYG,false,active,1962
I,2026-04-01T00:00:00Z,RD-001775,OP-001,Hugo,Vidal,hugo.vidal688@outlook.com,CTY-MAD,esp,2024-04-07,PLAN-PAYG,true,active,2003
I,2026-04-01T00:00:00Z,RD-001776,OP-001,Ivan,Andersson,ivan.andersson502@outlook.com,CTY-MAD,esp,2024-08-19,PLAN-PAYG,true,active,1962
I,2026-04-01T00:00:00Z,RD-001777,OP-001,Joan,Novak,joan.novak596@gmx.de,CTY-MAD,esp,2025-12-26,PLAN-PAYG,false,active,1971
I,2026-04-01T00:00:00Z,RD-001778,OP-001,Hugo,Silva,hugo.silva694@gmx.de,CTY-MAD,esp,2026-01-05,PLAN-COMMUTE,true,active,1994
I,2026-04-01T00:00:00Z,RD-001779,OP-001,Thomas,Costa,thomas.costa317@mail.com,CTY-MAD,esp,2025-09-06,PLAN-COMMUTE,true,active,1976
I,2026-04-01T00:00:00Z,RD-001780,OP-001,Marta,Nilsson,marta.nilsson745@correo.es,CTY-MAD,esp,2024-12-18,PLAN-PAYG,true,active,1967
I,2026-04-01T00:00:00Z,RD-001781,OP-001,Freja,Novak,freja.novak939@outlook.com,CTY-MAD,esp,2025-04-21,PLAN-COMMUTE,false,active,1983
I,2026-04-01T00:00:00Z,RD-001782,OP-001,Freja,Nilsson,freja.nilsson858@correo.es,CTY-MAD,esp,2024-10-21,PLAN-PAYG,true,active,2001
I,2026-04-01T00:00:00Z,RD-001783,OP-001,Diego,Weber,diego.weber630@mail.com,CTY-MAD,esp,2025-11-24,PLAN-UNLIMITED,false,active,1993
I,2026-04-01T00:00:00Z,RD-001784,OP-001,Nils,Pereira,nils.pereira60@gmx.de,CTY-MAD,esp,2024-12-14,PLAN-PAYG,false,active,2003
I,2026-04-01T00:00:00Z,RD-001785,OP-001,Nadia,Weber,nadia.weber28@outlook.com,CTY-MAD,esp,2024-05-08,PLAN-PAYG,true,active,2006
I,2026-04-01T00:00:00Z,RD-001786,OP-001,Camille,Silva,camille.silva417@mail.com,CTY-MAD,esp,2024-02-26,PLAN-STUDENT,true,active,1971
I,2026-04-01T00:00:00Z,RD-001787,OP-001,Aina,Lindqvist,aina.lindqvist401@proton.me,CTY-MAD,esp,2024-04-26,PLAN-COMMUTE,false,active,1963
I,2026-04-01T00:00:00Z,RD-001788,OP-001,Freja,Novak,freja.novak438@correo.es,CTY-MAD,esp,2025-10-09,PLAN-PAYG,true,active,1971
I,2026-04-01T00:00:00Z,RD-001789,OP-001,Nora,Kowalski,nora.kowalski365@outlook.com,CTY-MAD,esp,2025-07-06,PLAN-PAYG,true,active,1986
I,2026-04-01T00:00:00Z,RD-001790,OP-001,Yasmin,Novak,yasmin.novak663@outlook.com,CTY-MAD,esp,2024-10-18,PLAN-PAYG,true,active,1993
I,2026-04-01T00:00:00Z,RD-001791,OP-001,Lucia,Lopez,lucia.lopez621@gmx.de,CTY-MAD,esp,2024-06-04,PLAN-PAYG,true,active,1963
I,2026-04-01T00:00:00Z,RD-001792,OP-001,Thomas,Lindqvist,thomas.lindqvist792@correo.es,CTY-MAD,esp,2024-12-10,PLAN-COMMUTE,true,active,1977
I,2026-04-01T00:00:00Z,RD-001793,OP-001,Chloe,Rossi,chloe.rossi266@proton.me,CTY-MAD,esp,2024-05-26,PLAN-PAYG,false,active,1986
I,2026-04-01T00:00:00Z,RD-001794,OP-001,Rui,Andersson,rui.andersson774@outlook.com,CTY-MAD,esp,2025-05-05,PLAN-COMMUTE,true,active,1993
I,2026-04-01T00:00:00Z,RD-001795,OP-001,Louis,Roux,louis.roux509@proton.me,CTY-MAD,esp,2025-11-30,PLAN-PAYG,true,active,1983
I,2026-04-01T00:00:00Z,RD-001796,OP-001,Nadia,Andersson,nadia.andersson43@mail.com,CTY-MAD,esp,2024-05-22,PLAN-PAYG,false,active,2004
I,2026-04-01T00:00:00Z,RD-001798,OP-001,Hugo,Pereira,hugo.pereira898@correo.es,CTY-MAD,esp,2026-03-23,PLAN-UNLIMITED,false,active,1966
I,2026-04-01T00:00:00Z,RD-001799,OP-001,Antoine,Vidal,antoine.vidal324@gmx.de,CTY-MAD,esp,2024-10-13,PLAN-PAYG,true,active,1993
I,2026-04-01T00:00:00Z,RD-001800,OP-001,Yasmin,Costa,yasmin.costa953@proton.me,CTY-MAD,esp,2024-11-17,PLAN-COMMUTE,false,active,1978
I,2026-04-01T00:00:00Z,RD-001801,OP-001,Ines,Dubois,ines.dubois437@correo.es,CTY-MAD,esp,2025-08-25,PLAN-PAYG,false,active,2007
I,2026-04-01T00:00:00Z,RD-001802,OP-001,Oskar,Moreno,oskar.moreno641@correo.es,CTY-MAD,esp,2025-02-20,PLAN-PAYG,false,active,1999
I,2026-04-01T00:00:00Z,RD-001803,OP-001,Aina,Haddad,aina.haddad547@gmx.de,CTY-MAD,esp,2025-01-27,PLAN-UNLIMITED,true,active,2005
I,2026-04-01T00:00:00Z,RD-001804,OP-001,Joan,Pereira,joan.pereira459@proton.me,CTY-MAD,esp,2026-02-07,PLAN-COMMUTE,true,active,2000
I,2026-04-01T00:00:00Z,RD-001805,OP-001,Ivan,Conti,ivan.conti629@proton.me,CTY-MAD,esp,2024-01-23,PLAN-COMMUTE,true,active,1978
I,2026-04-01T00:00:00Z,RD-001806,OP-001,Louis,Berg,louis.berg135@outlook.com,CTY-MAD,esp,2024-03-15,PLAN-PAYG,false,active,2004
I,2026-04-01T00:00:00Z,RD-001807,OP-001,Oskar,Garcia,oskar.garcia201@gmx.de,CTY-MAD,esp,2026-03-17,PLAN-UNLIMITED,false,active,1997
I,2026-04-01T00:00:00Z,RD-001808,OP-001,Karim,Rossi,karim.rossi685@mail.com,CTY-MAD,esp,2025-12-17,PLAN-PAYG,false,active,1993
I,2026-04-01T00:00:00Z,RD-001810,OP-001,Camille,Ferrer,camille.ferrer236@outlook.com,CTY-MAD,esp,2024-07-27,PLAN-PAYG,true,active,1980
I,2026-04-01T00:00:00Z,RD-001811,OP-001,Astrid,Roux,astrid.roux793@correo.es,CTY-MAD,esp,2024-05-27,PLAN-PAYG,true,active,2006
I,2026-04-01T00:00:00Z,RD-001812,OP-001,Joan,Haddad,joan.haddad325@mail.com,CTY-MAD,esp,2024-10-03,PLAN-COMMUTE,false,active,1993
I,2026-04-01T00:00:00Z,RD-001813,OP-001,Freja,Weber,freja.weber405@correo.es,CTY-MAD,esp,2024-01-13,PLAN-PAYG,true,active,2004
I,2026-04-01T00:00:00Z,RD-001814,OP-001,Aina,Fischer,aina.fischer437@correo.es,CTY-MAD,esp,2025-06-16,PLAN-PAYG,true,active,1970
I,2026-04-01T00:00:00Z,RD-001815,OP-001,Nadia,Fischer,nadia.fischer842@mail.com,CTY-MAD,esp,2024-01-28,PLAN-UNLIMITED,false,active,1994
I,2026-04-01T00:00:00Z,RD-001817,OP-001,Karim,Dubois,karim.dubois24@outlook.com,CTY-MAD,esp,2025-01-25,PLAN-PAYG,false,active,1993
I,2026-04-01T00:00:00Z,RD-001818,OP-001,Thomas,Conti,thomas.conti212@proton.me,CTY-MAD,esp,2025-12-15,PLAN-PAYG,false,active,2002
I,2026-04-01T00:00:00Z,RD-001819,OP-001,Louis,Berg,louis.berg913@proton.me,CTY-MAD,esp,2024-10-19,PLAN-UNLIMITED,true,active,1963
I,2026-04-01T00:00:00Z,RD-001820,OP-001,Tiago,Costa,tiago.costa582@mail.com,CTY-MAD,esp,2024-10-13,PLAN-PAYG,true,active,1971
I,2026-04-01T00:00:00Z,RD-001823,OP-001,Freja,Moreno,freja.moreno922@outlook.com,CTY-MAD,esp,2026-03-16,PLAN-COMMUTE,true,active,1996
I,2026-04-01T00:00:00Z,RD-001824,OP-001,Nadia,Ferrer,nadia.ferrer752@outlook.com,CTY-MAD,esp,2025-06-20,PLAN-COMMUTE,true,active,1980
I,2026-04-01T00:00:00Z,RD-001825,OP-001,Sofia,Novak,sofia.novak63@gmx.de,CTY-MAD,esp,2024-10-15,PLAN-PAYG,false,active,1987
I,2026-04-01T00:00:00Z,RD-001826,OP-001,Freja,Bernard,freja.bernard219@gmx.de,CTY-MAD,esp,2025-12-04,PLAN-PAYG,true,active,1979
I,2026-04-01T00:00:00Z,RD-001827,OP-001,Ines,Novak,ines.novak470@gmx.de,CTY-MAD,esp,2024-11-13,PLAN-PAYG,true,active,1974
I,2026-04-01T00:00:00Z,RD-001828,OP-001,Joan,Benali,joan.benali945@proton.me,CTY-MAD,esp,2024-04-15,PLAN-PAYG,false,active,1986
I,2026-04-01T00:00:00Z,RD-001830,OP-001,Omar,Benali,omar.benali810@mail.com,CTY-MAD,esp,2025-04-18,PLAN-PAYG,true,active,1992
I,2026-04-01T00:00:00Z,RD-001831,OP-001,Chloe,Moreno,chloe.moreno375@outlook.com,CTY-MAD,esp,2024-04-19,PLAN-UNLIMITED,false,active,1995
I,2026-04-01T00:00:00Z,RD-001832,OP-001,Nils,Moreno,nils.moreno482@proton.me,CTY-MAD,esp,2025-08-07,PLAN-PAYG,true,active,2004
I,2026-04-01T00:00:00Z,RD-001833,OP-001,Nora,Serra,nora.serra891@mail.com,CTY-MAD,esp,2025-05-02,PLAN-COMMUTE,true,active,1983
I,2026-04-01T00:00:00Z,RD-001834,OP-001,Tiago,Andersson,tiago.andersson366@outlook.com,CTY-MAD,esp,2024-09-18,PLAN-PAYG,false,active,1989
I,2026-04-01T00:00:00Z,RD-001835,OP-001,Elin,Dubois,elin.dubois379@correo.es,CTY-MAD,esp,2025-07-12,PLAN-PAYG,true,active,1977
I,2026-04-01T00:00:00Z,RD-001836,OP-001,Beatriz,Novak,beatriz.novak522@correo.es,CTY-MAD,esp,2026-02-18,PLAN-PAYG,false,active,1987
I,2026-04-01T00:00:00Z,RD-001837,OP-001,Louis,Vidal,louis.vidal718@proton.me,CTY-MAD,esp,2026-03-06,PLAN-PAYG,true,active,1966
I,2026-04-01T00:00:00Z,RD-001838,OP-001,Louis,Silva,louis.silva952@proton.me,CTY-MAD,esp,2024-10-01,PLAN-PAYG,false,active,2000
I,2026-04-01T00:00:00Z,RD-001840,OP-001,Hugo,Dubois,hugo.dubois394@proton.me,CTY-MAD,esp,2026-02-11,PLAN-COMMUTE,true,active,1978
I,2026-04-01T00:00:00Z,RD-001842,OP-001,Oskar,Nilsson,oskar.nilsson5@outlook.com,CTY-MAD,esp,2024-09-01,PLAN-PAYG,true,active,1962
I,2026-04-01T00:00:00Z,RD-001843,OP-001,Tiago,Haddad,tiago.haddad908@mail.com,CTY-MAD,esp,2024-05-08,PLAN-COMMUTE,true,active,1997
I,2026-04-01T00:00:00Z,RD-001844,OP-001,Karim,Rossi,karim.rossi813@proton.me,CTY-MAD,esp,2025-05-10,PLAN-PAYG,true,active,1969
I,2026-04-01T00:00:00Z,RD-001845,OP-001,Nadia,Weber,nadia.weber327@correo.es,CTY-MAD,esp,2024-05-23,PLAN-COMMUTE,false,active,2003
I,2026-04-01T00:00:00Z,RD-001846,OP-001,Ines,Almeida,ines.almeida618@mail.com,CTY-MAD,esp,2026-03-09,PLAN-PAYG,true,active,1971
I,2026-04-01T00:00:00Z,RD-001847,OP-001,Lucia,Ferrer,lucia.ferrer879@gmx.de,CTY-MAD,esp,2026-01-03,PLAN-PAYG,false,active,2005
I,2026-04-01T00:00:00Z,RD-001848,OP-001,Diego,Martin,diego.martin988@mail.com,CTY-MAD,esp,2025-11-25,PLAN-PAYG,false,active,2006
I,2026-04-01T00:00:00Z,RD-001849,OP-001,Louis,Dubois,louis.dubois776@outlook.com,CTY-MAD,esp,2024-04-06,PLAN-STUDENT,false,active,1969
I,2026-04-01T00:00:00Z,RD-001850,OP-001,Louis,Haddad,louis.haddad111@proton.me,CTY-MAD,esp,2025-05-01,PLAN-PAYG,false,active,1984
I,2026-04-01T00:00:00Z,RD-001851,OP-001,Manon,Almeida,manon.almeida417@gmx.de,CTY-MAD,esp,2025-04-11,PLAN-PAYG,false,active,1995
I,2026-04-01T00:00:00Z,RD-001852,OP-001,Karim,Lindqvist,karim.lindqvist273@mail.com,CTY-MAD,esp,2026-03-08,PLAN-PAYG,false,active,1971
I,2026-04-01T00:00:00Z,RD-001853,OP-001,Hugo,Nilsson,hugo.nilsson389@gmx.de,CTY-MAD,esp,2025-11-21,PLAN-PAYG,false,active,2001
I,2026-04-01T00:00:00Z,RD-001855,OP-001,Rui,Rossi,rui.rossi371@gmx.de,CTY-MAD,esp,2024-01-22,PLAN-PAYG,true,active,1988
I,2026-04-01T00:00:00Z,RD-001856,OP-001,Joan,Weber,joan.weber808@outlook.com,CTY-MAD,esp,2025-05-19,PLAN-PAYG,false,active,1964
I,2026-04-01T00:00:00Z,RD-001857,OP-001,Thomas,Rossi,thomas.rossi407@correo.es,CTY-MAD,esp,2024-03-11,PLAN-PAYG,true,active,1994
I,2026-04-01T00:00:00Z,RD-001858,OP-001,Joan,Vidal,joan.vidal586@correo.es,CTY-MAD,esp,2025-07-27,PLAN-COMMUTE,false,active,1983
I,2026-04-01T00:00:00Z,RD-001860,OP-001,Emil,Lopez,emil.lopez291@outlook.com,CTY-MAD,esp,2024-04-20,PLAN-PAYG,true,active,1978
I,2026-04-01T00:00:00Z,RD-001861,OP-001,Freja,Lindqvist,freja.lindqvist518@proton.me,CTY-MAD,esp,2025-12-28,PLAN-TOURIST,false,active,1980
I,2026-04-01T00:00:00Z,RD-001862,OP-001,Louis,Lindqvist,louis.lindqvist898@correo.es,CTY-MAD,esp,2024-01-24,PLAN-PAYG,false,active,2006
I,2026-04-01T00:00:00Z,RD-001863,OP-001,Aina,Kowalski,aina.kowalski150@outlook.com,CTY-MAD,esp,2025-01-08,PLAN-PAYG,false,active,1996
I,2026-04-01T00:00:00Z,RD-001864,OP-001,Elin,Berg,elin.berg924@correo.es,CTY-MAD,esp,2025-08-29,PLAN-TOURIST,false,active,2004
I,2026-04-01T00:00:00Z,RD-001866,OP-001,Joan,Lopez,joan.lopez387@mail.com,CTY-MAD,esp,2026-02-03,PLAN-PAYG,true,active,1997
I,2026-04-01T00:00:00Z,RD-001868,OP-001,Nora,Conti,nora.conti713@correo.es,CTY-MAD,esp,2025-10-22,PLAN-TOURIST,false,active,1988
I,2026-04-01T00:00:00Z,RD-001869,OP-001,Karim,Novak,karim.novak613@correo.es,CTY-MAD,esp,2025-01-25,PLAN-STUDENT,true,active,1965
I,2026-04-01T00:00:00Z,RD-001870,OP-001,Joan,Conti,joan.conti539@outlook.com,CTY-MAD,esp,2024-02-23,PLAN-COMMUTE,true,active,1997
I,2026-04-01T00:00:00Z,RD-001871,OP-001,Astrid,Bernard,astrid.bernard829@gmx.de,CTY-MAD,esp,2024-01-04,PLAN-UNLIMITED,true,active,1973
I,2026-04-01T00:00:00Z,RD-001872,OP-001,Ines,Novak,ines.novak344@gmx.de,CTY-MAD,esp,2024-08-24,PLAN-PAYG,true,active,2001
I,2026-04-01T00:00:00Z,RD-001873,OP-001,Louis,Ferrer,louis.ferrer51@gmx.de,CTY-MAD,esp,2024-08-23,PLAN-COMMUTE,false,active,1988
I,2026-04-01T00:00:00Z,RD-001874,OP-001,Nils,Lopez,nils.lopez404@correo.es,CTY-MAD,esp,2025-03-03,PLAN-PAYG,true,active,1994
I,2026-04-01T00:00:00Z,RD-001875,OP-001,Antoine,Fischer,antoine.fischer691@proton.me,CTY-MAD,esp,2024-05-20,PLAN-PAYG,false,active,1998
I,2026-04-01T00:00:00Z,RD-001876,OP-001,Diego,Weber,diego.weber263@proton.me,CTY-MAD,esp,2025-12-15,PLAN-STUDENT,false,active,2007
I,2026-04-01T00:00:00Z,RD-001879,OP-001,Astrid,Benali,astrid.benali97@outlook.com,CTY-MAD,esp,2024-05-22,PLAN-COMMUTE,true,active,1981
I,2026-04-01T00:00:00Z,RD-001880,OP-001,Aina,Kowalski,aina.kowalski486@proton.me,CTY-MAD,esp,2024-08-26,PLAN-COMMUTE,false,active,2003
I,2026-04-01T00:00:00Z,RD-001881,OP-001,Marta,Weber,marta.weber832@proton.me,CTY-MAD,esp,2025-02-19,PLAN-PAYG,true,active,1994
I,2026-04-01T00:00:00Z,RD-001882,OP-001,Emil,Martin,emil.martin674@outlook.com,CTY-MAD,esp,2024-05-08,PLAN-PAYG,true,active,1988
I,2026-04-01T00:00:00Z,RD-001883,OP-001,Omar,Lindqvist,omar.lindqvist928@gmx.de,CTY-MAD,esp,2025-06-22,PLAN-PAYG,false,active,2002
I,2026-04-01T00:00:00Z,RD-001884,OP-001,Hugo,Dubois,hugo.dubois607@correo.es,CTY-MAD,esp,2024-06-25,PLAN-PAYG,false,active,1989
I,2026-04-01T00:00:00Z,RD-001885,OP-001,Astrid,Bernard,astrid.bernard12@outlook.com,CTY-MAD,esp,2025-06-11,PLAN-COMMUTE,true,active,1990
I,2026-04-01T00:00:00Z,RD-001886,OP-001,Camille,Almeida,camille.almeida837@gmx.de,CTY-MAD,esp,2025-02-08,PLAN-PAYG,true,active,1991
I,2026-04-01T00:00:00Z,RD-001888,OP-001,Elin,Benali,elin.benali156@proton.me,CTY-MAD,esp,2025-04-21,PLAN-PAYG,false,active,1986
I,2026-04-01T00:00:00Z,RD-001889,OP-001,Diego,Garcia,diego.garcia935@outlook.com,CTY-MAD,esp,2024-07-11,PLAN-PAYG,true,active,1982
I,2026-04-01T00:00:00Z,RD-001890,OP-001,Marta,Lopez,marta.lopez128@proton.me,CTY-MAD,esp,2024-10-24,PLAN-PAYG,false,active,1983
I,2026-04-01T00:00:00Z,RD-001891,OP-001,Emil,Roux,emil.roux72@correo.es,CTY-MAD,esp,2025-08-08,PLAN-COMMUTE,false,active,1987
I,2026-04-01T00:00:00Z,RD-001892,OP-001,Oskar,Fischer,oskar.fischer452@mail.com,CTY-MAD,esp,2025-06-29,PLAN-COMMUTE,false,active,1995
I,2026-04-01T00:00:00Z,RD-001893,OP-001,Nils,Ferrer,nils.ferrer370@mail.com,CTY-MAD,esp,2025-10-29,PLAN-PAYG,true,active,1978
I,2026-04-01T00:00:00Z,RD-001894,OP-001,Sofia,Benali,sofia.benali536@proton.me,CTY-MAD,esp,2024-07-04,PLAN-COMMUTE,false,active,1984
I,2026-04-01T00:00:00Z,RD-001895,OP-001,Camille,Dubois,camille.dubois239@mail.com,CTY-MAD,esp,2025-10-03,PLAN-COMMUTE,true,active,1963
I,2026-04-01T00:00:00Z,RD-001896,OP-001,Pablo,Moreno,pablo.moreno349@mail.com,CTY-MAD,esp,2024-06-02,PLAN-PAYG,false,active,2002
I,2026-04-01T00:00:00Z,RD-001897,OP-001,Joan,Martin,joan.martin773@mail.com,CTY-MAD,esp,2025-08-08,PLAN-PAYG,false,active,1971
I,2026-04-01T00:00:00Z,RD-001898,OP-001,Hugo,Serra,hugo.serra418@outlook.com,CTY-MAD,esp,2024-07-12,PLAN-PAYG,true,active,2002
I,2026-04-01T00:00:00Z,RD-001899,OP-001,Tiago,Garcia,tiago.garcia14@proton.me,CTY-MAD,esp,2024-02-12,PLAN-COMMUTE,true,active,1970
I,2026-04-01T00:00:00Z,RD-001900,OP-001,Antoine,Berg,antoine.berg667@proton.me,CTY-MAD,esp,2025-01-29,PLAN-PAYG,false,active,1985
I,2026-04-01T00:00:00Z,RD-001901,OP-001,Ivan,Martin,ivan.martin651@gmx.de,CTY-MAD,esp,2026-01-22,PLAN-TOURIST,false,active,1993
I,2026-04-01T00:00:00Z,RD-001903,OP-001,Louis,Weber,louis.weber51@proton.me,CTY-MAD,esp,2024-09-18,PLAN-PAYG,false,active,1975
I,2026-04-01T00:00:00Z,RD-001904,OP-001,Oskar,Novak,oskar.novak225@gmx.de,CTY-MAD,esp,2025-01-16,PLAN-PAYG,true,active,1979
I,2026-04-01T00:00:00Z,RD-001905,OP-001,Freja,Novak,freja.novak999@outlook.com,CTY-MAD,esp,2025-07-16,PLAN-COMMUTE,false,active,1984
I,2026-04-01T00:00:00Z,RD-001906,OP-001,Omar,Bernard,omar.bernard894@gmx.de,CTY-MAD,esp,2026-02-04,PLAN-PAYG,false,active,1997
I,2026-04-01T00:00:00Z,RD-001907,OP-001,Thomas,Lindqvist,thomas.lindqvist671@outlook.com,CTY-MAD,esp,2024-12-27,PLAN-CORP,true,active,1988
I,2026-04-01T00:00:00Z,RD-001908,OP-001,Yasmin,Martin,yasmin.martin850@gmx.de,CTY-MAD,esp,2025-02-05,PLAN-PAYG,true,active,1971
I,2026-04-01T00:00:00Z,RD-001909,OP-001,Marta,Kowalski,marta.kowalski374@outlook.com,CTY-MAD,esp,2025-04-29,PLAN-PAYG,false,active,1977
I,2026-04-01T00:00:00Z,RD-001910,OP-001,Hugo,Weber,hugo.weber790@outlook.com,CTY-MAD,esp,2025-02-22,PLAN-COMMUTE,false,active,1981
I,2026-04-01T00:00:00Z,RD-001911,OP-001,Ivan,Conti,ivan.conti708@gmx.de,CTY-MAD,esp,2025-09-03,PLAN-UNLIMITED,true,active,1984
I,2026-04-01T00:00:00Z,RD-001912,OP-001,Marta,Weber,marta.weber327@mail.com,CTY-MAD,esp,2024-11-08,PLAN-PAYG,true,active,2000
I,2026-04-01T00:00:00Z,RD-001913,OP-001,Hugo,Roux,hugo.roux170@mail.com,CTY-MAD,esp,2025-04-19,PLAN-PAYG,true,active,1979
I,2026-04-01T00:00:00Z,RD-001914,OP-001,Hugo,Weber,hugo.weber581@mail.com,CTY-MAD,esp,2024-07-19,PLAN-COMMUTE,false,active,1976
I,2026-04-01T00:00:00Z,RD-001915,OP-001,Omar,Conti,omar.conti865@outlook.com,CTY-MAD,esp,2024-05-25,PLAN-PAYG,false,active,2004
I,2026-04-01T00:00:00Z,RD-001916,OP-001,Camille,Kowalski,camille.kowalski948@mail.com,CTY-MAD,esp,2025-07-29,PLAN-PAYG,true,active,1983
I,2026-04-01T00:00:00Z,RD-001917,OP-001,Tiago,Costa,tiago.costa693@correo.es,CTY-MAD,esp,2024-02-09,PLAN-COMMUTE,true,active,1981
I,2026-04-01T00:00:00Z,RD-001918,OP-001,Elin,Garcia,elin.garcia97@gmx.de,CTY-MAD,esp,2025-07-29,PLAN-PAYG,true,active,1966
I,2026-04-01T00:00:00Z,RD-001919,OP-001,Aina,Dubois,aina.dubois701@correo.es,CTY-MAD,esp,2026-03-01,PLAN-STUDENT,false,active,2001
I,2026-04-01T00:00:00Z,RD-001920,OP-001,Karim,Weber,karim.weber817@mail.com,CTY-MAD,esp,2024-03-21,PLAN-PAYG,true,active,2004
I,2026-04-01T00:00:00Z,RD-001922,OP-001,Aina,Roux,aina.roux390@correo.es,CTY-MAD,esp,2025-11-22,PLAN-STUDENT,false,active,1969
I,2026-04-01T00:00:00Z,RD-001923,OP-001,Chloe,Ferrer,chloe.ferrer229@outlook.com,CTY-MAD,esp,2025-05-22,PLAN-PAYG,false,active,1984
I,2026-04-01T00:00:00Z,RD-001924,OP-001,Diego,Silva,diego.silva648@proton.me,CTY-MAD,esp,2024-09-22,PLAN-TOURIST,true,active,1999
I,2026-04-01T00:00:00Z,RD-001925,OP-001,Ivan,Silva,ivan.silva682@gmx.de,CTY-MAD,esp,2025-05-03,PLAN-PAYG,false,active,1982
I,2026-04-01T00:00:00Z,RD-001926,OP-001,Manon,Kowalski,manon.kowalski716@mail.com,CTY-MAD,esp,2025-04-09,PLAN-UNLIMITED,false,active,1970
I,2026-04-01T00:00:00Z,RD-001927,OP-001,Emil,Serra,emil.serra426@proton.me,CTY-MAD,esp,2024-04-20,PLAN-PAYG,false,active,1978
I,2026-04-01T00:00:00Z,RD-001928,OP-001,Freja,Moreno,freja.moreno867@mail.com,CTY-MAD,esp,2024-05-23,PLAN-COMMUTE,false,active,1985
I,2026-04-01T00:00:00Z,RD-001930,OP-001,Hugo,Weber,hugo.weber264@outlook.com,CTY-MAD,esp,2025-06-10,PLAN-PAYG,false,active,1987
I,2026-04-01T00:00:00Z,RD-001931,OP-001,Hugo,Garcia,hugo.garcia435@outlook.com,CTY-MAD,esp,2024-03-01,PLAN-PAYG,false,active,1977
I,2026-04-01T00:00:00Z,RD-001932,OP-001,Marta,Fischer,marta.fischer613@gmx.de,CTY-MAD,esp,2025-09-25,PLAN-CORP,false,active,1993
I,2026-04-01T00:00:00Z,RD-001933,OP-001,Joan,Nilsson,joan.nilsson338@outlook.com,CTY-MAD,esp,2025-12-30,PLAN-STUDENT,true,active,1970
I,2026-04-01T00:00:00Z,RD-001934,OP-001,Omar,Kowalski,omar.kowalski452@correo.es,CTY-MAD,esp,2025-03-04,PLAN-COMMUTE,true,active,1973
I,2026-04-01T00:00:00Z,RD-001935,OP-001,Manon,Andersson,manon.andersson848@outlook.com,CTY-MAD,esp,2024-08-22,PLAN-UNLIMITED,true,active,1981
I,2026-04-01T00:00:00Z,RD-001936,OP-001,Ines,Costa,ines.costa674@gmx.de,CTY-MAD,esp,2024-04-02,PLAN-COMMUTE,true,active,1971
I,2026-04-01T00:00:00Z,RD-001937,OP-001,Oskar,Benali,oskar.benali305@gmx.de,CTY-MAD,esp,2025-02-14,PLAN-PAYG,true,active,1997
I,2026-04-01T00:00:00Z,RD-001938,OP-001,Hugo,Fischer,hugo.fischer253@gmx.de,CTY-MAD,esp,2024-04-19,PLAN-PAYG,false,active,1985
I,2026-04-01T00:00:00Z,RD-001939,OP-001,Astrid,Almeida,astrid.almeida625@mail.com,CTY-MAD,esp,2025-09-12,PLAN-PAYG,false,active,1980
I,2026-04-01T00:00:00Z,RD-001940,OP-001,Beatriz,Garcia,beatriz.garcia265@correo.es,CTY-MAD,esp,2025-10-05,PLAN-UNLIMITED,true,active,2003
I,2026-04-01T00:00:00Z,RD-001941,OP-001,Diego,Lindqvist,diego.lindqvist382@correo.es,CTY-MAD,esp,2025-09-21,PLAN-UNLIMITED,true,active,1964
I,2026-04-01T00:00:00Z,RD-001942,OP-001,Louis,Novak,louis.novak600@proton.me,CTY-MAD,esp,2025-11-11,PLAN-PAYG,true,active,1982
I,2026-04-01T00:00:00Z,RD-001943,OP-001,Marta,Pereira,marta.pereira118@proton.me,CTY-MAD,esp,2025-08-21,PLAN-COMMUTE,false,active,1983
I,2026-04-01T00:00:00Z,RD-001944,OP-001,Antoine,Lopez,antoine.lopez878@correo.es,CTY-MAD,esp,2024-08-06,PLAN-PAYG,false,active,1971
I,2026-04-01T00:00:00Z,RD-001945,OP-001,Louis,Benali,louis.benali749@outlook.com,CTY-MAD,esp,2024-02-24,PLAN-PAYG,true,active,1972
I,2026-04-01T00:00:00Z,RD-001946,OP-001,Pablo,Haddad,pablo.haddad581@mail.com,CTY-MAD,esp,2025-02-10,PLAN-COMMUTE,false,active,1975
I,2026-04-01T00:00:00Z,RD-001947,OP-001,Louis,Dubois,louis.dubois117@mail.com,CTY-MAD,esp,2025-05-10,PLAN-PAYG,false,active,1993
I,2026-04-01T00:00:00Z,RD-001948,OP-001,Marta,Dubois,marta.dubois871@outlook.com,CTY-MAD,esp,2024-12-20,PLAN-COMMUTE,true,active,1985
I,2026-04-01T00:00:00Z,RD-001949,OP-001,Karim,Andersson,karim.andersson326@mail.com,CTY-MAD,esp,2024-10-07,PLAN-PAYG,true,active,1962
I,2026-04-01T00:00:00Z,RD-001950,OP-001,Aina,Weber,aina.weber827@outlook.com,CTY-MAD,esp,2026-01-30,PLAN-PAYG,false,active,1997
I,2026-04-01T00:00:00Z,RD-001951,OP-001,Rui,Ferrer,rui.ferrer963@gmx.de,CTY-MAD,esp,2026-02-01,PLAN-COMMUTE,true,active,1972
I,2026-04-01T00:00:00Z,RD-001952,OP-001,Rui,Silva,rui.silva780@proton.me,CTY-MAD,esp,2025-04-08,PLAN-PAYG,true,active,1979
I,2026-04-01T00:00:00Z,RD-001953,OP-001,Marta,Benali,marta.benali211@gmx.de,CTY-MAD,esp,2026-03-18,PLAN-PAYG,false,active,2005
I,2026-04-01T00:00:00Z,RD-001954,OP-001,Oskar,Nilsson,oskar.nilsson729@correo.es,CTY-MAD,esp,2025-07-03,PLAN-PAYG,false,active,1996
I,2026-04-01T00:00:00Z,RD-001955,OP-001,Ines,Moreno,ines.moreno851@outlook.com,CTY-MAD,esp,2024-09-06,PLAN-COMMUTE,false,active,1973
I,2026-04-01T00:00:00Z,RD-001956,OP-001,Lucia,Ferrer,lucia.ferrer103@correo.es,CTY-MAD,esp,2024-11-17,PLAN-PAYG,false,active,1965
I,2026-04-01T00:00:00Z,RD-001957,OP-001,Pablo,Roux,pablo.roux3@mail.com,CTY-MAD,esp,2024-06-01,PLAN-PAYG,true,active,1985
I,2026-04-01T00:00:00Z,RD-001958,OP-001,Antoine,Lindqvist,antoine.lindqvist564@correo.es,CTY-MAD,esp,2026-02-28,PLAN-COMMUTE,true,active,2005
I,2026-04-01T00:00:00Z,RD-001959,OP-001,Freja,Bernard,freja.bernard653@proton.me,CTY-MAD,esp,2026-03-09,PLAN-PAYG,true,active,1977
I,2026-04-01T00:00:00Z,RD-001960,OP-001,Tiago,Haddad,tiago.haddad89@proton.me,CTY-MAD,esp,2025-11-27,PLAN-TOURIST,false,active,2000
I,2026-04-01T00:00:00Z,RD-001961,OP-001,Marta,Dubois,marta.dubois724@gmx.de,CTY-MAD,esp,2025-08-29,PLAN-COMMUTE,false,active,1992
I,2026-04-01T00:00:00Z,RD-001962,OP-001,Hugo,Ferrer,hugo.ferrer133@mail.com,CTY-MAD,esp,2024-12-28,PLAN-PAYG,true,active,1965
I,2026-04-01T00:00:00Z,RD-001963,OP-001,Emil,Garcia,emil.garcia248@gmx.de,CTY-MAD,esp,2025-03-20,PLAN-COMMUTE,true,active,2003
I,2026-04-01T00:00:00Z,RD-001964,OP-001,Louis,Roux,louis.roux107@correo.es,CTY-MAD,esp,2024-11-24,PLAN-PAYG,true,active,1995
I,2026-04-01T00:00:00Z,RD-001965,OP-001,Oskar,Lopez,oskar.lopez599@mail.com,CTY-MAD,esp,2026-03-10,PLAN-COMMUTE,false,active,1985
I,2026-04-01T00:00:00Z,RD-001966,OP-001,Sofia,Costa,sofia.costa146@outlook.com,CTY-MAD,esp,2025-04-28,PLAN-PAYG,false,active,1986
I,2026-04-01T00:00:00Z,RD-001967,OP-001,Yasmin,Moreno,yasmin.moreno439@proton.me,CTY-MAD,esp,2025-04-09,PLAN-PAYG,false,active,1990
I,2026-04-01T00:00:00Z,RD-001968,OP-001,Thomas,Kowalski,thomas.kowalski774@outlook.com,CTY-MAD,esp,2025-12-05,PLAN-PAYG,true,active,1989
I,2026-04-01T00:00:00Z,RD-001969,OP-001,Ivan,Haddad,ivan.haddad138@proton.me,CTY-MAD,esp,2024-04-19,PLAN-COMMUTE,false,active,1990
I,2026-04-01T00:00:00Z,RD-001970,OP-001,Tiago,Lindqvist,tiago.lindqvist373@proton.me,CTY-MAD,esp,2025-01-16,PLAN-PAYG,true,active,1974
I,2026-04-01T00:00:00Z,RD-001971,OP-001,Tiago,Bernard,tiago.bernard843@mail.com,CTY-MAD,esp,2024-10-20,PLAN-PAYG,true,active,1975
I,2026-04-01T00:00:00Z,RD-001972,OP-001,Louis,Novak,louis.novak979@gmx.de,CTY-MAD,esp,2026-02-18,PLAN-COMMUTE,true,active,1981
I,2026-04-01T00:00:00Z,RD-001973,OP-001,Diego,Fischer,diego.fischer181@proton.me,CTY-MAD,esp,2025-01-25,PLAN-PAYG,true,active,1962
I,2026-04-01T00:00:00Z,RD-001975,OP-001,Camille,Kowalski,camille.kowalski303@outlook.com,CTY-MAD,esp,2024-07-09,PLAN-PAYG,false,active,1996
I,2026-04-01T00:00:00Z,RD-001976,OP-001,Thomas,Pereira,thomas.pereira269@proton.me,CTY-MAD,esp,2025-03-01,PLAN-PAYG,false,active,1986
I,2026-04-01T00:00:00Z,RD-001977,OP-001,Elin,Almeida,elin.almeida397@outlook.com,CTY-MAD,esp,2025-08-01,PLAN-PAYG,false,active,1963
I,2026-04-01T00:00:00Z,RD-001978,OP-001,Nora,Almeida,nora.almeida985@correo.es,CTY-MAD,esp,2026-03-09,PLAN-PAYG,false,active,1996
I,2026-04-01T00:00:00Z,RD-001979,OP-001,Ivan,Martin,ivan.martin234@proton.me,CTY-MAD,esp,2025-10-18,PLAN-COMMUTE,true,active,1984
I,2026-04-01T00:00:00Z,RD-001980,OP-001,Beatriz,Serra,beatriz.serra799@outlook.com,CTY-MAD,esp,2024-05-28,PLAN-PAYG,true,active,1992
I,2026-04-01T00:00:00Z,RD-001981,OP-001,Omar,Ferrer,omar.ferrer229@gmx.de,CTY-MAD,esp,2025-09-04,PLAN-PAYG,false,active,1965
I,2026-04-01T00:00:00Z,RD-001982,OP-001,Freja,Conti,freja.conti593@mail.com,CTY-MAD,esp,2024-05-28,PLAN-PAYG,false,active,1972
I,2026-04-01T00:00:00Z,RD-001983,OP-001,Aina,Bernard,aina.bernard128@outlook.com,CTY-MAD,esp,2025-05-06,PLAN-PAYG,true,active,1996
I,2026-04-01T00:00:00Z,RD-001984,OP-001,Pablo,Dubois,pablo.dubois969@proton.me,CTY-MAD,esp,2026-03-02,PLAN-COMMUTE,false,active,1983
I,2026-04-01T00:00:00Z,RD-001985,OP-001,Louis,Dubois,louis.dubois810@outlook.com,CTY-MAD,esp,2026-01-16,PLAN-COMMUTE,false,active,1980
I,2026-04-01T00:00:00Z,RD-001986,OP-001,Beatriz,Benali,beatriz.benali59@gmx.de,CTY-MAD,esp,2025-09-06,PLAN-PAYG,true,active,1968
I,2026-04-01T00:00:00Z,RD-001987,OP-001,Emil,Moreno,emil.moreno875@proton.me,CTY-MAD,esp,2025-07-13,PLAN-COMMUTE,false,active,1984
I,2026-04-01T00:00:00Z,RD-001988,OP-001,Ines,Conti,ines.conti548@mail.com,CTY-MAD,esp,2025-09-26,PLAN-TOURIST,true,active,1989
I,2026-04-01T00:00:00Z,RD-001989,OP-001,Lucia,Martin,lucia.martin702@gmx.de,CTY-MAD,esp,2026-03-31,PLAN-PAYG,true,active,1968
I,2026-04-01T00:00:00Z,RD-001990,OP-001,Nils,Andersson,nils.andersson611@proton.me,CTY-MAD,esp,2024-06-21,PLAN-TOURIST,false,active,1984
I,2026-04-01T00:00:00Z,RD-001991,OP-001,Astrid,Serra,astrid.serra425@mail.com,CTY-MAD,esp,2026-02-10,PLAN-PAYG,false,active,2000
I,2026-04-01T00:00:00Z,RD-001992,OP-001,Nils,Andersson,nils.andersson520@mail.com,CTY-MAD,esp,2025-07-28,PLAN-PAYG,true,active,1995
I,2026-04-01T00:00:00Z,RD-001993,OP-001,Karim,Rossi,karim.rossi595@outlook.com,CTY-MAD,esp,2025-10-25,PLAN-PAYG,true,active,2006
I,2026-04-01T00:00:00Z,RD-001994,OP-001,Joan,Moreno,joan.moreno844@mail.com,CTY-MAD,esp,2025-10-20,PLAN-PAYG,false,active,1993
I,2026-04-01T00:00:00Z,RD-001995,OP-001,Oskar,Andersson,oskar.andersson176@mail.com,CTY-MAD,esp,2025-12-13,PLAN-PAYG,true,active,1988
I,2026-04-01T00:00:00Z,RD-001996,OP-001,Omar,Moreno,omar.moreno79@proton.me,CTY-MAD,esp,2024-09-04,PLAN-COMMUTE,false,active,1979
I,2026-04-01T00:00:00Z,RD-001997,OP-001,Beatriz,Ferrer,beatriz.ferrer318@outlook.com,CTY-MAD,esp,2024-02-16,PLAN-STUDENT,true,active,1992
I,2026-04-01T00:00:00Z,RD-001998,OP-001,Louis,Serra,louis.serra303@gmx.de,CTY-MAD,esp,2026-02-06,PLAN-PAYG,false,active,1994
I,2026-04-01T00:00:00Z,RD-002000,OP-001,Emil,Berg,emil.berg619@correo.es,CTY-MAD,esp,2024-08-11,PLAN-PAYG,false,active,1983
I,2026-04-01T00:00:00Z,RD-002001,OP-001,Pablo,Dubois,pablo.dubois854@outlook.com,CTY-MAD,esp,2024-03-12,PLAN-COMMUTE,true,active,1982
I,2026-04-01T00:00:00Z,RD-002003,OP-001,Nadia,Moreno,nadia.moreno724@correo.es,CTY-MAD,esp,2024-07-05,PLAN-PAYG,true,active,1969
I,2026-04-01T00:00:00Z,RD-002004,OP-001,Chloe,Roux,chloe.roux613@gmx.de,CTY-MAD,esp,2025-08-08,PLAN-PAYG,true,active,1975
I,2026-04-01T00:00:00Z,RD-002005,OP-001,Thomas,Weber,thomas.weber240@mail.com,CTY-MAD,esp,2024-11-21,PLAN-PAYG,true,active,1965
I,2026-04-01T00:00:00Z,RD-002006,OP-001,Rui,Lindqvist,rui.lindqvist821@proton.me,CTY-MAD,esp,2026-03-01,PLAN-COMMUTE,false,active,2001
I,2026-04-01T00:00:00Z,RD-002007,OP-001,Joan,Novak,joan.novak678@gmx.de,CTY-MAD,esp,2025-12-13,PLAN-PAYG,false,active,1970
I,2026-04-01T00:00:00Z,RD-002008,OP-001,Camille,Berg,camille.berg576@outlook.com,CTY-MAD,esp,2024-02-02,PLAN-COMMUTE,true,active,2006
I,2026-04-01T00:00:00Z,RD-002009,OP-001,Pablo,Dubois,pablo.dubois914@correo.es,CTY-MAD,esp,2026-03-06,PLAN-PAYG,true,active,1988
I,2026-04-01T00:00:00Z,RD-002011,OP-001,Omar,Pereira,omar.pereira710@correo.es,CTY-MAD,esp,2025-05-04,PLAN-PAYG,true,active,2007
I,2026-04-01T00:00:00Z,RD-002012,OP-001,Diego,Garcia,diego.garcia313@correo.es,CTY-MAD,esp,2024-07-03,PLAN-COMMUTE,true,active,1979
I,2026-04-01T00:00:00Z,RD-002014,OP-001,Louis,Lindqvist,louis.lindqvist445@gmx.de,CTY-MAD,esp,2024-08-28,PLAN-PAYG,true,active,1968
I,2026-04-01T00:00:00Z,RD-002015,OP-001,Nadia,Roux,nadia.roux318@gmx.de,CTY-MAD,esp,2026-03-20,PLAN-PAYG,false,active,1997
I,2026-04-01T00:00:00Z,RD-002016,OP-001,Karim,Berg,karim.berg32@correo.es,CTY-MAD,esp,2025-11-15,PLAN-COMMUTE,true,active,1985
I,2026-04-01T00:00:00Z,RD-002017,OP-001,Marta,Rossi,marta.rossi422@gmx.de,CTY-MAD,esp,2025-03-25,PLAN-COMMUTE,true,active,1969
I,2026-04-01T00:00:00Z,RD-002018,OP-001,Louis,Conti,louis.conti67@gmx.de,CTY-MAD,esp,2025-11-04,PLAN-PAYG,false,active,1962
I,2026-04-01T00:00:00Z,RD-002019,OP-001,Rui,Fischer,rui.fischer317@proton.me,CTY-MAD,esp,2024-04-15,PLAN-PAYG,true,active,1974
I,2026-04-01T00:00:00Z,RD-002021,OP-001,Louis,Novak,louis.novak932@correo.es,CTY-MAD,esp,2025-06-04,PLAN-PAYG,true,active,2004
I,2026-04-01T00:00:00Z,RD-002022,OP-001,Nadia,Weber,nadia.weber205@gmx.de,CTY-MAD,esp,2025-10-20,PLAN-PAYG,false,active,1973
I,2026-04-01T00:00:00Z,RD-002023,OP-001,Thomas,Haddad,thomas.haddad37@correo.es,CTY-MAD,esp,2024-06-28,PLAN-PAYG,false,active,2007
I,2026-04-01T00:00:00Z,RD-002024,OP-001,Freja,Pereira,freja.pereira615@correo.es,CTY-MAD,esp,2025-03-09,PLAN-COMMUTE,false,active,1976
I,2026-04-01T00:00:00Z,RD-002025,OP-001,Ivan,Roux,ivan.roux257@mail.com,CTY-MAD,esp,2025-08-05,PLAN-STUDENT,true,active,2000
I,2026-04-01T00:00:00Z,RD-002026,OP-001,Louis,Garcia,louis.garcia237@gmx.de,CTY-MAD,esp,2026-03-23,PLAN-PAYG,true,active,1980
I,2026-04-01T00:00:00Z,RD-002027,OP-001,Marta,Almeida,marta.almeida525@correo.es,CTY-MAD,esp,2024-06-30,PLAN-PAYG,true,active,1974
I,2026-04-01T00:00:00Z,RD-002028,OP-001,Antoine,Nilsson,antoine.nilsson620@correo.es,CTY-MAD,esp,2025-07-05,PLAN-CORP,false,active,1975
I,2026-04-01T00:00:00Z,RD-002029,OP-001,Emil,Costa,emil.costa540@proton.me,CTY-MAD,esp,2026-01-25,PLAN-PAYG,false,active,2008
I,2026-04-01T00:00:00Z,RD-002031,OP-001,Tiago,Serra,tiago.serra968@correo.es,CTY-MAD,esp,2025-09-27,PLAN-PAYG,false,active,1963
I,2026-04-01T00:00:00Z,RD-002033,OP-001,Manon,Roux,manon.roux827@outlook.com,CTY-MAD,esp,2025-06-19,PLAN-TOURIST,false,active,1992
I,2026-04-01T00:00:00Z,RD-002034,OP-001,Yasmin,Novak,yasmin.novak583@proton.me,CTY-MAD,esp,2024-09-11,PLAN-STUDENT,false,active,1980
I,2026-04-01T00:00:00Z,RD-002035,OP-001,Elin,Andersson,elin.andersson860@proton.me,CTY-MAD,esp,2024-04-08,PLAN-PAYG,true,active,1978
I,2026-04-01T00:00:00Z,RD-002036,OP-001,Astrid,Moreno,astrid.moreno207@mail.com,CTY-MAD,esp,2025-06-19,PLAN-PAYG,false,active,1979
I,2026-04-01T00:00:00Z,RD-002037,OP-001,Aina,Roux,aina.roux218@gmx.de,CTY-MAD,esp,2025-04-11,PLAN-TOURIST,false,active,2004
I,2026-04-01T00:00:00Z,RD-002038,OP-001,Freja,Bernard,freja.bernard461@outlook.com,CTY-MAD,esp,2025-03-16,PLAN-PAYG,false,active,1991
I,2026-04-01T00:00:00Z,RD-002039,OP-001,Marta,Pereira,marta.pereira718@mail.com,CTY-MAD,esp,2025-04-13,PLAN-UNLIMITED,false,active,1999
I,2026-04-01T00:00:00Z,RD-002040,OP-001,Joan,Lopez,joan.lopez451@mail.com,CTY-MAD,esp,2025-09-28,PLAN-PAYG,true,active,1995
I,2026-04-01T00:00:00Z,RD-002041,OP-001,Sofia,Fischer,sofia.fischer955@proton.me,CTY-MAD,esp,2026-01-03,PLAN-PAYG,false,active,1992
I,2026-04-01T00:00:00Z,RD-002042,OP-001,Yasmin,Costa,yasmin.costa334@mail.com,CTY-MAD,esp,2026-01-15,PLAN-COMMUTE,true,active,1996
I,2026-04-01T00:00:00Z,RD-002043,OP-001,Thomas,Bernard,thomas.bernard703@mail.com,CTY-MAD,esp,2024-01-21,PLAN-PAYG,false,active,1978
I,2026-04-01T00:00:00Z,RD-002044,OP-001,Beatriz,Conti,beatriz.conti291@correo.es,CTY-MAD,esp,2024-07-28,PLAN-TOURIST,false,active,2001
I,2026-04-01T00:00:00Z,RD-002045,OP-001,Nadia,Novak,nadia.novak530@gmx.de,CTY-MAD,esp,2025-08-12,PLAN-PAYG,false,active,1982
I,2026-04-01T00:00:00Z,RD-002046,OP-001,Manon,Garcia,manon.garcia419@proton.me,CTY-MAD,esp,2026-03-11,PLAN-UNLIMITED,true,active,1993
I,2026-04-01T00:00:00Z,RD-002048,OP-001,Emil,Rossi,emil.rossi922@gmx.de,CTY-MAD,esp,2024-06-20,PLAN-STUDENT,true,active,1981
I,2026-04-01T00:00:00Z,RD-002051,OP-001,Nils,Weber,nils.weber663@gmx.de,CTY-MAD,esp,2025-06-13,PLAN-COMMUTE,false,active,1997
I,2026-04-01T00:00:00Z,RD-002052,OP-001,Karim,Ferrer,karim.ferrer331@outlook.com,CTY-MAD,esp,2024-07-19,PLAN-PAYG,true,active,2008
I,2026-04-01T00:00:00Z,RD-002053,OP-001,Yasmin,Lopez,yasmin.lopez871@correo.es,CTY-MAD,esp,2024-03-22,PLAN-PAYG,false,active,2000
I,2026-04-01T00:00:00Z,RD-002054,OP-001,Elin,Lopez,elin.lopez665@correo.es,CTY-MAD,esp,2025-09-17,PLAN-PAYG,false,active,2003
I,2026-04-01T00:00:00Z,RD-002055,OP-001,Omar,Bernard,omar.bernard929@proton.me,CTY-MAD,esp,2024-05-30,PLAN-PAYG,false,active,1992
I,2026-04-01T00:00:00Z,RD-002056,OP-001,Joan,Andersson,joan.andersson151@mail.com,CTY-MAD,esp,2025-02-28,PLAN-CORP,false,active,1975
I,2026-04-01T00:00:00Z,RD-002057,OP-001,Sofia,Nilsson,sofia.nilsson644@outlook.com,CTY-MAD,esp,2024-08-04,PLAN-PAYG,false,active,2007
I,2026-04-01T00:00:00Z,RD-002058,OP-001,Ivan,Lindqvist,ivan.lindqvist691@correo.es,CTY-MAD,esp,2024-03-14,PLAN-PAYG,false,active,1990
I,2026-04-01T00:00:00Z,RD-002059,OP-001,Louis,Pereira,louis.pereira863@mail.com,CTY-MAD,esp,2026-01-01,PLAN-PAYG,true,active,1969
I,2026-04-01T00:00:00Z,RD-002061,OP-001,Louis,Pereira,louis.pereira251@proton.me,CTY-MAD,esp,2025-02-01,PLAN-PAYG,false,active,2006
I,2026-04-01T00:00:00Z,RD-002062,OP-001,Joan,Bernard,joan.bernard937@outlook.com,CTY-MAD,esp,2025-07-21,PLAN-PAYG,false,active,1978
I,2026-04-01T00:00:00Z,RD-002064,OP-001,Ivan,Nilsson,ivan.nilsson343@correo.es,CTY-MAD,esp,2025-12-30,PLAN-COMMUTE,true,active,1990
I,2026-04-01T00:00:00Z,RD-002066,OP-001,Freja,Dubois,freja.dubois289@mail.com,CTY-MAD,esp,2025-05-01,PLAN-PAYG,true,active,1963
I,2026-04-01T00:00:00Z,RD-002067,OP-001,Karim,Martin,karim.martin83@gmx.de,CTY-MAD,esp,2024-12-29,PLAN-COMMUTE,false,active,1974
I,2026-04-01T00:00:00Z,RD-002068,OP-001,Diego,Lopez,diego.lopez483@correo.es,CTY-MAD,esp,2026-02-11,PLAN-COMMUTE,true,active,1965
I,2026-04-01T00:00:00Z,RD-002069,OP-001,Rui,Haddad,rui.haddad659@mail.com,CTY-MAD,esp,2024-02-03,PLAN-COMMUTE,false,active,1964
I,2026-04-01T00:00:00Z,RD-002070,OP-001,Antoine,Pereira,antoine.pereira744@outlook.com,CTY-MAD,esp,2024-12-31,PLAN-PAYG,false,active,2008
I,2026-04-01T00:00:00Z,RD-002071,OP-001,Sofia,Silva,sofia.silva342@proton.me,CTY-MAD,esp,2026-03-30,PLAN-PAYG,false,active,1973
I,2026-04-01T00:00:00Z,RD-002072,OP-001,Omar,Andersson,omar.andersson965@proton.me,CTY-MAD,esp,2024-05-13,PLAN-PAYG,true,active,2002
I,2026-04-01T00:00:00Z,RD-002074,OP-001,Thomas,Lopez,thomas.lopez252@gmx.de,CTY-MAD,esp,2026-01-23,PLAN-COMMUTE,false,active,1988
I,2026-04-01T00:00:00Z,RD-002075,OP-001,Lucia,Lopez,lucia.lopez613@outlook.com,CTY-MAD,esp,2026-02-22,PLAN-COMMUTE,false,active,1982
I,2026-04-01T00:00:00Z,RD-002076,OP-001,Lucia,Lopez,lucia.lopez909@gmx.de,CTY-MAD,esp,2025-11-30,PLAN-PAYG,false,active,1979
I,2026-04-01T00:00:00Z,RD-002077,OP-001,Freja,Pereira,freja.pereira314@proton.me,CTY-MAD,esp,2026-01-17,PLAN-PAYG,true,active,1994
I,2026-04-01T00:00:00Z,RD-002078,OP-001,Camille,Weber,camille.weber499@mail.com,CTY-MAD,esp,2025-06-07,PLAN-PAYG,false,active,2008
I,2026-04-01T00:00:00Z,RD-002079,OP-001,Beatriz,Pereira,beatriz.pereira880@proton.me,CTY-MAD,esp,2025-10-28,PLAN-PAYG,true,active,2007
I,2026-04-01T00:00:00Z,RD-002080,OP-001,Rui,Garcia,rui.garcia137@gmx.de,CTY-MAD,esp,2025-12-30,PLAN-PAYG,false,active,1963
I,2026-04-01T00:00:00Z,RD-002081,OP-001,Ines,Novak,ines.novak736@correo.es,CTY-MAD,esp,2024-10-09,PLAN-COMMUTE,true,active,1962
I,2026-04-01T00:00:00Z,RD-002082,OP-001,Thomas,Serra,thomas.serra509@proton.me,CTY-MAD,esp,2024-07-09,PLAN-UNLIMITED,true,active,1982
I,2026-04-01T00:00:00Z,RD-002083,OP-001,Sofia,Martin,sofia.martin548@proton.me,CTY-MAD,esp,2025-09-30,PLAN-PAYG,true,active,1966
I,2026-04-01T00:00:00Z,RD-002084,OP-001,Sofia,Ferrer,sofia.ferrer897@mail.com,CTY-MAD,esp,2024-08-09,PLAN-PAYG,false,active,1964
I,2026-04-01T00:00:00Z,RD-002086,OP-001,Astrid,Conti,astrid.conti172@gmx.de,CTY-MAD,esp,2024-12-13,PLAN-PAYG,false,active,1970
I,2026-04-01T00:00:00Z,RD-002087,OP-001,Marta,Andersson,marta.andersson289@mail.com,CTY-MAD,esp,2024-09-25,PLAN-PAYG,true,active,2008
I,2026-04-01T00:00:00Z,RD-002088,OP-001,Ivan,Fischer,ivan.fischer232@gmx.de,CTY-MAD,esp,2025-10-22,PLAN-TOURIST,false,active,1988
I,2026-04-01T00:00:00Z,RD-002089,OP-001,Diego,Martin,diego.martin209@mail.com,CTY-MAD,esp,2024-04-07,PLAN-TOURIST,false,active,1966
I,2026-04-01T00:00:00Z,RD-002090,OP-001,Ines,Kowalski,ines.kowalski364@outlook.com,CTY-MAD,esp,2024-05-24,PLAN-PAYG,false,active,1988
I,2026-04-01T00:00:00Z,RD-002091,OP-001,Manon,Silva,manon.silva358@correo.es,CTY-MAD,esp,2024-03-21,PLAN-CORP,false,active,2002
I,2026-04-01T00:00:00Z,RD-002092,OP-001,Hugo,Rossi,hugo.rossi617@gmx.de,CTY-MAD,esp,2025-07-17,PLAN-PAYG,true,active,1998
I,2026-04-01T00:00:00Z,RD-002093,OP-001,Ines,Nilsson,ines.nilsson813@mail.com,CTY-MAD,esp,2025-11-24,PLAN-UNLIMITED,false,active,1983
I,2026-04-01T00:00:00Z,RD-002095,OP-001,Tiago,Andersson,tiago.andersson602@correo.es,CTY-MAD,esp,2024-04-09,PLAN-PAYG,true,active,1997
I,2026-04-01T00:00:00Z,RD-002096,OP-001,Nadia,Rossi,nadia.rossi57@correo.es,CTY-MAD,esp,2026-01-19,PLAN-CORP,true,active,1978
I,2026-04-01T00:00:00Z,RD-002097,OP-001,Karim,Almeida,karim.almeida721@outlook.com,CTY-MAD,esp,2024-05-10,PLAN-TOURIST,true,active,1981
I,2026-04-01T00:00:00Z,RD-002098,OP-001,Omar,Serra,omar.serra898@gmx.de,CTY-MAD,esp,2025-09-14,PLAN-COMMUTE,true,active,1965
I,2026-04-01T00:00:00Z,RD-002099,OP-001,Yasmin,Haddad,yasmin.haddad178@mail.com,CTY-MAD,esp,2024-04-14,PLAN-PAYG,true,active,1992
I,2026-04-01T00:00:00Z,RD-002100,OP-001,Nadia,Andersson,nadia.andersson303@proton.me,CTY-MAD,esp,2024-03-30,PLAN-PAYG,true,active,1967
I,2026-04-01T00:00:00Z,RD-002101,OP-001,Elin,Novak,elin.novak870@mail.com,CTY-MAD,esp,2024-07-19,PLAN-CORP,false,active,1976
I,2026-04-01T00:00:00Z,RD-002102,OP-001,Joan,Andersson,joan.andersson304@mail.com,CTY-MAD,esp,2024-11-10,PLAN-PAYG,true,active,2004
I,2026-04-01T00:00:00Z,RD-002103,OP-001,Chloe,Moreno,chloe.moreno910@proton.me,CTY-MAD,esp,2025-09-23,PLAN-PAYG,false,active,2004
I,2026-04-01T00:00:00Z,RD-002104,OP-001,Manon,Silva,manon.silva760@proton.me,CTY-MAD,esp,2025-02-20,PLAN-PAYG,false,active,1982
I,2026-04-01T00:00:00Z,RD-002105,OP-001,Nadia,Nilsson,nadia.nilsson760@correo.es,CTY-MAD,esp,2025-07-25,PLAN-COMMUTE,true,active,1971
I,2026-04-01T00:00:00Z,RD-002106,OP-001,Nils,Benali,nils.benali274@gmx.de,CTY-MAD,esp,2025-09-04,PLAN-PAYG,false,active,1981
I,2026-04-01T00:00:00Z,RD-002107,OP-001,Louis,Lopez,louis.lopez823@mail.com,CTY-MAD,esp,2026-01-21,PLAN-PAYG,true,active,2006
I,2026-04-01T00:00:00Z,RD-002108,OP-001,Thomas,Almeida,thomas.almeida707@outlook.com,CTY-MAD,esp,2025-01-24,PLAN-PAYG,true,active,2006
I,2026-04-01T00:00:00Z,RD-002109,OP-001,Thomas,Bernard,thomas.bernard681@gmx.de,CTY-MAD,esp,2024-06-12,PLAN-PAYG,true,active,1987
I,2026-04-01T00:00:00Z,RD-002110,OP-001,Tiago,Vidal,tiago.vidal948@correo.es,CTY-MAD,esp,2025-05-30,PLAN-PAYG,true,active,2002
I,2026-04-01T00:00:00Z,RD-002111,OP-001,Antoine,Martin,antoine.martin412@correo.es,CTY-MAD,esp,2025-10-15,PLAN-COMMUTE,false,active,2001
I,2026-04-01T00:00:00Z,RD-002112,OP-001,Beatriz,Weber,beatriz.weber32@outlook.com,CTY-MAD,esp,2024-05-29,PLAN-PAYG,false,active,1993
I,2026-04-01T00:00:00Z,RD-002113,OP-001,Beatriz,Fischer,beatriz.fischer764@mail.com,CTY-MAD,esp,2024-03-29,PLAN-PAYG,true,active,1970
I,2026-04-01T00:00:00Z,RD-002114,OP-001,Louis,Fischer,louis.fischer361@proton.me,CTY-MAD,esp,2025-10-10,PLAN-PAYG,true,active,1997
I,2026-04-01T00:00:00Z,RD-002115,OP-001,Camille,Dubois,camille.dubois162@correo.es,CTY-MAD,esp,2024-07-25,PLAN-PAYG,false,active,1979
I,2026-04-01T00:00:00Z,RD-002116,OP-001,Tiago,Silva,tiago.silva132@gmx.de,CTY-MAD,esp,2026-01-22,PLAN-STUDENT,false,active,1969
I,2026-04-01T00:00:00Z,RD-002117,OP-001,Aina,Benali,aina.benali343@correo.es,CTY-MAD,esp,2024-10-29,PLAN-UNLIMITED,true,active,1983
I,2026-04-01T00:00:00Z,RD-002119,OP-001,Ines,Almeida,ines.almeida45@gmx.de,CTY-MAD,esp,2025-01-24,PLAN-PAYG,true,active,1973
I,2026-04-01T00:00:00Z,RD-002120,OP-001,Sofia,Garcia,sofia.garcia868@gmx.de,CTY-MAD,esp,2025-01-02,PLAN-UNLIMITED,false,active,1990
I,2026-04-01T00:00:00Z,RD-002121,OP-001,Antoine,Almeida,antoine.almeida990@gmx.de,CTY-MAD,esp,2025-09-13,PLAN-PAYG,true,active,1978
I,2026-04-01T00:00:00Z,RD-002122,OP-001,Karim,Lopez,karim.lopez599@outlook.com,CTY-MAD,esp,2026-01-16,PLAN-PAYG,false,active,2006
I,2026-04-01T00:00:00Z,RD-002123,OP-001,Sofia,Andersson,sofia.andersson338@gmx.de,CTY-MAD,esp,2025-02-02,PLAN-PAYG,true,active,1976
I,2026-04-01T00:00:00Z,RD-002124,OP-001,Ines,Roux,ines.roux949@outlook.com,CTY-MAD,esp,2025-06-04,PLAN-PAYG,false,active,1984
I,2026-04-01T00:00:00Z,RD-002125,OP-001,Nils,Rossi,nils.rossi639@correo.es,CTY-MAD,esp,2025-09-20,PLAN-PAYG,false,active,2004
I,2026-04-01T00:00:00Z,RD-002126,OP-001,Joan,Pereira,joan.pereira864@outlook.com,CTY-MAD,esp,2024-05-21,PLAN-PAYG,true,active,1968
I,2026-04-01T00:00:00Z,RD-002127,OP-001,Antoine,Conti,antoine.conti392@mail.com,CTY-MAD,esp,2025-07-23,PLAN-UNLIMITED,false,active,1999
I,2026-04-01T00:00:00Z,RD-002128,OP-001,Sofia,Kowalski,sofia.kowalski772@outlook.com,CTY-MAD,esp,2024-03-22,PLAN-COMMUTE,true,active,1994
I,2026-04-01T00:00:00Z,RD-002129,OP-001,Marta,Andersson,marta.andersson739@gmx.de,CTY-MAD,esp,2026-02-17,PLAN-UNLIMITED,false,active,2008
I,2026-04-01T00:00:00Z,RD-002130,OP-001,Ivan,Roux,ivan.roux584@gmx.de,CTY-MAD,esp,2026-01-05,PLAN-PAYG,true,active,1978
I,2026-04-01T00:00:00Z,RD-002131,OP-001,Astrid,Fischer,astrid.fischer981@gmx.de,CTY-MAD,esp,2024-02-18,PLAN-PAYG,false,active,1970
I,2026-04-01T00:00:00Z,RD-002132,OP-001,Tiago,Lindqvist,tiago.lindqvist981@proton.me,CTY-MAD,esp,2024-04-05,PLAN-PAYG,true,active,1998
I,2026-04-01T00:00:00Z,RD-002133,OP-001,Elin,Conti,elin.conti748@proton.me,CTY-MAD,esp,2025-11-04,PLAN-PAYG,false,active,1994
I,2026-04-01T00:00:00Z,RD-002134,OP-001,Manon,Bernard,manon.bernard542@proton.me,CTY-MAD,esp,2025-10-03,PLAN-STUDENT,false,active,1986
I,2026-04-01T00:00:00Z,RD-002135,OP-001,Chloe,Kowalski,chloe.kowalski377@outlook.com,CTY-MAD,esp,2024-06-19,PLAN-COMMUTE,true,active,1995
I,2026-04-01T00:00:00Z,RD-002136,OP-001,Nadia,Serra,nadia.serra779@mail.com,CTY-MAD,esp,2024-01-02,PLAN-PAYG,true,active,1977
I,2026-04-01T00:00:00Z,RD-002137,OP-001,Oskar,Andersson,oskar.andersson527@gmx.de,CTY-MAD,esp,2025-06-06,PLAN-PAYG,false,active,2005
I,2026-04-01T00:00:00Z,RD-002138,OP-001,Yasmin,Pereira,yasmin.pereira655@proton.me,CTY-MAD,esp,2025-02-23,PLAN-PAYG,false,active,1979
I,2026-04-01T00:00:00Z,RD-002139,OP-001,Elin,Fischer,elin.fischer997@gmx.de,CTY-MAD,esp,2025-05-06,PLAN-COMMUTE,false,active,1998
I,2026-04-01T00:00:00Z,RD-002140,OP-001,Emil,Silva,emil.silva366@correo.es,CTY-MAD,esp,2024-08-24,PLAN-PAYG,false,active,1982
I,2026-04-01T00:00:00Z,RD-002141,OP-001,Nadia,Costa,nadia.costa338@outlook.com,CTY-MAD,esp,2025-12-27,PLAN-COMMUTE,false,active,1979
I,2026-04-01T00:00:00Z,RD-002142,OP-001,Tiago,Rossi,tiago.rossi90@mail.com,CTY-MAD,esp,2024-10-10,PLAN-COMMUTE,false,active,1995
I,2026-04-01T00:00:00Z,RD-002143,OP-001,Freja,Kowalski,freja.kowalski439@proton.me,CTY-MAD,esp,2024-06-09,PLAN-PAYG,true,active,2003
I,2026-04-01T00:00:00Z,RD-002144,OP-001,Pablo,Fischer,pablo.fischer435@gmx.de,CTY-MAD,esp,2025-05-19,PLAN-PAYG,false,active,2001
I,2026-04-01T00:00:00Z,RD-002145,OP-001,Nils,Costa,nils.costa786@gmx.de,CTY-MAD,esp,2024-03-14,PLAN-COMMUTE,false,active,1981
I,2026-04-01T00:00:00Z,RD-002146,OP-001,Nadia,Moreno,nadia.moreno543@outlook.com,CTY-MAD,esp,2025-03-27,PLAN-PAYG,true,active,1965
I,2026-04-01T00:00:00Z,RD-002147,OP-001,Beatriz,Andersson,beatriz.andersson838@correo.es,CTY-MAD,esp,2025-05-31,PLAN-PAYG,true,active,1987
I,2026-04-01T00:00:00Z,RD-002148,OP-001,Antoine,Andersson,antoine.andersson777@gmx.de,CTY-MAD,esp,2024-03-28,PLAN-COMMUTE,true,active,1973
I,2026-04-01T00:00:00Z,RD-002149,OP-001,Omar,Berg,omar.berg288@outlook.com,CTY-MAD,esp,2025-06-20,PLAN-COMMUTE,true,active,1981
I,2026-04-01T00:00:00Z,RD-002150,OP-001,Manon,Kowalski,manon.kowalski391@proton.me,CTY-MAD,esp,2025-05-06,PLAN-PAYG,false,active,1989
I,2026-04-01T00:00:00Z,RD-002151,OP-001,Camille,Rossi,camille.rossi824@outlook.com,CTY-MAD,esp,2024-03-25,PLAN-TOURIST,false,active,1962
I,2026-04-01T00:00:00Z,RD-002152,OP-001,Antoine,Andersson,antoine.andersson567@mail.com,CTY-MAD,esp,2024-11-03,PLAN-PAYG,false,active,1976
I,2026-04-01T00:00:00Z,RD-002153,OP-001,Astrid,Conti,astrid.conti903@outlook.com,CTY-MAD,esp,2026-03-24,PLAN-PAYG,false,active,1968
I,2026-04-01T00:00:00Z,RD-002154,OP-001,Omar,Costa,omar.costa427@mail.com,CTY-MAD,esp,2024-10-06,PLAN-PAYG,true,active,1987
I,2026-04-01T00:00:00Z,RD-002155,OP-001,Joan,Benali,joan.benali877@gmx.de,CTY-MAD,esp,2025-05-11,PLAN-UNLIMITED,false,active,2002
I,2026-04-01T00:00:00Z,RD-002156,OP-001,Chloe,Vidal,chloe.vidal645@gmx.de,CTY-MAD,esp,2024-02-19,PLAN-COMMUTE,false,active,2006
I,2026-04-01T00:00:00Z,RD-002157,OP-001,Karim,Fischer,karim.fischer65@mail.com,CTY-MAD,esp,2025-08-10,PLAN-COMMUTE,true,active,2007
I,2026-04-01T00:00:00Z,RD-002158,OP-001,Ines,Costa,ines.costa642@correo.es,CTY-MAD,esp,2026-01-26,PLAN-STUDENT,false,active,1964
I,2026-04-01T00:00:00Z,RD-002159,OP-001,Hugo,Lopez,hugo.lopez994@gmx.de,CTY-MAD,esp,2024-12-31,PLAN-COMMUTE,true,active,1997
I,2026-04-01T00:00:00Z,RD-002160,OP-001,Ivan,Garcia,ivan.garcia349@gmx.de,CTY-MAD,esp,2025-04-09,PLAN-PAYG,true,active,1972
I,2026-04-01T00:00:00Z,RD-002161,OP-001,Freja,Serra,freja.serra966@outlook.com,CTY-MAD,esp,2024-08-10,PLAN-PAYG,false,active,2003
I,2026-04-01T00:00:00Z,RD-002162,OP-001,Ines,Berg,ines.berg3@proton.me,CTY-MAD,esp,2025-02-08,PLAN-COMMUTE,true,active,1992
I,2026-04-01T00:00:00Z,RD-002163,OP-001,Yasmin,Silva,yasmin.silva916@outlook.com,CTY-MAD,esp,2026-03-11,PLAN-COMMUTE,true,active,2000
I,2026-04-01T00:00:00Z,RD-002164,OP-001,Ines,Lopez,ines.lopez380@mail.com,CTY-MAD,esp,2025-01-18,PLAN-PAYG,false,active,1981
I,2026-04-01T00:00:00Z,RD-002165,OP-001,Pablo,Fischer,pablo.fischer170@gmx.de,CTY-MAD,esp,2026-03-10,PLAN-PAYG,true,active,1989
I,2026-04-01T00:00:00Z,RD-002166,OP-001,Omar,Berg,omar.berg533@correo.es,CTY-MAD,esp,2024-07-01,PLAN-PAYG,false,active,2004
I,2026-04-01T00:00:00Z,RD-002167,OP-001,Beatriz,Martin,beatriz.martin445@gmx.de,CTY-MAD,esp,2025-03-31,PLAN-PAYG,false,active,1999
I,2026-04-01T00:00:00Z,RD-002168,OP-001,Nadia,Ferrer,nadia.ferrer334@gmx.de,CTY-MAD,esp,2025-01-05,PLAN-COMMUTE,false,active,2003
I,2026-04-01T00:00:00Z,RD-002170,OP-001,Emil,Kowalski,emil.kowalski881@proton.me,CTY-MAD,esp,2024-12-10,PLAN-STUDENT,true,active,1971
I,2026-04-01T00:00:00Z,RD-002171,OP-001,Thomas,Garcia,thomas.garcia787@outlook.com,CTY-MAD,esp,2024-09-29,PLAN-UNLIMITED,true,active,1993
I,2026-04-01T00:00:00Z,RD-002173,OP-001,Pablo,Ferrer,pablo.ferrer127@gmx.de,CTY-MAD,esp,2024-04-22,PLAN-COMMUTE,false,active,1991
I,2026-04-01T00:00:00Z,RD-002174,OP-001,Karim,Lindqvist,karim.lindqvist985@gmx.de,CTY-MAD,esp,2025-09-21,PLAN-PAYG,true,active,2004
I,2026-04-01T00:00:00Z,RD-002175,OP-001,Sofia,Rossi,sofia.rossi178@gmx.de,CTY-MAD,esp,2024-05-16,PLAN-CORP,false,active,1994
I,2026-04-01T00:00:00Z,RD-002176,OP-001,Elin,Almeida,elin.almeida351@gmx.de,CTY-MAD,esp,2024-08-16,PLAN-COMMUTE,false,active,1981
I,2026-04-01T00:00:00Z,RD-002178,OP-001,Ivan,Vidal,ivan.vidal358@outlook.com,CTY-MAD,esp,2025-01-16,PLAN-PAYG,false,active,1993
I,2026-04-01T00:00:00Z,RD-002179,OP-001,Thomas,Benali,thomas.benali371@outlook.com,CTY-MAD,esp,2025-05-14,PLAN-PAYG,false,active,1987
I,2026-04-01T00:00:00Z,RD-002180,OP-001,Joan,Vidal,joan.vidal792@gmx.de,CTY-MAD,esp,2025-06-27,PLAN-COMMUTE,true,active,1974
I,2026-04-01T00:00:00Z,RD-002181,OP-001,Nils,Serra,nils.serra754@gmx.de,CTY-MAD,esp,2026-01-29,PLAN-PAYG,false,active,1963
I,2026-04-01T00:00:00Z,RD-002183,OP-001,Thomas,Martin,thomas.martin738@correo.es,CTY-MAD,esp,2025-05-15,PLAN-TOURIST,true,active,1997
I,2026-04-01T00:00:00Z,RD-002184,OP-001,Oskar,Rossi,oskar.rossi43@outlook.com,CTY-MAD,esp,2024-12-14,PLAN-COMMUTE,false,active,1980
I,2026-04-01T00:00:00Z,RD-002185,OP-001,Oskar,Rossi,oskar.rossi126@proton.me,CTY-MAD,esp,2024-02-07,PLAN-PAYG,false,active,1968
I,2026-04-01T00:00:00Z,RD-002186,OP-001,Marta,Lopez,marta.lopez695@mail.com,CTY-MAD,esp,2025-09-22,PLAN-COMMUTE,true,active,1968
I,2026-04-01T00:00:00Z,RD-002187,OP-001,Astrid,Conti,astrid.conti472@outlook.com,CTY-MAD,esp,2025-01-27,PLAN-COMMUTE,false,active,1998
I,2026-04-01T00:00:00Z,RD-002188,OP-001,Joan,Martin,joan.martin612@correo.es,CTY-MAD,esp,2025-12-18,PLAN-CORP,false,active,1982
I,2026-04-01T00:00:00Z,RD-002189,OP-001,Louis,Moreno,louis.moreno160@mail.com,CTY-MAD,esp,2025-12-21,PLAN-COMMUTE,false,active,1999
I,2026-04-01T00:00:00Z,RD-002190,OP-001,Antoine,Weber,antoine.weber790@outlook.com,CTY-MAD,esp,2025-07-16,PLAN-PAYG,false,active,2005
I,2026-04-01T00:00:00Z,RD-002191,OP-001,Ivan,Costa,ivan.costa439@proton.me,CTY-MAD,esp,2026-03-20,PLAN-TOURIST,false,active,2005
I,2026-04-01T00:00:00Z,RD-002192,OP-001,Antoine,Costa,antoine.costa418@mail.com,CTY-MAD,esp,2025-08-31,PLAN-PAYG,false,active,1970
I,2026-04-01T00:00:00Z,RD-002193,OP-001,Aina,Roux,aina.roux798@mail.com,CTY-MAD,esp,2024-10-03,PLAN-TOURIST,true,active,1984
I,2026-04-01T00:00:00Z,RD-002194,OP-001,Yasmin,Moreno,yasmin.moreno8@mail.com,CTY-MAD,esp,2025-09-18,PLAN-PAYG,true,active,2000
I,2026-04-01T00:00:00Z,RD-002195,OP-001,Astrid,Nilsson,astrid.nilsson318@outlook.com,CTY-MAD,esp,2025-10-12,PLAN-PAYG,false,active,2005
I,2026-04-01T00:00:00Z,RD-002196,OP-001,Omar,Lindqvist,omar.lindqvist791@outlook.com,CTY-MAD,esp,2025-12-30,PLAN-PAYG,true,active,2006
I,2026-04-01T00:00:00Z,RD-002197,OP-001,Sofia,Bernard,sofia.bernard721@mail.com,CTY-MAD,esp,2024-07-19,PLAN-COMMUTE,false,active,2005
I,2026-04-01T00:00:00Z,RD-002198,OP-001,Thomas,Lindqvist,thomas.lindqvist644@proton.me,CTY-MAD,esp,2026-03-03,PLAN-STUDENT,true,active,1986
I,2026-04-01T00:00:00Z,RD-002200,OP-001,Nadia,Conti,nadia.conti969@gmx.de,CTY-MAD,esp,2025-08-28,PLAN-COMMUTE,true,active,1971
I,2026-04-01T00:00:00Z,RD-002201,OP-001,Nadia,Bernard,nadia.bernard400@proton.me,CTY-MAD,esp,2025-06-19,PLAN-UNLIMITED,true,active,1967
I,2026-04-01T00:00:00Z,RD-002202,OP-001,Antoine,Vidal,antoine.vidal816@correo.es,CTY-MAD,esp,2024-07-19,PLAN-PAYG,true,active,1982
I,2026-04-01T00:00:00Z,RD-002203,OP-001,Karim,Serra,karim.serra946@mail.com,CTY-MAD,esp,2024-03-25,PLAN-COMMUTE,true,active,1983
I,2026-04-01T00:00:00Z,RD-002204,OP-001,Antoine,Benali,antoine.benali777@gmx.de,CTY-MAD,esp,2025-02-07,PLAN-PAYG,false,active,2002
I,2026-04-01T00:00:00Z,RD-002205,OP-001,Camille,Berg,camille.berg717@correo.es,CTY-MAD,esp,2025-01-16,PLAN-PAYG,false,active,1979
I,2026-04-01T00:00:00Z,RD-002206,OP-001,Diego,Lopez,diego.lopez817@outlook.com,CTY-MAD,esp,2024-04-09,PLAN-COMMUTE,false,active,1967
I,2026-04-01T00:00:00Z,RD-002207,OP-001,Nora,Almeida,nora.almeida524@mail.com,CTY-MAD,esp,2024-07-11,PLAN-COMMUTE,true,active,1965
I,2026-04-01T00:00:00Z,RD-002208,OP-001,Nora,Roux,nora.roux553@mail.com,CTY-MAD,esp,2025-10-20,PLAN-COMMUTE,true,active,1990
I,2026-04-01T00:00:00Z,RD-002209,OP-001,Yasmin,Conti,yasmin.conti800@mail.com,CTY-MAD,esp,2024-11-04,PLAN-PAYG,false,active,1993
I,2026-04-01T00:00:00Z,RD-002210,OP-001,Lucia,Berg,lucia.berg170@mail.com,CTY-MAD,esp,2024-05-17,PLAN-CORP,false,active,2004
I,2026-04-01T00:00:00Z,RD-002211,OP-001,Ines,Lindqvist,ines.lindqvist274@mail.com,CTY-MAD,esp,2024-11-27,PLAN-UNLIMITED,true,active,1973
I,2026-04-01T00:00:00Z,RD-002212,OP-001,Astrid,Serra,astrid.serra12@correo.es,CTY-MAD,esp,2025-02-02,PLAN-PAYG,false,active,1987
I,2026-04-01T00:00:00Z,RD-002213,OP-001,Omar,Nilsson,omar.nilsson48@outlook.com,CTY-MAD,esp,2025-05-09,PLAN-PAYG,false,active,2004
I,2026-04-01T00:00:00Z,RD-002214,OP-001,Louis,Martin,louis.martin243@proton.me,CTY-MAD,esp,2025-07-10,PLAN-PAYG,false,active,1962
I,2026-04-01T00:00:00Z,RD-002215,OP-001,Emil,Pereira,emil.pereira859@mail.com,CTY-MAD,esp,2025-12-06,PLAN-COMMUTE,true,active,1968
I,2026-04-01T00:00:00Z,RD-002216,OP-001,Emil,Vidal,emil.vidal537@outlook.com,CTY-MAD,esp,2025-07-12,PLAN-PAYG,true,active,2004
I,2026-04-01T00:00:00Z,RD-002218,OP-001,Karim,Nilsson,karim.nilsson411@gmx.de,CTY-MAD,esp,2026-03-25,PLAN-COMMUTE,false,active,1981
I,2026-04-01T00:00:00Z,RD-002219,OP-001,Pablo,Haddad,pablo.haddad38@gmx.de,CTY-MAD,esp,2025-02-14,PLAN-COMMUTE,true,active,2000
I,2026-04-01T00:00:00Z,RD-002220,OP-001,Louis,Garcia,louis.garcia816@outlook.com,CTY-MAD,esp,2024-09-13,PLAN-PAYG,false,active,2003
I,2026-04-01T00:00:00Z,RD-002221,OP-001,Marta,Lindqvist,marta.lindqvist834@mail.com,CTY-MAD,esp,2024-12-10,PLAN-COMMUTE,false,active,2005
I,2026-04-01T00:00:00Z,RD-002222,OP-001,Joan,Moreno,joan.moreno885@gmx.de,CTY-MAD,esp,2026-01-25,PLAN-COMMUTE,true,active,1974
I,2026-04-01T00:00:00Z,RD-002223,OP-001,Freja,Roux,freja.roux476@mail.com,CTY-MAD,esp,2025-02-04,PLAN-PAYG,true,active,1969
I,2026-04-01T00:00:00Z,RD-002224,OP-001,Elin,Lindqvist,elin.lindqvist653@proton.me,CTY-MAD,esp,2024-09-11,PLAN-COMMUTE,false,active,1972
I,2026-04-01T00:00:00Z,RD-002225,OP-001,Freja,Fischer,freja.fischer116@proton.me,CTY-MAD,esp,2024-06-27,PLAN-COMMUTE,true,active,1997
I,2026-04-01T00:00:00Z,RD-002226,OP-001,Chloe,Bernard,chloe.bernard283@outlook.com,CTY-MAD,esp,2026-03-22,PLAN-PAYG,true,active,1974
I,2026-04-01T00:00:00Z,RD-002227,OP-001,Manon,Costa,manon.costa516@gmx.de,CTY-MAD,esp,2026-02-13,PLAN-PAYG,true,active,1962
I,2026-04-01T00:00:00Z,RD-002229,OP-001,Freja,Haddad,freja.haddad723@gmx.de,CTY-MAD,esp,2025-12-07,PLAN-PAYG,true,active,1967
I,2026-04-01T00:00:00Z,RD-002230,OP-001,Diego,Ferrer,diego.ferrer91@correo.es,CTY-MAD,esp,2026-02-22,PLAN-UNLIMITED,true,active,1974
I,2026-04-01T00:00:00Z,RD-002231,OP-001,Lucia,Haddad,lucia.haddad975@outlook.com,CTY-MAD,esp,2025-06-09,PLAN-COMMUTE,true,active,1976
I,2026-04-01T00:00:00Z,RD-002232,OP-001,Elin,Fischer,elin.fischer465@mail.com,CTY-MAD,esp,2025-09-09,PLAN-PAYG,false,active,1967
I,2026-04-01T00:00:00Z,RD-002233,OP-001,Karim,Martin,karim.martin34@gmx.de,CTY-MAD,esp,2024-07-15,PLAN-PAYG,false,active,1965
I,2026-04-01T00:00:00Z,RD-002234,OP-001,Nadia,Haddad,nadia.haddad260@proton.me,CTY-MAD,esp,2024-05-12,PLAN-PAYG,true,active,1987
I,2026-04-01T00:00:00Z,RD-002235,OP-001,Sofia,Roux,sofia.roux650@outlook.com,CTY-MAD,esp,2026-02-18,PLAN-COMMUTE,true,active,1977
I,2026-04-01T00:00:00Z,RD-002236,OP-001,Astrid,Almeida,astrid.almeida775@outlook.com,CTY-MAD,esp,2024-04-28,PLAN-PAYG,false,active,1991
I,2026-04-01T00:00:00Z,RD-002237,OP-001,Astrid,Kowalski,astrid.kowalski10@proton.me,CTY-MAD,esp,2024-03-03,PLAN-PAYG,false,active,1982
I,2026-04-01T00:00:00Z,RD-002238,OP-001,Camille,Rossi,camille.rossi734@proton.me,CTY-MAD,esp,2026-03-29,PLAN-COMMUTE,true,active,1967
I,2026-04-01T00:00:00Z,RD-002239,OP-001,Camille,Weber,camille.weber46@correo.es,CTY-MAD,esp,2024-08-30,PLAN-PAYG,false,active,1999
I,2026-04-01T00:00:00Z,RD-002240,OP-001,Antoine,Pereira,antoine.pereira743@proton.me,CTY-MAD,esp,2026-01-09,PLAN-PAYG,false,active,1978
I,2026-04-01T00:00:00Z,RD-002241,OP-001,Karim,Silva,karim.silva310@outlook.com,CTY-MAD,esp,2024-01-01,PLAN-PAYG,true,active,1999
I,2026-04-01T00:00:00Z,RD-002242,OP-001,Diego,Rossi,diego.rossi743@correo.es,CTY-MAD,esp,2025-03-25,PLAN-STUDENT,true,active,1984
I,2026-04-01T00:00:00Z,RD-002244,OP-001,Manon,Haddad,manon.haddad838@outlook.com,CTY-MAD,esp,2025-01-03,PLAN-COMMUTE,false,active,1992
I,2026-04-01T00:00:00Z,RD-002245,OP-001,Nils,Moreno,nils.moreno496@outlook.com,CTY-MAD,esp,2024-02-22,PLAN-PAYG,false,active,1990
I,2026-04-01T00:00:00Z,RD-002246,OP-001,Oskar,Nilsson,oskar.nilsson429@gmx.de,CTY-MAD,esp,2024-12-25,PLAN-PAYG,false,active,1971
I,2026-04-01T00:00:00Z,RD-002247,OP-001,Hugo,Almeida,hugo.almeida304@outlook.com,CTY-MAD,esp,2024-08-03,PLAN-PAYG,true,active,1975
I,2026-04-01T00:00:00Z,RD-002248,OP-001,Beatriz,Garcia,beatriz.garcia980@proton.me,CTY-MAD,esp,2024-09-21,PLAN-PAYG,false,active,1988
I,2026-04-01T00:00:00Z,RD-002249,OP-001,Marta,Pereira,marta.pereira747@outlook.com,CTY-MAD,esp,2025-08-27,PLAN-PAYG,false,active,1966
I,2026-04-01T00:00:00Z,RD-002250,OP-001,Nora,Bernard,nora.bernard801@outlook.com,CTY-MAD,esp,2025-02-23,PLAN-PAYG,false,active,1990
I,2026-04-01T00:00:00Z,RD-002251,OP-001,Nadia,Dubois,nadia.dubois480@mail.com,CTY-MAD,esp,2025-01-18,PLAN-COMMUTE,true,active,1998
I,2026-04-01T00:00:00Z,RD-002252,OP-001,Beatriz,Pereira,beatriz.pereira509@proton.me,CTY-MAD,esp,2024-08-16,PLAN-COMMUTE,false,active,1966
I,2026-04-01T00:00:00Z,RD-002253,OP-001,Louis,Fischer,louis.fischer778@correo.es,CTY-MAD,esp,2025-03-24,PLAN-TOURIST,true,active,1970
I,2026-04-01T00:00:00Z,RD-002254,OP-001,Tiago,Benali,tiago.benali677@mail.com,CTY-MAD,esp,2024-07-10,PLAN-PAYG,true,active,1980
I,2026-04-01T00:00:00Z,RD-002255,OP-001,Nora,Serra,nora.serra965@correo.es,CTY-MAD,esp,2025-12-01,PLAN-PAYG,true,active,1975
I,2026-04-01T00:00:00Z,RD-002256,OP-001,Rui,Haddad,rui.haddad287@proton.me,CTY-MAD,esp,2024-09-15,PLAN-PAYG,false,active,2007
I,2026-04-01T00:00:00Z,RD-002257,OP-001,Nadia,Garcia,nadia.garcia580@gmx.de,CTY-MAD,esp,2025-01-21,PLAN-COMMUTE,true,active,1987
I,2026-04-01T00:00:00Z,RD-002258,OP-001,Rui,Costa,rui.costa350@proton.me,CTY-MAD,esp,2024-07-14,PLAN-PAYG,false,active,1982
I,2026-04-01T00:00:00Z,RD-002259,OP-001,Manon,Vidal,manon.vidal140@outlook.com,CTY-MAD,esp,2024-04-02,PLAN-PAYG,false,active,2007
I,2026-04-01T00:00:00Z,RD-002260,OP-001,Yasmin,Ferrer,yasmin.ferrer883@gmx.de,CTY-MAD,esp,2025-01-26,PLAN-PAYG,false,active,1980
I,2026-04-01T00:00:00Z,RD-002261,OP-001,Tiago,Martin,tiago.martin252@mail.com,CTY-MAD,esp,2024-12-14,PLAN-PAYG,true,active,1978
I,2026-04-01T00:00:00Z,RD-002262,OP-001,Hugo,Costa,hugo.costa927@correo.es,CTY-MAD,esp,2024-11-14,PLAN-PAYG,true,active,1982
I,2026-04-01T00:00:00Z,RD-002263,OP-001,Ivan,Dubois,ivan.dubois994@correo.es,CTY-MAD,esp,2024-11-05,PLAN-PAYG,true,active,1992
I,2026-04-01T00:00:00Z,RD-002264,OP-001,Tiago,Pereira,tiago.pereira984@proton.me,CTY-MAD,esp,2025-10-14,PLAN-PAYG,true,active,2005
I,2026-04-01T00:00:00Z,RD-002265,OP-001,Hugo,Ferrer,hugo.ferrer974@correo.es,CTY-MAD,esp,2025-08-27,PLAN-PAYG,true,active,1966
I,2026-04-01T00:00:00Z,RD-002266,OP-001,Omar,Martin,omar.martin637@gmx.de,CTY-MAD,esp,2024-04-05,PLAN-COMMUTE,false,active,1975
I,2026-04-01T00:00:00Z,RD-002267,OP-001,Beatriz,Weber,beatriz.weber553@proton.me,CTY-MAD,esp,2024-05-14,PLAN-COMMUTE,false,active,1972
I,2026-04-01T00:00:00Z,RD-002269,OP-001,Beatriz,Costa,beatriz.costa591@mail.com,CTY-MAD,esp,2024-06-26,PLAN-PAYG,false,active,1981
I,2026-04-01T00:00:00Z,RD-002270,OP-001,Diego,Moreno,diego.moreno200@correo.es,CTY-MAD,esp,2024-08-28,PLAN-PAYG,true,active,1992
I,2026-04-01T00:00:00Z,RD-002271,OP-001,Marta,Garcia,marta.garcia43@correo.es,CTY-MAD,esp,2025-12-19,PLAN-PAYG,false,active,1983
I,2026-04-01T00:00:00Z,RD-002272,OP-001,Louis,Lopez,louis.lopez151@correo.es,CTY-MAD,esp,2024-01-22,PLAN-COMMUTE,true,active,1967
I,2026-04-01T00:00:00Z,RD-002273,OP-001,Thomas,Martin,thomas.martin970@gmx.de,CTY-MAD,esp,2025-01-10,PLAN-PAYG,false,active,1995
I,2026-04-01T00:00:00Z,RD-002275,OP-001,Nils,Vidal,nils.vidal666@mail.com,CTY-MAD,esp,2024-11-23,PLAN-COMMUTE,false,active,1972
I,2026-04-01T00:00:00Z,RD-002276,OP-001,Freja,Kowalski,freja.kowalski259@gmx.de,CTY-MAD,esp,2025-04-03,PLAN-PAYG,true,active,1976
I,2026-04-01T00:00:00Z,RD-002277,OP-001,Karim,Conti,karim.conti548@gmx.de,CTY-MAD,esp,2025-05-07,PLAN-PAYG,true,active,1974
I,2026-04-01T00:00:00Z,RD-002278,OP-001,Marta,Haddad,marta.haddad976@proton.me,CTY-MAD,esp,2025-06-03,PLAN-PAYG,true,active,2006
I,2026-04-01T00:00:00Z,RD-002279,OP-001,Tiago,Andersson,tiago.andersson660@mail.com,CTY-MAD,esp,2025-12-25,PLAN-PAYG,true,active,1978
I,2026-04-01T00:00:00Z,RD-002280,OP-001,Elin,Dubois,elin.dubois235@correo.es,CTY-MAD,esp,2024-06-06,PLAN-PAYG,true,active,1979
I,2026-04-01T00:00:00Z,RD-002281,OP-001,Thomas,Kowalski,thomas.kowalski721@mail.com,CTY-MAD,esp,2025-05-27,PLAN-COMMUTE,false,active,1962
I,2026-04-01T00:00:00Z,RD-002282,OP-001,Pablo,Costa,pablo.costa580@proton.me,CTY-MAD,esp,2024-04-19,PLAN-PAYG,false,active,2004
I,2026-04-01T00:00:00Z,RD-002283,OP-001,Aina,Garcia,aina.garcia76@outlook.com,CTY-MAD,esp,2024-12-24,PLAN-PAYG,true,active,1997
I,2026-04-01T00:00:00Z,RD-002284,OP-001,Aina,Roux,aina.roux130@correo.es,CTY-MAD,esp,2024-12-27,PLAN-PAYG,true,active,1998
I,2026-04-01T00:00:00Z,RD-002285,OP-001,Astrid,Garcia,astrid.garcia663@correo.es,CTY-MAD,esp,2025-08-12,PLAN-COMMUTE,false,active,1994
I,2026-04-01T00:00:00Z,RD-002286,OP-001,Hugo,Haddad,hugo.haddad549@gmx.de,CTY-MAD,esp,2024-12-17,PLAN-UNLIMITED,true,active,1966
I,2026-04-01T00:00:00Z,RD-002287,OP-001,Nils,Andersson,nils.andersson455@mail.com,CTY-MAD,esp,2025-10-23,PLAN-PAYG,true,active,1963
I,2026-04-01T00:00:00Z,RD-002290,OP-001,Aina,Costa,aina.costa948@outlook.com,CTY-MAD,esp,2025-06-13,PLAN-PAYG,true,active,1973
I,2026-04-01T00:00:00Z,RD-002291,OP-001,Diego,Novak,diego.novak937@proton.me,CTY-MAD,esp,2026-03-21,PLAN-COMMUTE,true,active,2003
I,2026-04-01T00:00:00Z,RD-002292,OP-001,Nils,Rossi,nils.rossi176@gmx.de,CTY-MAD,esp,2025-05-06,PLAN-PAYG,false,active,1974
I,2026-04-01T00:00:00Z,RD-002293,OP-001,Camille,Silva,camille.silva919@proton.me,CTY-MAD,esp,2025-09-29,PLAN-PAYG,true,active,2000
I,2026-04-01T00:00:00Z,RD-002294,OP-001,Karim,Almeida,karim.almeida346@proton.me,CTY-MAD,esp,2024-04-22,PLAN-COMMUTE,false,active,1976
I,2026-04-01T00:00:00Z,RD-002295,OP-001,Nadia,Bernard,nadia.bernard45@correo.es,CTY-MAD,esp,2025-10-25,PLAN-COMMUTE,true,active,1976
I,2026-04-01T00:00:00Z,RD-002296,OP-001,Sofia,Roux,sofia.roux304@correo.es,CTY-MAD,esp,2025-10-18,PLAN-PAYG,false,active,1965
I,2026-04-01T00:00:00Z,RD-002297,OP-001,Camille,Garcia,camille.garcia294@mail.com,CTY-MAD,esp,2025-08-04,PLAN-COMMUTE,false,active,2006
I,2026-04-01T00:00:00Z,RD-002298,OP-001,Oskar,Martin,oskar.martin131@gmx.de,CTY-MAD,esp,2025-03-01,PLAN-UNLIMITED,false,active,1986
I,2026-04-01T00:00:00Z,RD-002300,OP-001,Ivan,Pereira,ivan.pereira55@outlook.com,CTY-MAD,esp,2024-08-24,PLAN-COMMUTE,false,active,2002
I,2026-04-01T00:00:00Z,RD-002301,OP-001,Joan,Moreno,joan.moreno478@correo.es,CTY-MAD,esp,2024-05-31,PLAN-PAYG,true,active,1991
I,2026-04-01T00:00:00Z,RD-002302,OP-001,Hugo,Serra,hugo.serra265@proton.me,CTY-MAD,esp,2024-03-08,PLAN-CORP,false,active,1988
I,2026-04-01T00:00:00Z,RD-002303,OP-001,Beatriz,Fischer,beatriz.fischer650@mail.com,CTY-MAD,esp,2024-01-12,PLAN-PAYG,true,active,2001
I,2026-04-01T00:00:00Z,RD-002304,OP-001,Antoine,Lindqvist,antoine.lindqvist626@outlook.com,CTY-MAD,esp,2024-12-03,PLAN-TOURIST,false,active,1990
I,2026-04-01T00:00:00Z,RD-002305,OP-001,Antoine,Nilsson,antoine.nilsson552@correo.es,CTY-MAD,esp,2025-08-12,PLAN-STUDENT,false,active,2001
I,2026-04-01T00:00:00Z,RD-002306,OP-001,Nils,Kowalski,nils.kowalski493@proton.me,CTY-MAD,esp,2025-12-11,PLAN-STUDENT,true,active,1984
I,2026-04-01T00:00:00Z,RD-002307,OP-001,Ivan,Benali,ivan.benali171@proton.me,CTY-MAD,esp,2024-06-21,PLAN-COMMUTE,true,active,1981
I,2026-04-01T00:00:00Z,RD-002308,OP-001,Astrid,Conti,astrid.conti333@mail.com,CTY-MAD,esp,2025-02-16,PLAN-PAYG,true,active,1971
I,2026-04-01T00:00:00Z,RD-002309,OP-001,Rui,Haddad,rui.haddad721@mail.com,CTY-MAD,esp,2024-02-08,PLAN-PAYG,false,active,1988
I,2026-04-01T00:00:00Z,RD-002310,OP-001,Lucia,Novak,lucia.novak463@outlook.com,CTY-MAD,esp,2024-05-29,PLAN-PAYG,false,active,1982
I,2026-04-01T00:00:00Z,RD-002311,OP-001,Sofia,Kowalski,sofia.kowalski944@gmx.de,CTY-MAD,esp,2026-01-01,PLAN-PAYG,true,active,1969
I,2026-04-01T00:00:00Z,RD-002312,OP-001,Freja,Benali,freja.benali742@mail.com,CTY-MAD,esp,2024-05-27,PLAN-COMMUTE,false,active,1985
I,2026-04-01T00:00:00Z,RD-002313,OP-001,Antoine,Berg,antoine.berg637@correo.es,CTY-MAD,esp,2024-08-18,PLAN-PAYG,true,active,2005
I,2026-04-01T00:00:00Z,RD-002314,OP-001,Beatriz,Almeida,beatriz.almeida328@correo.es,CTY-MAD,esp,2024-10-10,PLAN-COMMUTE,true,active,2006
I,2026-04-01T00:00:00Z,RD-002315,OP-001,Oskar,Serra,oskar.serra711@correo.es,CTY-MAD,esp,2025-07-25,PLAN-PAYG,true,active,1977
I,2026-04-01T00:00:00Z,RD-002316,OP-001,Yasmin,Fischer,yasmin.fischer914@correo.es,CTY-MAD,esp,2024-04-10,PLAN-PAYG,false,active,1976
I,2026-04-01T00:00:00Z,RD-002318,OP-001,Diego,Moreno,diego.moreno301@proton.me,CTY-MAD,esp,2024-06-05,PLAN-UNLIMITED,true,active,2002
I,2026-04-01T00:00:00Z,RD-002319,OP-001,Beatriz,Roux,beatriz.roux839@proton.me,CTY-MAD,esp,2026-01-01,PLAN-PAYG,true,active,1976
I,2026-04-01T00:00:00Z,RD-002320,OP-001,Oskar,Ferrer,oskar.ferrer410@mail.com,CTY-MAD,esp,2024-03-15,PLAN-PAYG,true,active,1982
I,2026-04-01T00:00:00Z,RD-002321,OP-001,Pablo,Garcia,pablo.garcia375@gmx.de,CTY-MAD,esp,2024-04-01,PLAN-PAYG,false,active,1965
I,2026-04-01T00:00:00Z,RD-002322,OP-001,Antoine,Haddad,antoine.haddad650@mail.com,CTY-MAD,esp,2024-09-30,PLAN-PAYG,true,active,2003
I,2026-04-01T00:00:00Z,RD-002323,OP-001,Yasmin,Kowalski,yasmin.kowalski403@gmx.de,CTY-MAD,esp,2024-12-15,PLAN-PAYG,true,active,1985
I,2026-04-01T00:00:00Z,RD-002324,OP-001,Yasmin,Costa,yasmin.costa329@correo.es,CTY-MAD,esp,2024-05-14,PLAN-PAYG,true,active,1993
I,2026-04-01T00:00:00Z,RD-002325,OP-001,Manon,Bernard,manon.bernard865@correo.es,CTY-MAD,esp,2024-04-03,PLAN-STUDENT,false,active,1963
I,2026-04-01T00:00:00Z,RD-002326,OP-001,Oskar,Rossi,oskar.rossi706@gmx.de,CTY-MAD,esp,2026-01-16,PLAN-COMMUTE,false,active,1966
I,2026-04-01T00:00:00Z,RD-002327,OP-001,Rui,Rossi,rui.rossi342@proton.me,CTY-MAD,esp,2024-04-22,PLAN-UNLIMITED,false,active,1984
I,2026-04-01T00:00:00Z,RD-002328,OP-001,Emil,Moreno,emil.moreno443@correo.es,CTY-MAD,esp,2025-02-05,PLAN-PAYG,true,active,1979
I,2026-04-01T00:00:00Z,RD-002329,OP-001,Nils,Lindqvist,nils.lindqvist441@mail.com,CTY-MAD,esp,2026-03-13,PLAN-COMMUTE,true,active,1966
I,2026-04-01T00:00:00Z,RD-002330,OP-001,Louis,Kowalski,louis.kowalski374@proton.me,CTY-MAD,esp,2025-11-03,PLAN-PAYG,true,active,1962
I,2026-04-01T00:00:00Z,RD-002331,OP-001,Karim,Weber,karim.weber963@mail.com,CTY-MAD,esp,2025-03-22,PLAN-PAYG,false,active,1971
I,2026-04-01T00:00:00Z,RD-002332,OP-001,Joan,Silva,joan.silva395@outlook.com,CTY-MAD,esp,2025-11-06,PLAN-STUDENT,false,active,2000
I,2026-04-01T00:00:00Z,RD-002333,OP-001,Astrid,Dubois,astrid.dubois195@correo.es,CTY-MAD,esp,2024-11-09,PLAN-COMMUTE,false,active,1963
I,2026-04-01T00:00:00Z,RD-002334,OP-001,Omar,Bernard,omar.bernard608@mail.com,CTY-MAD,esp,2026-02-22,PLAN-PAYG,true,active,1980
I,2026-04-01T00:00:00Z,RD-002335,OP-001,Manon,Weber,manon.weber870@mail.com,CTY-MAD,esp,2024-04-08,PLAN-COMMUTE,true,active,1993
I,2026-04-01T00:00:00Z,RD-002336,OP-001,Yasmin,Bernard,yasmin.bernard101@outlook.com,CTY-MAD,esp,2025-07-24,PLAN-COMMUTE,true,active,1979
I,2026-04-01T00:00:00Z,RD-002337,OP-001,Antoine,Almeida,antoine.almeida961@correo.es,CTY-MAD,esp,2025-01-30,PLAN-PAYG,true,active,1988
I,2026-04-01T00:00:00Z,RD-002338,OP-001,Ines,Martin,ines.martin361@mail.com,CTY-MAD,esp,2026-01-21,PLAN-PAYG,false,active,1988
I,2026-04-01T00:00:00Z,RD-002339,OP-001,Omar,Benali,omar.benali643@mail.com,CTY-MAD,esp,2024-12-24,PLAN-COMMUTE,false,active,1983
I,2026-04-01T00:00:00Z,RD-002340,OP-001,Freja,Weber,freja.weber165@proton.me,CTY-MAD,esp,2026-02-15,PLAN-PAYG,true,active,1962
I,2026-04-01T00:00:00Z,RD-002341,OP-001,Emil,Vidal,emil.vidal844@mail.com,CTY-MAD,esp,2024-06-09,PLAN-COMMUTE,true,active,2005
I,2026-04-01T00:00:00Z,RD-002342,OP-001,Louis,Nilsson,louis.nilsson198@proton.me,CTY-MAD,esp,2025-10-09,PLAN-PAYG,false,active,1980
I,2026-04-01T00:00:00Z,RD-002343,OP-001,Marta,Dubois,marta.dubois742@mail.com,CTY-MAD,esp,2026-01-14,PLAN-CORP,true,active,1965
I,2026-04-01T00:00:00Z,RD-002344,OP-001,Manon,Almeida,manon.almeida779@outlook.com,CTY-MAD,esp,2025-06-16,PLAN-COMMUTE,false,active,1968
I,2026-04-01T00:00:00Z,RD-002345,OP-001,Camille,Berg,camille.berg623@outlook.com,CTY-MAD,esp,2024-10-17,PLAN-PAYG,false,active,1967
I,2026-04-01T00:00:00Z,RD-002346,OP-001,Sofia,Almeida,sofia.almeida37@proton.me,CTY-MAD,esp,2025-07-31,PLAN-PAYG,false,active,1990
I,2026-04-01T00:00:00Z,RD-002347,OP-001,Oskar,Lopez,oskar.lopez782@proton.me,CTY-MAD,esp,2024-12-11,PLAN-UNLIMITED,true,active,1989
I,2026-04-01T00:00:00Z,RD-002348,OP-001,Diego,Costa,diego.costa685@outlook.com,CTY-MAD,esp,2024-12-25,PLAN-STUDENT,false,active,1975
I,2026-04-01T00:00:00Z,RD-002349,OP-001,Diego,Lindqvist,diego.lindqvist516@mail.com,CTY-MAD,esp,2024-04-01,PLAN-UNLIMITED,false,active,1975
I,2026-04-01T00:00:00Z,RD-002350,OP-001,Beatriz,Vidal,beatriz.vidal138@gmx.de,CTY-MAD,esp,2024-02-03,PLAN-PAYG,false,active,1989
I,2026-04-01T00:00:00Z,RD-002351,OP-001,Elin,Weber,elin.weber790@proton.me,CTY-MAD,esp,2024-09-02,PLAN-COMMUTE,false,active,1977
I,2026-04-01T00:00:00Z,RD-002352,OP-001,Marta,Kowalski,marta.kowalski508@outlook.com,CTY-MAD,esp,2025-01-22,PLAN-PAYG,true,active,1988
I,2026-04-01T00:00:00Z,RD-002353,OP-001,Pablo,Costa,pablo.costa690@correo.es,CTY-MAD,esp,2025-05-07,PLAN-PAYG,true,active,1971
I,2026-04-01T00:00:00Z,RD-002354,OP-001,Sofia,Kowalski,sofia.kowalski979@gmx.de,CTY-MAD,esp,2025-01-18,PLAN-PAYG,true,active,2004
I,2026-04-01T00:00:00Z,RD-002355,OP-001,Joan,Silva,joan.silva520@mail.com,CTY-MAD,esp,2024-02-02,PLAN-COMMUTE,true,active,1998
I,2026-04-01T00:00:00Z,RD-002356,OP-001,Karim,Martin,karim.martin243@outlook.com,CTY-MAD,esp,2025-04-14,PLAN-PAYG,true,active,1981
I,2026-04-01T00:00:00Z,RD-002357,OP-001,Freja,Moreno,freja.moreno208@gmx.de,CTY-MAD,esp,2024-01-14,PLAN-PAYG,true,active,2004
I,2026-04-01T00:00:00Z,RD-002358,OP-001,Joan,Garcia,joan.garcia299@correo.es,CTY-MAD,esp,2024-03-22,PLAN-PAYG,false,active,2001
I,2026-04-01T00:00:00Z,RD-002359,OP-001,Omar,Lindqvist,omar.lindqvist709@gmx.de,CTY-MAD,esp,2025-05-18,PLAN-PAYG,false,active,1982
I,2026-04-01T00:00:00Z,RD-002360,OP-001,Sofia,Pereira,sofia.pereira525@outlook.com,CTY-MAD,esp,2024-06-05,PLAN-PAYG,true,active,1984
I,2026-04-01T00:00:00Z,RD-002361,OP-001,Pablo,Bernard,pablo.bernard161@correo.es,CTY-MAD,esp,2025-01-21,PLAN-PAYG,false,active,1982
I,2026-04-01T00:00:00Z,RD-002362,OP-001,Camille,Almeida,camille.almeida131@correo.es,CTY-MAD,esp,2024-06-18,PLAN-PAYG,true,active,1980
I,2026-04-01T00:00:00Z,RD-002363,OP-001,Joan,Costa,joan.costa463@mail.com,CTY-MAD,esp,2025-04-24,PLAN-PAYG,true,active,2004
I,2026-04-01T00:00:00Z,RD-002364,OP-001,Oskar,Bernard,oskar.bernard846@gmx.de,CTY-MAD,esp,2024-02-14,PLAN-PAYG,true,active,1994
I,2026-04-01T00:00:00Z,RD-002365,OP-001,Nadia,Garcia,nadia.garcia413@proton.me,CTY-MAD,esp,2025-02-26,PLAN-PAYG,true,active,1973
I,2026-04-01T00:00:00Z,RD-002366,OP-001,Nora,Haddad,nora.haddad567@gmx.de,CTY-MAD,esp,2025-06-23,PLAN-COMMUTE,false,active,2002
I,2026-04-01T00:00:00Z,RD-002367,OP-001,Rui,Ferrer,rui.ferrer819@correo.es,CTY-MAD,esp,2025-01-25,PLAN-PAYG,false,active,1970
I,2026-04-01T00:00:00Z,RD-002369,OP-001,Aina,Serra,aina.serra711@outlook.com,CTY-MAD,esp,2024-09-22,PLAN-PAYG,false,active,1974
I,2026-04-01T00:00:00Z,RD-002370,OP-001,Thomas,Lopez,thomas.lopez241@proton.me,CTY-MAD,esp,2025-04-17,PLAN-PAYG,false,active,1964
I,2026-04-01T00:00:00Z,RD-002373,OP-001,Beatriz,Pereira,beatriz.pereira26@gmx.de,CTY-MAD,esp,2024-03-28,PLAN-PAYG,true,active,1994
I,2026-04-01T00:00:00Z,RD-002374,OP-001,Beatriz,Conti,beatriz.conti835@outlook.com,CTY-MAD,esp,2024-04-14,PLAN-STUDENT,true,active,2008
I,2026-04-01T00:00:00Z,RD-002375,OP-001,Elin,Almeida,elin.almeida614@correo.es,CTY-MAD,esp,2025-11-23,PLAN-UNLIMITED,false,active,1988
I,2026-04-01T00:00:00Z,RD-002376,OP-001,Tiago,Roux,tiago.roux297@mail.com,CTY-MAD,esp,2024-08-04,PLAN-TOURIST,true,active,1978
I,2026-04-01T00:00:00Z,RD-002377,OP-001,Lucia,Berg,lucia.berg72@outlook.com,CTY-MAD,esp,2026-02-12,PLAN-PAYG,true,active,1981
I,2026-04-01T00:00:00Z,RD-002378,OP-001,Marta,Silva,marta.silva721@correo.es,CTY-MAD,esp,2025-12-15,PLAN-PAYG,true,active,1990
I,2026-04-01T00:00:00Z,RD-002379,OP-001,Karim,Haddad,karim.haddad320@proton.me,CTY-MAD,esp,2024-11-13,PLAN-PAYG,false,active,1988
I,2026-04-01T00:00:00Z,RD-002380,OP-001,Marta,Haddad,marta.haddad49@proton.me,CTY-MAD,esp,2026-03-22,PLAN-PAYG,false,active,2004
I,2026-04-01T00:00:00Z,RD-002381,OP-001,Yasmin,Bernard,yasmin.bernard71@mail.com,CTY-MAD,esp,2024-08-05,PLAN-PAYG,false,active,1984
I,2026-04-01T00:00:00Z,RD-002382,OP-001,Manon,Almeida,manon.almeida129@correo.es,CTY-MAD,esp,2025-04-30,PLAN-PAYG,false,active,2000
I,2026-04-01T00:00:00Z,RD-002383,OP-001,Sofia,Fischer,sofia.fischer275@mail.com,CTY-MAD,esp,2026-01-13,PLAN-PAYG,false,active,1978
I,2026-04-01T00:00:00Z,RD-002384,OP-001,Sofia,Benali,sofia.benali944@outlook.com,CTY-MAD,esp,2025-09-20,PLAN-PAYG,true,active,1977
I,2026-04-01T00:00:00Z,RD-002385,OP-001,Rui,Moreno,rui.moreno766@outlook.com,CTY-MAD,esp,2025-02-06,PLAN-PAYG,true,active,2002
I,2026-04-01T00:00:00Z,RD-002387,OP-001,Oskar,Lindqvist,oskar.lindqvist662@outlook.com,CTY-MAD,esp,2025-12-20,PLAN-PAYG,false,active,1987
I,2026-04-01T00:00:00Z,RD-002388,OP-001,Ivan,Lopez,ivan.lopez84@mail.com,CTY-MAD,esp,2024-02-07,PLAN-TOURIST,false,active,2003
I,2026-04-01T00:00:00Z,RD-002389,OP-001,Elin,Nilsson,elin.nilsson170@gmx.de,CTY-MAD,esp,2024-04-06,PLAN-PAYG,true,active,1986
I,2026-04-01T00:00:00Z,RD-002390,OP-001,Omar,Nilsson,omar.nilsson452@gmx.de,CTY-MAD,esp,2024-10-14,PLAN-CORP,false,active,1991
I,2026-04-01T00:00:00Z,RD-002391,OP-001,Rui,Nilsson,rui.nilsson794@outlook.com,CTY-MAD,esp,2025-01-22,PLAN-STUDENT,false,active,1994
I,2026-04-01T00:00:00Z,RD-002392,OP-001,Sofia,Bernard,sofia.bernard920@correo.es,CTY-MAD,esp,2024-01-13,PLAN-PAYG,true,active,1963
I,2026-04-01T00:00:00Z,RD-002393,OP-001,Joan,Dubois,joan.dubois772@mail.com,CTY-MAD,esp,2024-01-05,PLAN-PAYG,true,active,2003
I,2026-04-01T00:00:00Z,RD-002394,OP-001,Emil,Silva,emil.silva610@correo.es,CTY-MAD,esp,2024-11-13,PLAN-STUDENT,true,active,1990
I,2026-04-01T00:00:00Z,RD-002395,OP-001,Ines,Moreno,ines.moreno453@mail.com,CTY-MAD,esp,2024-03-16,PLAN-COMMUTE,false,active,1965
I,2026-04-01T00:00:00Z,RD-002396,OP-001,Joan,Berg,joan.berg945@mail.com,CTY-MAD,esp,2024-06-23,PLAN-PAYG,false,active,1967
I,2026-04-01T00:00:00Z,RD-002397,OP-001,Antoine,Costa,antoine.costa434@proton.me,CTY-MAD,esp,2025-08-29,PLAN-PAYG,true,active,1976
I,2026-04-01T00:00:00Z,RD-002398,OP-001,Louis,Kowalski,louis.kowalski579@proton.me,CTY-MAD,esp,2025-11-10,PLAN-TOURIST,false,active,1985
I,2026-04-01T00:00:00Z,RD-002399,OP-001,Hugo,Lindqvist,hugo.lindqvist492@mail.com,CTY-MAD,esp,2024-04-21,PLAN-STUDENT,true,active,1985
I,2026-04-01T00:00:00Z,RD-002400,OP-001,Ivan,Garcia,ivan.garcia57@gmx.de,CTY-MAD,esp,2026-02-14,PLAN-COMMUTE,true,active,1986
I,2026-04-01T00:00:00Z,RD-002401,OP-001,Camille,Almeida,camille.almeida737@proton.me,CTY-MAD,esp,2024-08-07,PLAN-COMMUTE,false,active,2003
I,2026-04-01T00:00:00Z,RD-002402,OP-001,Yasmin,Dubois,yasmin.dubois222@outlook.com,CTY-MAD,esp,2025-04-10,PLAN-UNLIMITED,false,active,2006
I,2026-04-01T00:00:00Z,RD-002403,OP-001,Omar,Vidal,omar.vidal735@correo.es,CTY-MAD,esp,2025-05-22,PLAN-UNLIMITED,true,active,1997
I,2026-04-01T00:00:00Z,RD-002404,OP-001,Yasmin,Costa,yasmin.costa879@gmx.de,CTY-MAD,esp,2025-01-20,PLAN-TOURIST,true,active,2001
I,2026-04-01T00:00:00Z,RD-002405,OP-001,Aina,Martin,aina.martin567@proton.me,CTY-MAD,esp,2025-02-01,PLAN-COMMUTE,false,active,2006
I,2026-04-01T00:00:00Z,RD-002406,OP-001,Lucia,Lindqvist,lucia.lindqvist811@mail.com,CTY-MAD,esp,2024-07-24,PLAN-UNLIMITED,false,active,2000
I,2026-04-01T00:00:00Z,RD-002407,OP-001,Freja,Dubois,freja.dubois7@gmx.de,CTY-MAD,esp,2025-03-16,PLAN-PAYG,true,active,1992
I,2026-04-01T00:00:00Z,RD-002408,OP-001,Karim,Lindqvist,karim.lindqvist623@correo.es,CTY-MAD,esp,2025-04-18,PLAN-PAYG,true,active,1986
I,2026-04-01T00:00:00Z,RD-002409,OP-001,Aina,Silva,aina.silva831@outlook.com,CTY-MAD,esp,2025-12-15,PLAN-COMMUTE,true,active,1985
I,2026-04-01T00:00:00Z,RD-002410,OP-001,Manon,Berg,manon.berg214@outlook.com,CTY-MAD,esp,2025-02-14,PLAN-PAYG,false,active,1962
I,2026-04-01T00:00:00Z,RD-002411,OP-001,Pablo,Nilsson,pablo.nilsson662@gmx.de,CTY-MAD,esp,2025-10-05,PLAN-PAYG,true,active,1976
I,2026-04-01T00:00:00Z,RD-002412,OP-001,Rui,Rossi,rui.rossi136@proton.me,CTY-MAD,esp,2025-11-08,PLAN-COMMUTE,true,active,2008
I,2026-04-01T00:00:00Z,RD-002413,OP-001,Tiago,Almeida,tiago.almeida598@correo.es,CTY-MAD,esp,2026-02-04,PLAN-PAYG,true,active,2000
I,2026-04-01T00:00:00Z,RD-002414,OP-001,Yasmin,Novak,yasmin.novak637@correo.es,CTY-MAD,esp,2024-01-25,PLAN-PAYG,true,active,1962
I,2026-04-01T00:00:00Z,RD-002415,OP-001,Joan,Kowalski,joan.kowalski839@mail.com,CTY-MAD,esp,2026-03-26,PLAN-COMMUTE,true,active,1967
I,2026-04-01T00:00:00Z,RD-002416,OP-001,Yasmin,Silva,yasmin.silva73@outlook.com,CTY-MAD,esp,2025-03-01,PLAN-PAYG,false,active,1978
I,2026-04-01T00:00:00Z,RD-002417,OP-001,Manon,Conti,manon.conti84@correo.es,CTY-MAD,esp,2025-06-10,PLAN-CORP,true,active,1962
I,2026-04-01T00:00:00Z,RD-002418,OP-001,Joan,Kowalski,joan.kowalski144@correo.es,CTY-MAD,esp,2025-06-08,PLAN-PAYG,false,active,2004
I,2026-04-01T00:00:00Z,RD-002419,OP-001,Freja,Haddad,freja.haddad697@outlook.com,CTY-MAD,esp,2026-02-21,PLAN-UNLIMITED,false,active,1970
I,2026-04-01T00:00:00Z,RD-002420,OP-001,Nora,Kowalski,nora.kowalski63@gmx.de,CTY-MAD,esp,2024-03-16,PLAN-COMMUTE,true,active,1993
I,2026-04-01T00:00:00Z,RD-002421,OP-001,Louis,Dubois,louis.dubois644@proton.me,CTY-MAD,esp,2024-09-07,PLAN-UNLIMITED,false,active,1982
I,2026-04-01T00:00:00Z,RD-002422,OP-001,Thomas,Pereira,thomas.pereira130@mail.com,CTY-MAD,esp,2024-05-21,PLAN-COMMUTE,true,active,1970
I,2026-04-01T00:00:00Z,RD-002423,OP-001,Marta,Pereira,marta.pereira539@proton.me,CTY-MAD,esp,2024-03-24,PLAN-STUDENT,true,active,1992
I,2026-04-01T00:00:00Z,RD-002424,OP-001,Freja,Lopez,freja.lopez999@correo.es,CTY-MAD,esp,2025-10-04,PLAN-STUDENT,true,active,1974
I,2026-04-01T00:00:00Z,RD-002425,OP-001,Nils,Berg,nils.berg643@proton.me,CTY-MAD,esp,2025-12-07,PLAN-COMMUTE,false,active,1994
I,2026-04-01T00:00:00Z,RD-002426,OP-001,Nora,Silva,nora.silva606@mail.com,CTY-MAD,esp,2025-09-16,PLAN-PAYG,false,active,1989
I,2026-04-01T00:00:00Z,RD-002427,OP-001,Sofia,Garcia,sofia.garcia231@outlook.com,CTY-MAD,esp,2024-05-30,PLAN-COMMUTE,true,active,2004
I,2026-04-01T00:00:00Z,RD-002428,OP-001,Hugo,Silva,hugo.silva153@proton.me,CTY-MAD,esp,2025-06-30,PLAN-STUDENT,true,active,1973
I,2026-04-01T00:00:00Z,RD-002429,OP-001,Freja,Benali,freja.benali267@outlook.com,CTY-MAD,esp,2025-08-20,PLAN-STUDENT,false,active,1972
I,2026-04-01T00:00:00Z,RD-002430,OP-001,Omar,Serra,omar.serra425@gmx.de,CTY-MAD,esp,2025-09-21,PLAN-PAYG,false,active,1977
I,2026-04-01T00:00:00Z,RD-002431,OP-001,Antoine,Conti,antoine.conti721@outlook.com,CTY-MAD,esp,2026-02-24,PLAN-PAYG,true,active,1969
I,2026-04-01T00:00:00Z,RD-002432,OP-001,Lucia,Nilsson,lucia.nilsson227@mail.com,CTY-MAD,esp,2024-08-15,PLAN-PAYG,true,active,2000
I,2026-04-01T00:00:00Z,RD-002433,OP-001,Chloe,Bernard,chloe.bernard512@proton.me,CTY-MAD,esp,2025-07-29,PLAN-PAYG,false,active,1982
I,2026-04-01T00:00:00Z,RD-002434,OP-001,Chloe,Costa,chloe.costa801@mail.com,CTY-MAD,esp,2025-11-06,PLAN-COMMUTE,false,active,2006
I,2026-04-01T00:00:00Z,RD-002435,OP-001,Nadia,Serra,nadia.serra491@outlook.com,CTY-MAD,esp,2025-06-27,PLAN-PAYG,false,active,1998
I,2026-04-01T00:00:00Z,RD-002436,OP-001,Pablo,Rossi,pablo.rossi748@gmx.de,CTY-MAD,esp,2025-12-31,PLAN-CORP,true,active,1991
I,2026-04-01T00:00:00Z,RD-002437,OP-001,Hugo,Moreno,hugo.moreno990@proton.me,CTY-MAD,esp,2026-01-11,PLAN-PAYG,true,active,1975
I,2026-04-01T00:00:00Z,RD-002438,OP-001,Aina,Andersson,aina.andersson75@outlook.com,CTY-MAD,esp,2024-10-31,PLAN-STUDENT,true,active,2001
I,2026-04-01T00:00:00Z,RD-002439,OP-001,Elin,Costa,elin.costa582@proton.me,CTY-MAD,esp,2025-08-26,PLAN-PAYG,true,active,2008
I,2026-04-01T00:00:00Z,RD-002440,OP-001,Astrid,Fischer,astrid.fischer851@gmx.de,CTY-MAD,esp,2025-09-08,PLAN-TOURIST,false,active,1984
I,2026-04-01T00:00:00Z,RD-002442,OP-001,Lucia,Lopez,lucia.lopez222@proton.me,CTY-MAD,esp,2025-11-22,PLAN-CORP,false,active,1962
I,2026-04-01T00:00:00Z,RD-002443,OP-001,Nora,Rossi,nora.rossi985@gmx.de,CTY-MAD,esp,2024-05-31,PLAN-PAYG,false,active,1989
I,2026-04-01T00:00:00Z,RD-002444,OP-001,Pablo,Moreno,pablo.moreno299@correo.es,CTY-MAD,esp,2025-07-22,PLAN-PAYG,true,active,1962
I,2026-04-01T00:00:00Z,RD-002445,OP-001,Tiago,Ferrer,tiago.ferrer33@outlook.com,CTY-MAD,esp,2024-09-12,PLAN-COMMUTE,true,active,2002
I,2026-04-01T00:00:00Z,RD-002446,OP-001,Sofia,Novak,sofia.novak478@correo.es,CTY-MAD,esp,2025-06-07,PLAN-CORP,true,active,1969
I,2026-04-01T00:00:00Z,RD-002447,OP-001,Joan,Martin,joan.martin538@correo.es,CTY-MAD,esp,2025-06-18,PLAN-PAYG,false,active,1976
I,2026-04-01T00:00:00Z,RD-002448,OP-001,Chloe,Pereira,chloe.pereira942@gmx.de,CTY-MAD,esp,2026-02-19,PLAN-PAYG,true,active,1973
I,2026-04-01T00:00:00Z,RD-002449,OP-001,Marta,Martin,marta.martin632@proton.me,CTY-MAD,esp,2024-03-06,PLAN-STUDENT,false,active,1970
I,2026-04-01T00:00:00Z,RD-002450,OP-001,Tiago,Martin,tiago.martin72@proton.me,CTY-MAD,esp,2025-11-20,PLAN-COMMUTE,true,active,1993
I,2026-04-01T00:00:00Z,RD-002451,OP-001,Rui,Rossi,rui.rossi645@proton.me,CTY-MAD,esp,2024-08-02,PLAN-PAYG,true,active,2001
I,2026-04-01T00:00:00Z,RD-002452,OP-001,Thomas,Conti,thomas.conti94@mail.com,CTY-MAD,esp,2024-12-05,PLAN-PAYG,false,active,1967
I,2026-04-01T00:00:00Z,RD-002453,OP-001,Joan,Bernard,joan.bernard706@outlook.com,CTY-MAD,esp,2024-11-06,PLAN-COMMUTE,true,active,1970
I,2026-04-01T00:00:00Z,RD-002454,OP-001,Nils,Serra,nils.serra14@correo.es,CTY-MAD,esp,2024-02-18,PLAN-PAYG,false,active,1970
I,2026-04-01T00:00:00Z,RD-002455,OP-001,Aina,Lindqvist,aina.lindqvist764@outlook.com,CTY-MAD,esp,2024-06-06,PLAN-PAYG,true,active,2004
I,2026-04-01T00:00:00Z,RD-002457,OP-001,Antoine,Andersson,antoine.andersson786@outlook.com,CTY-MAD,esp,2025-03-21,PLAN-PAYG,true,active,2000
I,2026-04-01T00:00:00Z,RD-002458,OP-001,Pablo,Pereira,pablo.pereira127@proton.me,CTY-MAD,esp,2024-08-14,PLAN-STUDENT,false,active,2001
I,2026-04-01T00:00:00Z,RD-002459,OP-001,Freja,Roux,freja.roux313@mail.com,CTY-MAD,esp,2025-11-23,PLAN-PAYG,true,active,1978
I,2026-04-01T00:00:00Z,RD-002460,OP-001,Oskar,Berg,oskar.berg966@mail.com,CTY-MAD,esp,2024-03-06,PLAN-PAYG,false,active,1987
I,2026-04-01T00:00:00Z,RD-002461,OP-001,Sofia,Haddad,sofia.haddad703@outlook.com,CTY-MAD,esp,2024-02-01,PLAN-PAYG,false,active,1997
I,2026-04-01T00:00:00Z,RD-002462,OP-001,Marta,Moreno,marta.moreno98@proton.me,CTY-MAD,esp,2025-11-02,PLAN-PAYG,true,active,1999
I,2026-04-01T00:00:00Z,RD-002463,OP-001,Nils,Rossi,nils.rossi601@correo.es,CTY-MAD,esp,2024-01-04,PLAN-PAYG,true,active,1984
I,2026-04-01T00:00:00Z,RD-002464,OP-001,Marta,Silva,marta.silva625@proton.me,CTY-MAD,esp,2025-10-31,PLAN-COMMUTE,false,active,1968
I,2026-04-01T00:00:00Z,RD-002465,OP-001,Thomas,Conti,thomas.conti338@correo.es,CTY-MAD,esp,2024-05-05,PLAN-COMMUTE,false,active,1972
I,2026-04-01T00:00:00Z,RD-002466,OP-001,Chloe,Lindqvist,chloe.lindqvist677@outlook.com,CTY-MAD,esp,2024-05-16,PLAN-UNLIMITED,false,active,1994
I,2026-04-01T00:00:00Z,RD-002467,OP-001,Yasmin,Roux,yasmin.roux664@proton.me,CTY-MAD,esp,2025-04-11,PLAN-COMMUTE,true,active,1984
I,2026-04-01T00:00:00Z,RD-002468,OP-001,Omar,Berg,omar.berg872@gmx.de,CTY-MAD,esp,2025-12-17,PLAN-PAYG,false,active,1973
I,2026-04-01T00:00:00Z,RD-002469,OP-001,Elin,Conti,elin.conti611@gmx.de,CTY-MAD,esp,2024-07-22,PLAN-PAYG,true,active,1967
I,2026-04-01T00:00:00Z,RD-002471,OP-001,Astrid,Dubois,astrid.dubois552@correo.es,CTY-MAD,esp,2025-07-19,PLAN-PAYG,true,active,1967
I,2026-04-01T00:00:00Z,RD-002472,OP-001,Astrid,Berg,astrid.berg993@correo.es,CTY-MAD,esp,2024-01-20,PLAN-PAYG,false,active,1996
I,2026-04-01T00:00:00Z,RD-002473,OP-001,Nadia,Fischer,nadia.fischer778@outlook.com,CTY-MAD,esp,2025-12-24,PLAN-PAYG,false,active,1966
I,2026-04-01T00:00:00Z,RD-002474,OP-001,Antoine,Nilsson,antoine.nilsson183@outlook.com,CTY-MAD,esp,2024-05-14,PLAN-TOURIST,true,active,1985
I,2026-04-01T00:00:00Z,RD-002475,OP-001,Chloe,Silva,chloe.silva303@gmx.de,CTY-MAD,esp,2026-02-25,PLAN-COMMUTE,true,active,1964
I,2026-04-01T00:00:00Z,RD-002476,OP-001,Elin,Conti,elin.conti417@proton.me,CTY-MAD,esp,2025-07-31,PLAN-PAYG,false,active,2000
I,2026-04-01T00:00:00Z,RD-002477,OP-001,Rui,Lopez,rui.lopez805@proton.me,CTY-MAD,esp,2024-07-11,PLAN-TOURIST,true,active,1963
I,2026-04-01T00:00:00Z,RD-002478,OP-001,Chloe,Nilsson,chloe.nilsson422@correo.es,CTY-MAD,esp,2025-04-23,PLAN-PAYG,false,active,1982
I,2026-04-01T00:00:00Z,RD-002479,OP-001,Manon,Kowalski,manon.kowalski1@outlook.com,CTY-MAD,esp,2025-02-02,PLAN-COMMUTE,false,active,1995
I,2026-04-01T00:00:00Z,RD-002480,OP-001,Beatriz,Dubois,beatriz.dubois818@mail.com,CTY-MAD,esp,2024-02-09,PLAN-UNLIMITED,true,active,1973
I,2026-04-01T00:00:00Z,RD-002481,OP-001,Pablo,Weber,pablo.weber727@outlook.com,CTY-MAD,esp,2025-01-23,PLAN-COMMUTE,false,active,1965
I,2026-04-01T00:00:00Z,RD-002482,OP-001,Marta,Bernard,marta.bernard444@mail.com,CTY-MAD,esp,2025-04-14,PLAN-PAYG,true,active,1962
I,2026-04-01T00:00:00Z,RD-002483,OP-001,Louis,Martin,louis.martin759@mail.com,CTY-MAD,esp,2024-04-18,PLAN-COMMUTE,false,active,1998
I,2026-04-01T00:00:00Z,RD-002484,OP-001,Nadia,Benali,nadia.benali649@gmx.de,CTY-MAD,esp,2024-04-17,PLAN-COMMUTE,true,active,1976
I,2026-04-01T00:00:00Z,RD-002485,OP-001,Nora,Bernard,nora.bernard554@outlook.com,CTY-MAD,esp,2026-02-05,PLAN-COMMUTE,true,active,1994
I,2026-04-01T00:00:00Z,RD-002486,OP-001,Oskar,Conti,oskar.conti882@outlook.com,CTY-MAD,esp,2025-07-28,PLAN-PAYG,true,active,1996
I,2026-04-01T00:00:00Z,RD-002487,OP-001,Manon,Weber,manon.weber993@outlook.com,CTY-MAD,esp,2024-08-28,PLAN-PAYG,true,active,1965
I,2026-04-01T00:00:00Z,RD-002488,OP-001,Chloe,Haddad,chloe.haddad482@correo.es,CTY-MAD,esp,2024-01-05,PLAN-PAYG,false,active,2001
I,2026-04-01T00:00:00Z,RD-002489,OP-001,Beatriz,Benali,beatriz.benali670@gmx.de,CTY-MAD,esp,2026-01-15,PLAN-COMMUTE,false,active,1991
I,2026-04-01T00:00:00Z,RD-002491,OP-001,Freja,Haddad,freja.haddad762@proton.me,CTY-MAD,esp,2024-06-23,PLAN-PAYG,false,active,1980
I,2026-04-01T00:00:00Z,RD-002492,OP-001,Camille,Lindqvist,camille.lindqvist851@gmx.de,CTY-MAD,esp,2025-04-07,PLAN-TOURIST,true,active,2006
I,2026-04-01T00:00:00Z,RD-002493,OP-001,Freja,Garcia,freja.garcia266@correo.es,CTY-MAD,esp,2026-01-21,PLAN-PAYG,true,active,2001
I,2026-04-01T00:00:00Z,RD-002494,OP-001,Ines,Silva,ines.silva728@outlook.com,CTY-MAD,esp,2025-10-14,PLAN-COMMUTE,false,active,2000
I,2026-04-01T00:00:00Z,RD-002495,OP-001,Chloe,Fischer,chloe.fischer373@outlook.com,CTY-MAD,esp,2025-03-15,PLAN-UNLIMITED,false,active,1994
I,2026-04-01T00:00:00Z,RD-002496,OP-001,Manon,Lindqvist,manon.lindqvist338@proton.me,CTY-MAD,esp,2025-05-23,PLAN-COMMUTE,true,active,1986
I,2026-04-01T00:00:00Z,RD-002498,OP-001,Nora,Ferrer,nora.ferrer687@mail.com,CTY-MAD,esp,2025-10-29,PLAN-STUDENT,false,active,1991
I,2026-04-01T00:00:00Z,RD-002499,OP-001,Freja,Moreno,freja.moreno653@correo.es,CTY-MAD,esp,2025-12-03,PLAN-PAYG,true,active,2003
I,2026-04-01T00:00:00Z,RD-002500,OP-001,Camille,Garcia,camille.garcia224@proton.me,CTY-MAD,esp,2025-07-01,PLAN-COMMUTE,true,active,1974
I,2026-04-01T00:00:00Z,RD-002501,OP-001,Nora,Rossi,nora.rossi290@mail.com,CTY-MAD,esp,2024-11-25,PLAN-PAYG,true,active,1988
I,2026-04-01T00:00:00Z,RD-002502,OP-001,Beatriz,Haddad,beatriz.haddad977@outlook.com,CTY-MAD,esp,2024-05-13,PLAN-PAYG,true,active,2008
I,2026-04-01T00:00:00Z,RD-002503,OP-001,Hugo,Lindqvist,hugo.lindqvist953@proton.me,CTY-MAD,esp,2024-05-21,PLAN-PAYG,true,active,1991
I,2026-04-01T00:00:00Z,RD-002504,OP-001,Ivan,Silva,ivan.silva339@mail.com,CTY-MAD,esp,2025-12-28,PLAN-PAYG,false,active,1971
I,2026-04-01T00:00:00Z,RD-002505,OP-001,Sofia,Benali,sofia.benali144@correo.es,CTY-MAD,esp,2024-07-11,PLAN-PAYG,false,active,1993
I,2026-04-01T00:00:00Z,RD-002506,OP-001,Lucia,Nilsson,lucia.nilsson338@mail.com,CTY-MAD,esp,2025-09-19,PLAN-COMMUTE,false,active,1982
I,2026-04-01T00:00:00Z,RD-002507,OP-001,Oskar,Costa,oskar.costa936@correo.es,CTY-MAD,esp,2024-02-12,PLAN-PAYG,false,active,1969
I,2026-04-01T00:00:00Z,RD-002508,OP-001,Emil,Berg,emil.berg998@gmx.de,CTY-MAD,esp,2025-03-04,PLAN-PAYG,false,active,1998
I,2026-04-01T00:00:00Z,RD-002509,OP-001,Sofia,Fischer,sofia.fischer114@correo.es,CTY-MAD,esp,2025-02-05,PLAN-PAYG,true,active,2004
I,2026-04-01T00:00:00Z,RD-002510,OP-001,Rui,Lopez,rui.lopez490@mail.com,CTY-MAD,esp,2024-05-31,PLAN-STUDENT,false,active,1963
I,2026-04-01T00:00:00Z,RD-002511,OP-001,Astrid,Conti,astrid.conti173@correo.es,CTY-MAD,esp,2024-06-06,PLAN-UNLIMITED,true,active,2003
I,2026-04-01T00:00:00Z,RD-002512,OP-001,Chloe,Novak,chloe.novak304@gmx.de,CTY-MAD,esp,2025-01-30,PLAN-PAYG,false,active,1977
I,2026-04-01T00:00:00Z,RD-002513,OP-001,Louis,Garcia,louis.garcia379@gmx.de,CTY-MAD,esp,2025-01-14,PLAN-STUDENT,false,active,1999
I,2026-04-01T00:00:00Z,RD-002514,OP-001,Elin,Ferrer,elin.ferrer218@gmx.de,CTY-MAD,esp,2025-02-21,PLAN-PAYG,false,active,1993
I,2026-04-01T00:00:00Z,RD-002517,OP-001,Louis,Pereira,louis.pereira183@correo.es,CTY-MAD,esp,2025-06-16,PLAN-PAYG,false,active,2008
I,2026-04-01T00:00:00Z,RD-002518,OP-001,Louis,Vidal,louis.vidal912@outlook.com,CTY-MAD,esp,2025-03-10,PLAN-PAYG,true,active,1971
I,2026-04-01T00:00:00Z,RD-002519,OP-001,Joan,Haddad,joan.haddad693@mail.com,CTY-MAD,esp,2024-12-11,PLAN-PAYG,false,active,2000
I,2026-04-01T00:00:00Z,RD-002520,OP-001,Joan,Pereira,joan.pereira25@mail.com,CTY-MAD,esp,2025-04-18,PLAN-CORP,true,active,1973
I,2026-04-01T00:00:00Z,RD-002522,OP-001,Nils,Benali,nils.benali935@mail.com,CTY-MAD,esp,2024-06-16,PLAN-PAYG,true,active,1997
I,2026-04-01T00:00:00Z,RD-002523,OP-001,Camille,Andersson,camille.andersson703@correo.es,CTY-MAD,esp,2026-02-12,PLAN-COMMUTE,true,active,2000
I,2026-04-01T00:00:00Z,RD-002524,OP-001,Hugo,Haddad,hugo.haddad665@outlook.com,CTY-MAD,esp,2026-03-12,PLAN-PAYG,true,active,1983
I,2026-04-01T00:00:00Z,RD-002525,OP-001,Ivan,Garcia,ivan.garcia178@proton.me,CTY-MAD,esp,2024-06-12,PLAN-PAYG,true,active,1997
I,2026-04-01T00:00:00Z,RD-002526,OP-001,Aina,Vidal,aina.vidal475@proton.me,CTY-MAD,esp,2025-10-30,PLAN-COMMUTE,true,active,1991
I,2026-04-01T00:00:00Z,RD-002527,OP-001,Manon,Ferrer,manon.ferrer574@gmx.de,CTY-MAD,esp,2025-09-27,PLAN-PAYG,false,active,1972
I,2026-04-01T00:00:00Z,RD-002528,OP-001,Nadia,Roux,nadia.roux410@correo.es,CTY-MAD,esp,2024-03-04,PLAN-PAYG,true,active,1967
I,2026-04-01T00:00:00Z,RD-002529,OP-001,Hugo,Pereira,hugo.pereira55@gmx.de,CTY-MAD,esp,2025-07-20,PLAN-PAYG,false,active,1985
I,2026-04-01T00:00:00Z,RD-002530,OP-001,Ines,Haddad,ines.haddad903@gmx.de,CTY-MAD,esp,2026-01-28,PLAN-PAYG,true,active,1998
I,2026-04-01T00:00:00Z,RD-002531,OP-001,Nils,Rossi,nils.rossi437@gmx.de,CTY-MAD,esp,2025-10-24,PLAN-PAYG,false,active,1983
I,2026-04-01T00:00:00Z,RD-002532,OP-001,Hugo,Costa,hugo.costa564@proton.me,CTY-MAD,esp,2025-04-08,PLAN-COMMUTE,false,active,1993
I,2026-04-01T00:00:00Z,RD-002533,OP-001,Tiago,Roux,tiago.roux4@outlook.com,CTY-MAD,esp,2025-03-28,PLAN-PAYG,false,active,1992
I,2026-04-01T00:00:00Z,RD-002534,OP-001,Astrid,Dubois,astrid.dubois445@mail.com,CTY-MAD,esp,2024-02-24,PLAN-PAYG,false,active,1971
I,2026-04-01T00:00:00Z,RD-002535,OP-001,Tiago,Nilsson,tiago.nilsson63@outlook.com,CTY-MAD,esp,2025-06-18,PLAN-PAYG,true,active,1987
I,2026-04-01T00:00:00Z,RD-002536,OP-001,Louis,Conti,louis.conti775@proton.me,CTY-MAD,esp,2025-10-21,PLAN-PAYG,false,active,1963
I,2026-04-01T00:00:00Z,RD-002537,OP-001,Marta,Silva,marta.silva77@outlook.com,CTY-MAD,esp,2025-05-19,PLAN-CORP,true,active,1983
I,2026-04-01T00:00:00Z,RD-002538,OP-001,Freja,Conti,freja.conti528@mail.com,CTY-MAD,esp,2025-07-09,PLAN-STUDENT,true,active,2006
I,2026-04-01T00:00:00Z,RD-002539,OP-001,Yasmin,Novak,yasmin.novak484@outlook.com,CTY-MAD,esp,2024-11-08,PLAN-STUDENT,true,active,1971
I,2026-04-01T00:00:00Z,RD-002540,OP-001,Astrid,Haddad,astrid.haddad902@correo.es,CTY-MAD,esp,2024-05-06,PLAN-COMMUTE,false,active,1970
I,2026-04-01T00:00:00Z,RD-002541,OP-001,Tiago,Kowalski,tiago.kowalski689@gmx.de,CTY-MAD,esp,2025-01-17,PLAN-PAYG,false,active,1963
I,2026-04-01T00:00:00Z,RD-002542,OP-001,Lucia,Haddad,lucia.haddad570@gmx.de,CTY-MAD,esp,2025-09-23,PLAN-PAYG,false,active,1962
I,2026-04-01T00:00:00Z,RD-002543,OP-001,Omar,Rossi,omar.rossi709@outlook.com,CTY-MAD,esp,2024-01-02,PLAN-COMMUTE,false,active,1993
I,2026-04-01T00:00:00Z,RD-002544,OP-001,Karim,Moreno,karim.moreno492@proton.me,CTY-MAD,esp,2024-02-10,PLAN-COMMUTE,true,active,1992
I,2026-04-01T00:00:00Z,RD-002545,OP-001,Yasmin,Nilsson,yasmin.nilsson231@proton.me,CTY-MAD,esp,2024-08-19,PLAN-TOURIST,false,active,2008
I,2026-04-01T00:00:00Z,RD-002546,OP-001,Astrid,Benali,astrid.benali156@gmx.de,CTY-MAD,esp,2025-12-17,PLAN-PAYG,true,active,1982
I,2026-04-01T00:00:00Z,RD-002548,OP-001,Yasmin,Moreno,yasmin.moreno371@mail.com,CTY-MAD,esp,2026-01-24,PLAN-COMMUTE,true,active,1985
I,2026-04-01T00:00:00Z,RD-002549,OP-001,Joan,Vidal,joan.vidal579@proton.me,CTY-MAD,esp,2024-10-22,PLAN-PAYG,true,active,2007
I,2026-04-01T00:00:00Z,RD-002550,OP-001,Louis,Benali,louis.benali13@correo.es,CTY-MAD,esp,2024-03-24,PLAN-COMMUTE,false,active,1985
I,2026-04-01T00:00:00Z,RD-002551,OP-001,Nadia,Benali,nadia.benali276@proton.me,CTY-MAD,esp,2025-04-29,PLAN-COMMUTE,false,active,2002
I,2026-04-01T00:00:00Z,RD-002552,OP-001,Ivan,Benali,ivan.benali888@proton.me,CTY-MAD,esp,2025-09-01,PLAN-COMMUTE,false,active,1972
I,2026-04-01T00:00:00Z,RD-002553,OP-001,Oskar,Vidal,oskar.vidal697@outlook.com,CTY-MAD,esp,2025-11-25,PLAN-COMMUTE,false,active,2004
I,2026-04-01T00:00:00Z,RD-002554,OP-001,Camille,Serra,camille.serra415@gmx.de,CTY-MAD,esp,2024-03-26,PLAN-PAYG,true,active,1990
I,2026-04-01T00:00:00Z,RD-002555,OP-001,Diego,Ferrer,diego.ferrer697@gmx.de,CTY-MAD,esp,2026-03-16,PLAN-PAYG,true,active,1977
I,2026-04-01T00:00:00Z,RD-002556,OP-001,Astrid,Weber,astrid.weber236@proton.me,CTY-MAD,esp,2026-02-24,PLAN-COMMUTE,false,active,1998
I,2026-04-01T00:00:00Z,RD-002557,OP-001,Manon,Fischer,manon.fischer389@outlook.com,CTY-MAD,esp,2025-04-03,PLAN-PAYG,false,active,1962
I,2026-04-01T00:00:00Z,RD-002558,OP-001,Yasmin,Bernard,yasmin.bernard786@mail.com,CTY-MAD,esp,2025-05-23,PLAN-STUDENT,false,active,1981
I,2026-04-01T00:00:00Z,RD-002559,OP-001,Rui,Kowalski,rui.kowalski534@gmx.de,CTY-MAD,esp,2025-01-06,PLAN-COMMUTE,false,active,1995
I,2026-04-01T00:00:00Z,RD-002560,OP-001,Ines,Lopez,ines.lopez627@mail.com,CTY-MAD,esp,2025-08-25,PLAN-PAYG,true,active,1983
I,2026-04-01T00:00:00Z,RD-002561,OP-001,Ines,Almeida,ines.almeida47@gmx.de,CTY-MAD,esp,2026-01-22,PLAN-PAYG,false,active,1983
I,2026-04-01T00:00:00Z,RD-002562,OP-001,Marta,Haddad,marta.haddad448@correo.es,CTY-MAD,esp,2025-07-25,PLAN-PAYG,false,active,1977
I,2026-04-01T00:00:00Z,RD-002563,OP-001,Elin,Vidal,elin.vidal606@mail.com,CTY-MAD,esp,2026-01-24,PLAN-PAYG,true,active,1967
I,2026-04-01T00:00:00Z,RD-002564,OP-001,Chloe,Ferrer,chloe.ferrer381@mail.com,CTY-MAD,esp,2025-06-14,PLAN-CORP,false,active,1988
I,2026-04-01T00:00:00Z,RD-002565,OP-001,Louis,Pereira,louis.pereira568@gmx.de,CTY-MAD,esp,2025-09-16,PLAN-COMMUTE,true,active,1966
I,2026-04-01T00:00:00Z,RD-002566,OP-001,Ivan,Costa,ivan.costa121@outlook.com,CTY-MAD,esp,2025-02-25,PLAN-COMMUTE,true,active,2004
I,2026-04-01T00:00:00Z,RD-002567,OP-001,Astrid,Conti,astrid.conti282@outlook.com,CTY-MAD,esp,2025-10-28,PLAN-PAYG,true,active,1971
I,2026-04-01T00:00:00Z,RD-002568,OP-001,Aina,Kowalski,aina.kowalski159@gmx.de,CTY-MAD,esp,2024-09-28,PLAN-COMMUTE,false,active,2004
I,2026-04-01T00:00:00Z,RD-002570,OP-001,Ines,Martin,ines.martin886@mail.com,CTY-MAD,esp,2025-07-15,PLAN-COMMUTE,true,active,1966
I,2026-04-01T00:00:00Z,RD-002571,OP-001,Karim,Weber,karim.weber996@gmx.de,CTY-MAD,esp,2025-04-26,PLAN-COMMUTE,false,active,1990
I,2026-04-01T00:00:00Z,RD-002572,OP-001,Diego,Almeida,diego.almeida598@correo.es,CTY-MAD,esp,2024-06-27,PLAN-UNLIMITED,true,active,1992
I,2026-04-01T00:00:00Z,RD-002573,OP-001,Thomas,Roux,thomas.roux486@correo.es,CTY-MAD,esp,2025-11-29,PLAN-PAYG,false,active,1967
I,2026-04-01T00:00:00Z,RD-002574,OP-001,Astrid,Serra,astrid.serra49@gmx.de,CTY-MAD,esp,2025-07-02,PLAN-PAYG,true,active,2001
I,2026-04-01T00:00:00Z,RD-002576,OP-001,Tiago,Bernard,tiago.bernard339@gmx.de,CTY-MAD,esp,2025-04-26,PLAN-PAYG,false,active,1990
I,2026-04-01T00:00:00Z,RD-002577,OP-001,Manon,Nilsson,manon.nilsson285@mail.com,CTY-MAD,esp,2024-08-29,PLAN-PAYG,true,active,2008
I,2026-04-01T00:00:00Z,RD-002578,OP-001,Omar,Haddad,omar.haddad426@mail.com,CTY-MAD,esp,2024-08-06,PLAN-COMMUTE,false,active,1973
I,2026-04-01T00:00:00Z,RD-002579,OP-001,Chloe,Dubois,chloe.dubois716@outlook.com,CTY-MAD,esp,2024-03-06,PLAN-PAYG,false,active,1977
I,2026-04-01T00:00:00Z,RD-002580,OP-001,Ines,Benali,ines.benali861@gmx.de,CTY-MAD,esp,2024-06-05,PLAN-STUDENT,false,active,1980
I,2026-04-01T00:00:00Z,RD-002581,OP-001,Emil,Benali,emil.benali808@gmx.de,CTY-MAD,esp,2026-01-06,PLAN-PAYG,true,active,1985
I,2026-04-01T00:00:00Z,RD-002582,OP-001,Nils,Roux,nils.roux723@correo.es,CTY-MAD,esp,2024-05-19,PLAN-COMMUTE,true,active,1965
I,2026-04-01T00:00:00Z,RD-002583,OP-001,Antoine,Dubois,antoine.dubois344@outlook.com,CTY-MAD,esp,2025-03-04,PLAN-PAYG,true,active,1982
I,2026-04-01T00:00:00Z,RD-002584,OP-001,Ivan,Moreno,ivan.moreno724@correo.es,CTY-MAD,esp,2024-05-14,PLAN-PAYG,false,active,1977
I,2026-04-01T00:00:00Z,RD-002585,OP-001,Ivan,Ferrer,ivan.ferrer984@correo.es,CTY-MAD,esp,2025-03-26,PLAN-STUDENT,false,active,1966
I,2026-04-01T00:00:00Z,RD-002586,OP-001,Tiago,Pereira,tiago.pereira292@gmx.de,CTY-MAD,esp,2024-06-14,PLAN-PAYG,false,active,1988
I,2026-04-01T00:00:00Z,RD-002587,OP-001,Nora,Lopez,nora.lopez134@mail.com,CTY-MAD,esp,2024-04-17,PLAN-PAYG,true,active,1993
I,2026-04-01T00:00:00Z,RD-002588,OP-001,Tiago,Serra,tiago.serra553@mail.com,CTY-MAD,esp,2025-05-14,PLAN-UNLIMITED,false,active,1966
I,2026-04-01T00:00:00Z,RD-002589,OP-001,Elin,Rossi,elin.rossi638@outlook.com,CTY-MAD,esp,2024-12-21,PLAN-PAYG,false,active,1986
I,2026-04-01T00:00:00Z,RD-002590,OP-001,Ivan,Costa,ivan.costa854@gmx.de,CTY-MAD,esp,2025-12-26,PLAN-PAYG,true,active,1972
I,2026-04-01T00:00:00Z,RD-002591,OP-001,Camille,Roux,camille.roux347@correo.es,CTY-MAD,esp,2024-06-29,PLAN-PAYG,true,active,2004
I,2026-04-01T00:00:00Z,RD-002592,OP-001,Ines,Rossi,ines.rossi599@mail.com,CTY-MAD,esp,2025-03-19,PLAN-UNLIMITED,false,active,2001
I,2026-04-01T00:00:00Z,RD-002593,OP-001,Sofia,Almeida,sofia.almeida621@outlook.com,CTY-MAD,esp,2026-01-01,PLAN-COMMUTE,true,active,1996
I,2026-04-01T00:00:00Z,RD-002595,OP-001,Aina,Ferrer,aina.ferrer226@correo.es,CTY-MAD,esp,2025-11-16,PLAN-STUDENT,false,active,1967
I,2026-04-01T00:00:00Z,RD-002596,OP-001,Antoine,Conti,antoine.conti215@correo.es,CTY-MAD,esp,2024-06-20,PLAN-UNLIMITED,true,active,1989
I,2026-04-01T00:00:00Z,RD-002597,OP-001,Freja,Bernard,freja.bernard130@proton.me,CTY-MAD,esp,2024-10-27,PLAN-UNLIMITED,false,active,1996
I,2026-04-01T00:00:00Z,RD-002598,OP-001,Freja,Vidal,freja.vidal720@gmx.de,CTY-MAD,esp,2025-07-08,PLAN-PAYG,true,active,1995
I,2026-04-01T00:00:00Z,RD-002599,OP-001,Astrid,Conti,astrid.conti740@correo.es,CTY-MAD,esp,2024-01-30,PLAN-PAYG,false,active,1990
I,2026-04-01T00:00:00Z,RD-002600,OP-001,Tiago,Lindqvist,tiago.lindqvist994@mail.com,CTY-MAD,esp,2025-03-24,PLAN-CORP,true,active,1988
I,2026-04-01T00:00:00Z,RD-002602,OP-001,Chloe,Costa,chloe.costa913@proton.me,CTY-MAD,esp,2024-12-16,PLAN-PAYG,true,active,1990
I,2026-04-01T00:00:00Z,RD-002603,OP-001,Emil,Novak,emil.novak58@gmx.de,CTY-MAD,esp,2024-02-07,PLAN-PAYG,false,active,1995
I,2026-04-01T00:00:00Z,RD-002604,OP-001,Oskar,Rossi,oskar.rossi63@correo.es,CTY-MAD,esp,2024-08-11,PLAN-COMMUTE,true,active,2002
I,2026-04-01T00:00:00Z,RD-002605,OP-001,Louis,Vidal,louis.vidal836@proton.me,CTY-MAD,esp,2024-12-18,PLAN-UNLIMITED,true,active,1981
I,2026-04-01T00:00:00Z,RD-002606,OP-001,Chloe,Serra,chloe.serra782@correo.es,CTY-MAD,esp,2024-02-12,PLAN-PAYG,false,active,1980
I,2026-04-01T00:00:00Z,RD-002607,OP-001,Omar,Pereira,omar.pereira809@correo.es,CTY-MAD,esp,2026-01-13,PLAN-TOURIST,false,active,1991
I,2026-04-01T00:00:00Z,RD-002608,OP-001,Camille,Ferrer,camille.ferrer426@proton.me,CTY-MAD,esp,2024-04-16,PLAN-TOURIST,true,active,1985
I,2026-04-01T00:00:00Z,RD-002609,OP-001,Antoine,Haddad,antoine.haddad885@gmx.de,CTY-MAD,esp,2026-03-14,PLAN-PAYG,false,active,1976
I,2026-04-01T00:00:00Z,RD-002611,OP-001,Ines,Kowalski,ines.kowalski765@proton.me,CTY-MAD,esp,2024-09-27,PLAN-PAYG,true,active,1975
I,2026-04-01T00:00:00Z,RD-002613,OP-001,Tiago,Dubois,tiago.dubois30@mail.com,CTY-MAD,esp,2025-03-24,PLAN-COMMUTE,false,active,1972
I,2026-04-01T00:00:00Z,RD-002614,OP-001,Ivan,Kowalski,ivan.kowalski597@outlook.com,CTY-MAD,esp,2024-11-16,PLAN-COMMUTE,false,active,1972
I,2026-04-01T00:00:00Z,RD-002615,OP-001,Nils,Berg,nils.berg25@outlook.com,CTY-MAD,esp,2025-02-26,PLAN-COMMUTE,true,active,1965
I,2026-04-01T00:00:00Z,RD-002616,OP-001,Lucia,Vidal,lucia.vidal231@correo.es,CTY-MAD,esp,2024-02-18,PLAN-COMMUTE,true,active,2006
I,2026-04-01T00:00:00Z,RD-002617,OP-001,Pablo,Lindqvist,pablo.lindqvist511@mail.com,CTY-MAD,esp,2025-05-31,PLAN-UNLIMITED,false,active,1971
I,2026-04-01T00:00:00Z,RD-002618,OP-001,Tiago,Lindqvist,tiago.lindqvist563@outlook.com,CTY-MAD,esp,2025-03-10,PLAN-PAYG,true,active,1964
I,2026-04-01T00:00:00Z,RD-002619,OP-001,Tiago,Kowalski,tiago.kowalski375@correo.es,CTY-MAD,esp,2024-04-29,PLAN-PAYG,false,active,1974
I,2026-04-01T00:00:00Z,RD-002620,OP-001,Elin,Almeida,elin.almeida652@proton.me,CTY-MAD,esp,2024-05-12,PLAN-PAYG,false,active,1966
I,2026-04-01T00:00:00Z,RD-002621,OP-001,Elin,Almeida,elin.almeida676@outlook.com,CTY-MAD,esp,2025-03-17,PLAN-PAYG,false,active,1984
I,2026-04-01T00:00:00Z,RD-002622,OP-001,Emil,Silva,emil.silva584@gmx.de,CTY-MAD,esp,2025-09-18,PLAN-TOURIST,true,active,1983
I,2026-04-01T00:00:00Z,RD-002623,OP-001,Elin,Novak,elin.novak397@correo.es,CTY-MAD,esp,2025-10-06,PLAN-COMMUTE,true,active,1990
I,2026-04-01T00:00:00Z,RD-002625,OP-001,Oskar,Serra,oskar.serra757@gmx.de,CTY-MAD,esp,2024-05-14,PLAN-PAYG,true,active,1991
I,2026-04-01T00:00:00Z,RD-002626,OP-001,Nadia,Kowalski,nadia.kowalski513@correo.es,CTY-MAD,esp,2025-10-22,PLAN-COMMUTE,true,active,1987
I,2026-04-01T00:00:00Z,RD-002627,OP-001,Camille,Silva,camille.silva625@correo.es,CTY-MAD,esp,2024-03-09,PLAN-PAYG,false,active,1993
I,2026-04-01T00:00:00Z,RD-002628,OP-001,Diego,Rossi,diego.rossi62@correo.es,CTY-MAD,esp,2024-06-01,PLAN-PAYG,true,active,1992
I,2026-04-01T00:00:00Z,RD-002629,OP-001,Camille,Almeida,camille.almeida475@correo.es,CTY-MAD,esp,2024-09-25,PLAN-PAYG,true,active,1981
I,2026-04-01T00:00:00Z,RD-002630,OP-001,Joan,Andersson,joan.andersson700@correo.es,CTY-MAD,esp,2025-01-06,PLAN-PAYG,true,active,1972
I,2026-04-01T00:00:00Z,RD-002631,OP-001,Thomas,Nilsson,thomas.nilsson10@correo.es,CTY-MAD,esp,2024-10-19,PLAN-COMMUTE,false,active,1976
I,2026-04-01T00:00:00Z,RD-002632,OP-001,Diego,Novak,diego.novak23@outlook.com,CTY-MAD,esp,2026-03-15,PLAN-PAYG,true,active,2007
I,2026-04-01T00:00:00Z,RD-002633,OP-001,Lucia,Roux,lucia.roux736@correo.es,CTY-MAD,esp,2025-01-05,PLAN-PAYG,false,active,1999
I,2026-04-01T00:00:00Z,RD-002634,OP-001,Beatriz,Ferrer,beatriz.ferrer948@proton.me,CTY-MAD,esp,2024-10-16,PLAN-COMMUTE,false,active,1967
I,2026-04-01T00:00:00Z,RD-002635,OP-001,Aina,Fischer,aina.fischer926@correo.es,CTY-MAD,esp,2024-08-30,PLAN-PAYG,false,active,1962
I,2026-04-01T00:00:00Z,RD-002636,OP-001,Lucia,Roux,lucia.roux978@mail.com,CTY-MAD,esp,2024-03-30,PLAN-PAYG,false,active,2008
I,2026-04-01T00:00:00Z,RD-002637,OP-001,Ivan,Berg,ivan.berg376@proton.me,CTY-MAD,esp,2025-12-28,PLAN-PAYG,true,active,2000
I,2026-04-01T00:00:00Z,RD-002638,OP-001,Manon,Kowalski,manon.kowalski181@proton.me,CTY-MAD,esp,2025-12-09,PLAN-PAYG,false,active,1967
I,2026-04-01T00:00:00Z,RD-002640,OP-001,Manon,Serra,manon.serra725@correo.es,CTY-MAD,esp,2025-12-13,PLAN-PAYG,true,active,1964
I,2026-04-01T00:00:00Z,RD-002641,OP-001,Lucia,Nilsson,lucia.nilsson574@mail.com,CTY-MAD,esp,2024-11-08,PLAN-PAYG,true,active,1997
I,2026-04-01T00:00:00Z,RD-002642,OP-001,Tiago,Novak,tiago.novak593@proton.me,CTY-MAD,esp,2024-03-12,PLAN-COMMUTE,false,active,1985
I,2026-04-01T00:00:00Z,RD-002643,OP-001,Hugo,Andersson,hugo.andersson111@outlook.com,CTY-MAD,esp,2025-08-09,PLAN-UNLIMITED,true,active,1994
I,2026-04-01T00:00:00Z,RD-002644,OP-001,Aina,Lopez,aina.lopez329@proton.me,CTY-MAD,esp,2024-07-15,PLAN-CORP,true,active,1968
I,2026-04-01T00:00:00Z,RD-002645,OP-001,Astrid,Vidal,astrid.vidal903@proton.me,CTY-MAD,esp,2025-03-17,PLAN-PAYG,false,active,2007
I,2026-04-01T00:00:00Z,RD-002646,OP-001,Nadia,Rossi,nadia.rossi88@mail.com,CTY-MAD,esp,2025-05-10,PLAN-UNLIMITED,true,active,2006
I,2026-04-01T00:00:00Z,RD-002647,OP-001,Tiago,Haddad,tiago.haddad910@outlook.com,CTY-MAD,esp,2024-04-27,PLAN-COMMUTE,false,active,1980
I,2026-04-01T00:00:00Z,RD-002648,OP-001,Joan,Silva,joan.silva115@correo.es,CTY-MAD,esp,2024-01-31,PLAN-COMMUTE,true,active,1963
I,2026-04-01T00:00:00Z,RD-002649,OP-001,Manon,Lindqvist,manon.lindqvist270@outlook.com,CTY-MAD,esp,2026-03-29,PLAN-PAYG,true,active,1993
I,2026-04-01T00:00:00Z,RD-002650,OP-001,Lucia,Berg,lucia.berg789@proton.me,CTY-MAD,esp,2025-05-01,PLAN-PAYG,false,active,1991
I,2026-04-01T00:00:00Z,RD-002651,OP-001,Oskar,Weber,oskar.weber725@proton.me,CTY-MAD,esp,2025-01-01,PLAN-PAYG,true,active,1986
I,2026-04-01T00:00:00Z,RD-002652,OP-001,Manon,Conti,manon.conti27@correo.es,CTY-MAD,esp,2025-02-07,PLAN-COMMUTE,true,active,1967
I,2026-04-01T00:00:00Z,RD-002653,OP-001,Camille,Kowalski,camille.kowalski57@gmx.de,CTY-MAD,esp,2026-02-26,PLAN-COMMUTE,false,active,1963
I,2026-04-01T00:00:00Z,RD-002654,OP-001,Nora,Weber,nora.weber389@correo.es,CTY-MAD,esp,2025-09-18,PLAN-PAYG,false,active,1991
I,2026-04-01T00:00:00Z,RD-002655,OP-001,Marta,Garcia,marta.garcia288@proton.me,CTY-MAD,esp,2025-09-14,PLAN-UNLIMITED,false,active,1987
I,2026-04-01T00:00:00Z,RD-002656,OP-001,Louis,Benali,louis.benali141@correo.es,CTY-MAD,esp,2026-01-02,PLAN-PAYG,false,active,1965
I,2026-04-01T00:00:00Z,RD-002657,OP-001,Marta,Martin,marta.martin326@outlook.com,CTY-MAD,esp,2025-11-28,PLAN-STUDENT,true,active,1999
I,2026-04-01T00:00:00Z,RD-002658,OP-001,Emil,Lopez,emil.lopez573@proton.me,CTY-MAD,esp,2024-02-19,PLAN-PAYG,true,active,1975
I,2026-04-01T00:00:00Z,RD-002659,OP-001,Diego,Andersson,diego.andersson771@proton.me,CTY-MAD,esp,2026-03-29,PLAN-PAYG,false,active,1980
I,2026-04-01T00:00:00Z,RD-002660,OP-001,Diego,Rossi,diego.rossi566@correo.es,CTY-MAD,esp,2025-06-22,PLAN-COMMUTE,true,active,1977
I,2026-04-01T00:00:00Z,RD-002661,OP-001,Astrid,Silva,astrid.silva861@outlook.com,CTY-MAD,esp,2024-01-06,PLAN-PAYG,true,active,1995
I,2026-04-01T00:00:00Z,RD-002663,OP-001,Oskar,Silva,oskar.silva217@outlook.com,CTY-MAD,esp,2024-04-25,PLAN-COMMUTE,false,active,1963
I,2026-04-01T00:00:00Z,RD-002664,OP-001,Nora,Nilsson,nora.nilsson797@correo.es,CTY-MAD,esp,2024-06-18,PLAN-PAYG,true,active,1997
I,2026-04-01T00:00:00Z,RD-002666,OP-001,Marta,Ferrer,marta.ferrer422@gmx.de,CTY-MAD,esp,2024-08-29,PLAN-PAYG,false,active,1988
I,2026-04-01T00:00:00Z,RD-002667,OP-001,Nils,Fischer,nils.fischer756@proton.me,CTY-MAD,esp,2025-03-17,PLAN-CORP,false,active,1968
I,2026-04-01T00:00:00Z,RD-002668,OP-001,Freja,Lindqvist,freja.lindqvist134@mail.com,CTY-MAD,esp,2024-03-31,PLAN-PAYG,true,active,1991
I,2026-04-01T00:00:00Z,RD-002669,OP-001,Elin,Costa,elin.costa453@proton.me,CTY-MAD,esp,2025-08-11,PLAN-PAYG,true,active,1978
I,2026-04-01T00:00:00Z,RD-002670,OP-001,Oskar,Bernard,oskar.bernard106@mail.com,CTY-MAD,esp,2025-06-09,PLAN-COMMUTE,false,active,1978
I,2026-04-01T00:00:00Z,RD-002671,OP-001,Antoine,Lopez,antoine.lopez558@mail.com,CTY-MAD,esp,2024-07-01,PLAN-COMMUTE,true,active,2006
I,2026-04-01T00:00:00Z,RD-002672,OP-001,Freja,Lopez,freja.lopez391@mail.com,CTY-MAD,esp,2025-07-05,PLAN-PAYG,false,active,1963
I,2026-04-01T00:00:00Z,RD-002673,OP-001,Karim,Andersson,karim.andersson92@outlook.com,CTY-MAD,esp,2024-03-18,PLAN-COMMUTE,false,active,1963
I,2026-04-01T00:00:00Z,RD-002674,OP-001,Antoine,Silva,antoine.silva646@gmx.de,CTY-MAD,esp,2025-12-27,PLAN-PAYG,false,active,1978
I,2026-04-01T00:00:00Z,RD-002675,OP-001,Hugo,Conti,hugo.conti389@outlook.com,CTY-MAD,esp,2024-09-09,PLAN-COMMUTE,true,active,1993
I,2026-04-01T00:00:00Z,RD-002677,OP-001,Louis,Silva,louis.silva868@outlook.com,CTY-MAD,esp,2024-12-12,PLAN-PAYG,false,active,1989
I,2026-04-01T00:00:00Z,RD-002678,OP-001,Marta,Garcia,marta.garcia872@mail.com,CTY-MAD,esp,2024-01-08,PLAN-PAYG,false,active,2003
I,2026-04-01T00:00:00Z,RD-002679,OP-001,Aina,Vidal,aina.vidal980@correo.es,CTY-MAD,esp,2024-06-02,PLAN-TOURIST,false,active,1999
I,2026-04-01T00:00:00Z,RD-002680,OP-001,Emil,Berg,emil.berg102@proton.me,CTY-MAD,esp,2025-12-08,PLAN-COMMUTE,true,active,1986
I,2026-04-01T00:00:00Z,RD-002681,OP-001,Antoine,Bernard,antoine.bernard674@mail.com,CTY-MAD,esp,2025-01-11,PLAN-CORP,false,active,2005
I,2026-04-01T00:00:00Z,RD-002682,OP-001,Camille,Dubois,camille.dubois600@correo.es,CTY-MAD,esp,2026-03-19,PLAN-PAYG,true,active,1988
I,2026-04-01T00:00:00Z,RD-002683,OP-001,Louis,Costa,louis.costa72@correo.es,CTY-MAD,esp,2024-04-26,PLAN-PAYG,false,active,1963
I,2026-04-01T00:00:00Z,RD-002684,OP-001,Ivan,Berg,ivan.berg258@outlook.com,CTY-MAD,esp,2025-10-05,PLAN-PAYG,false,active,1991
I,2026-04-01T00:00:00Z,RD-002685,OP-001,Joan,Garcia,joan.garcia830@proton.me,CTY-MAD,esp,2024-06-25,PLAN-UNLIMITED,false,active,2007
I,2026-04-01T00:00:00Z,RD-002686,OP-001,Louis,Haddad,louis.haddad128@gmx.de,CTY-MAD,esp,2025-12-27,PLAN-STUDENT,false,active,1978
I,2026-04-01T00:00:00Z,RD-002687,OP-001,Diego,Benali,diego.benali590@gmx.de,CTY-MAD,esp,2025-03-14,PLAN-PAYG,true,active,2006
I,2026-04-01T00:00:00Z,RD-002688,OP-001,Emil,Rossi,emil.rossi866@proton.me,CTY-MAD,esp,2024-12-28,PLAN-PAYG,false,active,1972
I,2026-04-01T00:00:00Z,RD-002689,OP-001,Ines,Garcia,ines.garcia425@mail.com,CTY-MAD,esp,2024-04-24,PLAN-COMMUTE,false,active,1975
I,2026-04-01T00:00:00Z,RD-002690,OP-001,Sofia,Nilsson,sofia.nilsson802@gmx.de,CTY-MAD,esp,2025-11-09,PLAN-COMMUTE,false,active,1999
I,2026-04-01T00:00:00Z,RD-002691,OP-001,Hugo,Lindqvist,hugo.lindqvist836@proton.me,CTY-MAD,esp,2024-04-30,PLAN-COMMUTE,true,active,1972
I,2026-04-01T00:00:00Z,RD-002692,OP-001,Nils,Berg,nils.berg621@proton.me,CTY-MAD,esp,2025-06-10,PLAN-COMMUTE,true,active,1965
I,2026-04-01T00:00:00Z,RD-002693,OP-001,Lucia,Dubois,lucia.dubois990@mail.com,CTY-MAD,esp,2025-07-23,PLAN-PAYG,false,active,2002
I,2026-04-01T00:00:00Z,RD-002694,OP-001,Camille,Silva,camille.silva756@correo.es,CTY-MAD,esp,2024-03-17,PLAN-PAYG,false,active,1998
I,2026-04-01T00:00:00Z,RD-002695,OP-001,Diego,Roux,diego.roux944@gmx.de,CTY-MAD,esp,2025-12-16,PLAN-PAYG,true,active,1982
I,2026-04-01T00:00:00Z,RD-002696,OP-001,Chloe,Costa,chloe.costa909@outlook.com,CTY-MAD,esp,2026-03-17,PLAN-PAYG,true,active,1992
I,2026-04-01T00:00:00Z,RD-002697,OP-001,Hugo,Kowalski,hugo.kowalski731@gmx.de,CTY-MAD,esp,2025-04-28,PLAN-UNLIMITED,false,active,1998
I,2026-04-01T00:00:00Z,RD-002698,OP-001,Tiago,Moreno,tiago.moreno941@correo.es,CTY-MAD,esp,2024-02-19,PLAN-PAYG,false,active,1986
I,2026-04-01T00:00:00Z,RD-002699,OP-001,Sofia,Novak,sofia.novak484@mail.com,CTY-MAD,esp,2025-12-29,PLAN-STUDENT,false,active,1995
I,2026-04-01T00:00:00Z,RD-002700,OP-001,Tiago,Vidal,tiago.vidal67@outlook.com,CTY-MAD,esp,2026-01-16,PLAN-UNLIMITED,false,active,1964
I,2026-04-01T00:00:00Z,RD-002701,OP-001,Louis,Bernard,louis.bernard75@mail.com,CTY-MAD,esp,2024-10-11,PLAN-PAYG,true,active,1969
I,2026-04-01T00:00:00Z,RD-002702,OP-001,Nils,Moreno,nils.moreno264@gmx.de,CTY-MAD,esp,2025-02-14,PLAN-PAYG,true,active,1968
I,2026-04-01T00:00:00Z,RD-002703,OP-001,Beatriz,Bernard,beatriz.bernard591@proton.me,CTY-MAD,esp,2026-02-15,PLAN-PAYG,false,active,1973
I,2026-04-01T00:00:00Z,RD-002704,OP-001,Thomas,Weber,thomas.weber218@outlook.com,CTY-MAD,esp,2025-05-16,PLAN-UNLIMITED,false,active,2007
I,2026-04-01T00:00:00Z,RD-002705,OP-001,Hugo,Lindqvist,hugo.lindqvist686@proton.me,CTY-MAD,esp,2026-01-08,PLAN-TOURIST,false,active,1991
I,2026-04-01T00:00:00Z,RD-002706,OP-001,Marta,Ferrer,marta.ferrer909@mail.com,CTY-MAD,esp,2025-07-27,PLAN-COMMUTE,false,active,1977
I,2026-04-01T00:00:00Z,RD-002707,OP-001,Hugo,Silva,hugo.silva89@outlook.com,CTY-MAD,esp,2024-06-09,PLAN-STUDENT,true,active,1972
I,2026-04-01T00:00:00Z,RD-002708,OP-001,Freja,Martin,freja.martin62@outlook.com,CTY-MAD,esp,2025-08-22,PLAN-PAYG,false,active,1988
I,2026-04-01T00:00:00Z,RD-002709,OP-001,Thomas,Garcia,thomas.garcia370@correo.es,CTY-MAD,esp,2025-03-16,PLAN-PAYG,true,active,1998
I,2026-04-01T00:00:00Z,RD-002710,OP-001,Camille,Costa,camille.costa315@proton.me,CTY-MAD,esp,2025-02-23,PLAN-COMMUTE,true,active,1968
I,2026-04-01T00:00:00Z,RD-002711,OP-001,Manon,Rossi,manon.rossi194@proton.me,CTY-MAD,esp,2024-01-15,PLAN-PAYG,true,active,1990
I,2026-04-01T00:00:00Z,RD-002712,OP-001,Joan,Fischer,joan.fischer796@mail.com,CTY-MAD,esp,2025-06-16,PLAN-PAYG,false,active,2007
I,2026-04-01T00:00:00Z,RD-002714,OP-001,Antoine,Fischer,antoine.fischer585@outlook.com,CTY-MAD,esp,2024-02-05,PLAN-PAYG,false,active,2000
I,2026-04-01T00:00:00Z,RD-002715,OP-001,Aina,Kowalski,aina.kowalski504@gmx.de,CTY-MAD,esp,2025-03-21,PLAN-PAYG,false,active,2005
I,2026-04-01T00:00:00Z,RD-002716,OP-001,Hugo,Benali,hugo.benali873@proton.me,CTY-MAD,esp,2024-03-01,PLAN-STUDENT,false,active,1983
I,2026-04-01T00:00:00Z,RD-002717,OP-001,Freja,Silva,freja.silva483@proton.me,CTY-MAD,esp,2025-03-13,PLAN-PAYG,false,active,1967
I,2026-04-01T00:00:00Z,RD-002718,OP-001,Manon,Benali,manon.benali106@proton.me,CTY-MAD,esp,2025-05-29,PLAN-TOURIST,false,active,1993
I,2026-04-01T00:00:00Z,RD-002720,OP-001,Manon,Vidal,manon.vidal999@correo.es,CTY-MAD,esp,2025-03-23,PLAN-PAYG,true,active,1965
I,2026-04-01T00:00:00Z,RD-002721,OP-001,Nora,Vidal,nora.vidal680@gmx.de,CTY-MAD,esp,2025-02-02,PLAN-PAYG,false,active,1990
I,2026-04-01T00:00:00Z,RD-002722,OP-001,Ivan,Lindqvist,ivan.lindqvist778@mail.com,CTY-MAD,esp,2026-01-02,PLAN-TOURIST,false,active,1978
I,2026-04-01T00:00:00Z,RD-002723,OP-001,Manon,Weber,manon.weber233@gmx.de,CTY-MAD,esp,2025-01-25,PLAN-PAYG,false,active,1971
I,2026-04-01T00:00:00Z,RD-002724,OP-001,Camille,Vidal,camille.vidal763@proton.me,CTY-MAD,esp,2025-02-13,PLAN-PAYG,true,active,1983
I,2026-04-01T00:00:00Z,RD-002725,OP-001,Chloe,Roux,chloe.roux649@outlook.com,CTY-MAD,esp,2026-02-17,PLAN-COMMUTE,true,active,1965
I,2026-04-01T00:00:00Z,RD-002727,OP-001,Omar,Andersson,omar.andersson445@correo.es,CTY-MAD,esp,2025-05-19,PLAN-PAYG,false,active,1970
I,2026-04-01T00:00:00Z,RD-002728,OP-001,Aina,Roux,aina.roux410@correo.es,CTY-MAD,esp,2025-12-14,PLAN-COMMUTE,true,active,1991
I,2026-04-01T00:00:00Z,RD-002730,OP-001,Manon,Haddad,manon.haddad239@correo.es,CTY-MAD,esp,2024-02-06,PLAN-COMMUTE,true,active,1962
I,2026-04-01T00:00:00Z,RD-002731,OP-001,Tiago,Rossi,tiago.rossi671@correo.es,CTY-MAD,esp,2024-05-25,PLAN-PAYG,true,active,1975
I,2026-04-01T00:00:00Z,RD-002732,OP-001,Thomas,Dubois,thomas.dubois196@correo.es,CTY-MAD,esp,2024-07-21,PLAN-UNLIMITED,true,active,2005
I,2026-04-01T00:00:00Z,RD-002734,OP-001,Camille,Weber,camille.weber369@proton.me,CTY-MAD,esp,2024-05-10,PLAN-UNLIMITED,true,active,1979
I,2026-04-01T00:00:00Z,RD-002735,OP-001,Astrid,Lindqvist,astrid.lindqvist537@gmx.de,CTY-MAD,esp,2025-08-29,PLAN-COMMUTE,true,active,1992
I,2026-04-01T00:00:00Z,RD-002736,OP-001,Nils,Haddad,nils.haddad17@proton.me,CTY-MAD,esp,2025-07-07,PLAN-PAYG,false,active,1981
I,2026-04-01T00:00:00Z,RD-002737,OP-001,Diego,Conti,diego.conti99@gmx.de,CTY-MAD,esp,2024-05-27,PLAN-PAYG,true,active,1991
I,2026-04-01T00:00:00Z,RD-002738,OP-001,Rui,Kowalski,rui.kowalski31@gmx.de,CTY-MAD,esp,2024-10-23,PLAN-PAYG,true,active,2002
I,2026-04-01T00:00:00Z,RD-002739,OP-001,Yasmin,Dubois,yasmin.dubois439@outlook.com,CTY-MAD,esp,2025-09-08,PLAN-PAYG,true,active,1978
I,2026-04-01T00:00:00Z,RD-002740,OP-001,Thomas,Vidal,thomas.vidal219@outlook.com,CTY-MAD,esp,2025-07-23,PLAN-PAYG,false,active,2001
I,2026-04-01T00:00:00Z,RD-002741,OP-001,Omar,Benali,omar.benali689@outlook.com,CTY-MAD,esp,2025-11-24,PLAN-UNLIMITED,true,active,1967
I,2026-04-01T00:00:00Z,RD-002742,OP-001,Chloe,Costa,chloe.costa97@outlook.com,CTY-MAD,esp,2024-06-17,PLAN-PAYG,false,active,1984
I,2026-04-01T00:00:00Z,RD-002743,OP-001,Antoine,Costa,antoine.costa702@mail.com,CTY-MAD,esp,2025-11-28,PLAN-PAYG,true,active,1987
I,2026-04-01T00:00:00Z,RD-002744,OP-001,Nils,Pereira,nils.pereira665@outlook.com,CTY-MAD,esp,2026-01-24,PLAN-PAYG,true,active,1987
I,2026-04-01T00:00:00Z,RD-002745,OP-001,Camille,Dubois,camille.dubois507@proton.me,CTY-MAD,esp,2024-10-31,PLAN-PAYG,false,active,1998
I,2026-04-01T00:00:00Z,RD-002746,OP-001,Beatriz,Kowalski,beatriz.kowalski146@outlook.com,CTY-MAD,esp,2024-09-09,PLAN-COMMUTE,true,active,2008
I,2026-04-01T00:00:00Z,RD-002747,OP-001,Marta,Lindqvist,marta.lindqvist318@correo.es,CTY-MAD,esp,2024-07-08,PLAN-UNLIMITED,false,active,1972
I,2026-04-01T00:00:00Z,RD-002748,OP-001,Aina,Moreno,aina.moreno778@proton.me,CTY-MAD,esp,2025-08-02,PLAN-PAYG,false,active,1980
I,2026-04-01T00:00:00Z,RD-002749,OP-001,Nora,Haddad,nora.haddad234@outlook.com,CTY-MAD,esp,2025-02-28,PLAN-COMMUTE,false,active,2000
I,2026-04-01T00:00:00Z,RD-002750,OP-001,Diego,Garcia,diego.garcia357@gmx.de,CTY-MAD,esp,2025-07-30,PLAN-COMMUTE,false,active,1988
I,2026-04-01T00:00:00Z,RD-002751,OP-001,Oskar,Pereira,oskar.pereira377@correo.es,CTY-MAD,esp,2025-10-30,PLAN-PAYG,true,active,1994
I,2026-04-01T00:00:00Z,RD-002752,OP-001,Emil,Andersson,emil.andersson757@mail.com,CTY-MAD,esp,2024-06-02,PLAN-PAYG,true,active,1991
I,2026-04-01T00:00:00Z,RD-002753,OP-001,Nora,Almeida,nora.almeida700@correo.es,CTY-MAD,esp,2024-08-14,PLAN-PAYG,false,active,2004
I,2026-04-01T00:00:00Z,RD-002754,OP-001,Antoine,Dubois,antoine.dubois847@correo.es,CTY-MAD,esp,2025-12-22,PLAN-PAYG,true,active,1980
I,2026-04-01T00:00:00Z,RD-002755,OP-001,Omar,Bernard,omar.bernard219@outlook.com,CTY-MAD,esp,2025-07-31,PLAN-TOURIST,false,active,2004
I,2026-04-01T00:00:00Z,RD-002756,OP-001,Freja,Garcia,freja.garcia127@mail.com,CTY-MAD,esp,2025-08-17,PLAN-COMMUTE,false,active,1997
I,2026-04-01T00:00:00Z,RD-002757,OP-001,Ines,Pereira,ines.pereira24@proton.me,CTY-MAD,esp,2026-01-14,PLAN-PAYG,true,active,1988
I,2026-04-01T00:00:00Z,RD-002758,OP-001,Diego,Nilsson,diego.nilsson793@outlook.com,CTY-MAD,esp,2025-04-03,PLAN-UNLIMITED,true,active,2004
I,2026-04-01T00:00:00Z,RD-002759,OP-001,Emil,Bernard,emil.bernard646@gmx.de,CTY-MAD,esp,2025-01-06,PLAN-PAYG,false,active,1965
I,2026-04-01T00:00:00Z,RD-002760,OP-001,Antoine,Benali,antoine.benali203@proton.me,CTY-MAD,esp,2025-09-05,PLAN-PAYG,false,active,1980
I,2026-04-01T00:00:00Z,RD-002761,OP-001,Omar,Weber,omar.weber375@outlook.com,CTY-MAD,esp,2025-11-08,PLAN-PAYG,false,active,1984
I,2026-04-01T00:00:00Z,RD-002762,OP-001,Manon,Martin,manon.martin279@proton.me,CTY-MAD,esp,2026-01-02,PLAN-PAYG,false,active,1978
I,2026-04-01T00:00:00Z,RD-002763,OP-001,Omar,Martin,omar.martin984@correo.es,CTY-MAD,esp,2025-12-06,PLAN-PAYG,true,active,2007
I,2026-04-01T00:00:00Z,RD-002764,OP-001,Elin,Vidal,elin.vidal31@gmx.de,CTY-MAD,esp,2025-08-09,PLAN-PAYG,false,active,1967
I,2026-04-01T00:00:00Z,RD-002765,OP-001,Tiago,Andersson,tiago.andersson916@gmx.de,CTY-MAD,esp,2026-03-29,PLAN-COMMUTE,false,active,1967
I,2026-04-01T00:00:00Z,RD-002766,OP-001,Beatriz,Bernard,beatriz.bernard515@correo.es,CTY-MAD,esp,2025-07-06,PLAN-TOURIST,false,active,1977
I,2026-04-01T00:00:00Z,RD-002767,OP-001,Yasmin,Berg,yasmin.berg840@proton.me,CTY-MAD,esp,2025-09-12,PLAN-PAYG,true,active,1994
I,2026-04-01T00:00:00Z,RD-002768,OP-001,Joan,Almeida,joan.almeida60@correo.es,CTY-MAD,esp,2024-11-27,PLAN-PAYG,false,active,1979
I,2026-04-01T00:00:00Z,RD-002769,OP-001,Freja,Fischer,freja.fischer170@gmx.de,CTY-MAD,esp,2025-10-17,PLAN-UNLIMITED,false,active,1976
I,2026-04-01T00:00:00Z,RD-002770,OP-001,Oskar,Berg,oskar.berg338@correo.es,CTY-MAD,esp,2025-09-01,PLAN-TOURIST,true,active,1968
I,2026-04-01T00:00:00Z,RD-002773,OP-001,Marta,Nilsson,marta.nilsson218@proton.me,CTY-MAD,esp,2024-03-01,PLAN-PAYG,false,active,1979
I,2026-04-01T00:00:00Z,RD-002774,OP-001,Astrid,Pereira,astrid.pereira126@mail.com,CTY-MAD,esp,2025-08-19,PLAN-PAYG,true,active,1973
I,2026-04-01T00:00:00Z,RD-002775,OP-001,Pablo,Fischer,pablo.fischer244@outlook.com,CTY-MAD,esp,2026-02-11,PLAN-STUDENT,false,active,2006
I,2026-04-01T00:00:00Z,RD-002776,OP-001,Elin,Costa,elin.costa728@outlook.com,CTY-MAD,esp,2025-02-22,PLAN-COMMUTE,true,active,2002
I,2026-04-01T00:00:00Z,RD-002777,OP-001,Beatriz,Novak,beatriz.novak849@gmx.de,CTY-MAD,esp,2026-03-17,PLAN-PAYG,true,active,1975
I,2026-04-01T00:00:00Z,RD-002778,OP-001,Nora,Costa,nora.costa426@proton.me,CTY-MAD,esp,2025-07-10,PLAN-PAYG,true,active,1994
I,2026-04-01T00:00:00Z,RD-002779,OP-001,Elin,Silva,elin.silva884@mail.com,CTY-MAD,esp,2026-02-23,PLAN-PAYG,false,active,1992
I,2026-04-01T00:00:00Z,RD-002780,OP-001,Nora,Fischer,nora.fischer897@mail.com,CTY-MAD,esp,2024-04-18,PLAN-PAYG,false,active,1984
I,2026-04-01T00:00:00Z,RD-002781,OP-001,Karim,Dubois,karim.dubois95@gmx.de,CTY-MAD,esp,2025-07-08,PLAN-COMMUTE,false,active,2003
I,2026-04-01T00:00:00Z,RD-002782,OP-001,Antoine,Lopez,antoine.lopez582@outlook.com,CTY-MAD,esp,2025-09-14,PLAN-PAYG,false,active,2002
I,2026-04-01T00:00:00Z,RD-002784,OP-001,Yasmin,Conti,yasmin.conti854@outlook.com,CTY-MAD,esp,2024-08-15,PLAN-PAYG,false,active,1967
I,2026-04-01T00:00:00Z,RD-002785,OP-001,Ines,Pereira,ines.pereira79@proton.me,CTY-MAD,esp,2025-05-19,PLAN-PAYG,true,active,2003
I,2026-04-01T00:00:00Z,RD-002786,OP-001,Diego,Benali,diego.benali872@correo.es,CTY-MAD,esp,2025-09-03,PLAN-COMMUTE,false,active,1963
I,2026-04-01T00:00:00Z,RD-002787,OP-001,Emil,Rossi,emil.rossi86@correo.es,CTY-MAD,esp,2025-03-08,PLAN-CORP,true,active,1975
I,2026-04-01T00:00:00Z,RD-002788,OP-001,Yasmin,Vidal,yasmin.vidal287@outlook.com,CTY-MAD,esp,2024-07-18,PLAN-PAYG,true,active,1964
I,2026-04-01T00:00:00Z,RD-002789,OP-001,Beatriz,Weber,beatriz.weber682@mail.com,CTY-MAD,esp,2024-02-12,PLAN-CORP,true,active,1992
I,2026-04-01T00:00:00Z,RD-002790,OP-001,Karim,Kowalski,karim.kowalski508@gmx.de,CTY-MAD,esp,2025-04-27,PLAN-PAYG,false,active,1986
I,2026-04-01T00:00:00Z,RD-002791,OP-001,Aina,Rossi,aina.rossi8@proton.me,CTY-MAD,esp,2025-07-07,PLAN-PAYG,true,active,2006
I,2026-04-01T00:00:00Z,RD-002792,OP-001,Omar,Serra,omar.serra759@correo.es,CTY-MAD,esp,2026-03-18,PLAN-COMMUTE,true,active,1965
I,2026-04-01T00:00:00Z,RD-002793,OP-001,Freja,Haddad,freja.haddad966@mail.com,CTY-MAD,esp,2025-01-14,PLAN-PAYG,false,active,2005
I,2026-04-01T00:00:00Z,RD-002794,OP-001,Lucia,Serra,lucia.serra442@mail.com,CTY-MAD,esp,2025-07-21,PLAN-STUDENT,true,active,1996
I,2026-04-01T00:00:00Z,RD-002795,OP-001,Lucia,Moreno,lucia.moreno885@correo.es,CTY-MAD,esp,2024-05-14,PLAN-UNLIMITED,true,active,1974
I,2026-04-01T00:00:00Z,RD-002796,OP-001,Joan,Serra,joan.serra896@outlook.com,CTY-MAD,esp,2025-08-20,PLAN-COMMUTE,true,active,1965
I,2026-04-01T00:00:00Z,RD-002797,OP-001,Nils,Fischer,nils.fischer810@gmx.de,CTY-MAD,esp,2024-04-27,PLAN-STUDENT,false,active,2000
I,2026-04-01T00:00:00Z,RD-002798,OP-001,Nils,Roux,nils.roux718@outlook.com,CTY-MAD,esp,2025-06-01,PLAN-TOURIST,true,active,1963
I,2026-04-01T00:00:00Z,RD-002799,OP-001,Nadia,Haddad,nadia.haddad111@outlook.com,CTY-MAD,esp,2025-10-10,PLAN-COMMUTE,true,active,1980
I,2026-04-01T00:00:00Z,RD-002800,OP-001,Oskar,Garcia,oskar.garcia67@correo.es,CTY-MAD,esp,2024-04-01,PLAN-COMMUTE,true,active,1989
I,2026-04-01T00:00:00Z,RD-002801,OP-001,Marta,Bernard,marta.bernard281@mail.com,CTY-MAD,esp,2026-03-15,PLAN-CORP,true,active,1978
I,2026-04-01T00:00:00Z,RD-002802,OP-001,Sofia,Conti,sofia.conti860@mail.com,CTY-MAD,esp,2025-02-20,PLAN-UNLIMITED,true,active,2006
I,2026-04-01T00:00:00Z,RD-002803,OP-001,Rui,Martin,rui.martin40@outlook.com,CTY-MAD,esp,2024-09-19,PLAN-STUDENT,false,active,1989
I,2026-04-01T00:00:00Z,RD-002804,OP-001,Beatriz,Silva,beatriz.silva897@gmx.de,CTY-MAD,esp,2025-08-02,PLAN-PAYG,false,active,1962
I,2026-04-01T00:00:00Z,RD-002805,OP-001,Beatriz,Kowalski,beatriz.kowalski341@outlook.com,CTY-MAD,esp,2026-01-27,PLAN-PAYG,true,active,2006
I,2026-04-01T00:00:00Z,RD-002806,OP-001,Astrid,Berg,astrid.berg609@outlook.com,CTY-MAD,esp,2025-03-18,PLAN-PAYG,false,active,1998
I,2026-04-01T00:00:00Z,RD-002807,OP-001,Camille,Ferrer,camille.ferrer623@gmx.de,CTY-MAD,esp,2024-05-25,PLAN-PAYG,true,active,2004
I,2026-04-01T00:00:00Z,RD-002808,OP-001,Rui,Kowalski,rui.kowalski368@proton.me,CTY-MAD,esp,2025-09-27,PLAN-UNLIMITED,false,active,1989
I,2026-04-01T00:00:00Z,RD-002809,OP-001,Hugo,Silva,hugo.silva780@outlook.com,CTY-MAD,esp,2025-11-21,PLAN-PAYG,false,active,1986
I,2026-04-01T00:00:00Z,RD-002811,OP-001,Emil,Vidal,emil.vidal411@mail.com,CTY-MAD,esp,2025-10-07,PLAN-PAYG,false,active,2005
I,2026-04-01T00:00:00Z,RD-002812,OP-001,Chloe,Almeida,chloe.almeida597@mail.com,CTY-MAD,esp,2024-11-23,PLAN-PAYG,false,active,1970
I,2026-04-01T00:00:00Z,RD-002813,OP-001,Rui,Fischer,rui.fischer87@mail.com,CTY-MAD,esp,2025-02-01,PLAN-COMMUTE,false,active,1970
I,2026-04-01T00:00:00Z,RD-002814,OP-001,Manon,Conti,manon.conti9@correo.es,CTY-MAD,esp,2025-03-21,PLAN-PAYG,true,active,1979
I,2026-04-01T00:00:00Z,RD-002815,OP-001,Antoine,Almeida,antoine.almeida940@proton.me,CTY-MAD,esp,2025-08-31,PLAN-PAYG,true,active,1969
I,2026-04-01T00:00:00Z,RD-002818,OP-001,Chloe,Vidal,chloe.vidal184@correo.es,CTY-MAD,esp,2024-10-07,PLAN-PAYG,false,active,1986
I,2026-04-01T00:00:00Z,RD-002819,OP-001,Yasmin,Ferrer,yasmin.ferrer764@outlook.com,CTY-MAD,esp,2024-11-24,PLAN-STUDENT,false,active,2000
I,2026-04-01T00:00:00Z,RD-002820,OP-001,Freja,Lopez,freja.lopez371@mail.com,CTY-MAD,esp,2024-04-20,PLAN-PAYG,true,active,1962
I,2026-04-01T00:00:00Z,RD-002821,OP-001,Camille,Costa,camille.costa339@correo.es,CTY-MAD,esp,2024-08-21,PLAN-COMMUTE,true,active,2008
I,2026-04-01T00:00:00Z,RD-002822,OP-001,Pablo,Bernard,pablo.bernard18@gmx.de,CTY-MAD,esp,2025-02-27,PLAN-COMMUTE,true,active,1980
I,2026-04-01T00:00:00Z,RD-002823,OP-001,Louis,Vidal,louis.vidal744@mail.com,CTY-MAD,esp,2024-05-09,PLAN-PAYG,true,active,1971
I,2026-04-01T00:00:00Z,RD-002824,OP-001,Omar,Haddad,omar.haddad911@correo.es,CTY-MAD,esp,2024-09-21,PLAN-COMMUTE,false,active,2006
I,2026-04-01T00:00:00Z,RD-002826,OP-001,Ivan,Berg,ivan.berg879@correo.es,CTY-MAD,esp,2026-03-30,PLAN-COMMUTE,false,active,1992
I,2026-04-01T00:00:00Z,RD-002827,OP-001,Beatriz,Weber,beatriz.weber895@gmx.de,CTY-MAD,esp,2025-12-06,PLAN-PAYG,true,active,1968
I,2026-04-01T00:00:00Z,RD-002828,OP-001,Omar,Moreno,omar.moreno151@correo.es,CTY-MAD,esp,2025-06-27,PLAN-PAYG,false,active,2001
I,2026-04-01T00:00:00Z,RD-002829,OP-001,Beatriz,Kowalski,beatriz.kowalski83@outlook.com,CTY-MAD,esp,2025-06-13,PLAN-PAYG,true,active,1964
I,2026-04-01T00:00:00Z,RD-002830,OP-001,Antoine,Kowalski,antoine.kowalski883@gmx.de,CTY-MAD,esp,2024-06-03,PLAN-PAYG,false,active,1984
I,2026-04-01T00:00:00Z,RD-002831,OP-001,Astrid,Bernard,astrid.bernard825@proton.me,CTY-MAD,esp,2026-02-11,PLAN-STUDENT,false,active,1985
I,2026-04-01T00:00:00Z,RD-002832,OP-001,Ines,Martin,ines.martin795@gmx.de,CTY-MAD,esp,2024-10-16,PLAN-UNLIMITED,false,active,1975
I,2026-04-01T00:00:00Z,RD-002833,OP-001,Manon,Rossi,manon.rossi974@outlook.com,CTY-MAD,esp,2025-06-19,PLAN-PAYG,false,active,2002
I,2026-04-01T00:00:00Z,RD-002834,OP-001,Aina,Silva,aina.silva191@correo.es,CTY-MAD,esp,2026-02-04,PLAN-COMMUTE,true,active,1982
I,2026-04-01T00:00:00Z,RD-002835,OP-001,Pablo,Lopez,pablo.lopez696@outlook.com,CTY-MAD,esp,2025-06-23,PLAN-COMMUTE,true,active,1983
I,2026-04-01T00:00:00Z,RD-002836,OP-001,Joan,Lindqvist,joan.lindqvist236@outlook.com,CTY-MAD,esp,2025-01-09,PLAN-COMMUTE,true,active,1994
I,2026-04-01T00:00:00Z,RD-002837,OP-001,Emil,Serra,emil.serra452@proton.me,CTY-MAD,esp,2024-09-25,PLAN-PAYG,false,active,1986
I,2026-04-01T00:00:00Z,RD-002838,OP-001,Chloe,Ferrer,chloe.ferrer560@proton.me,CTY-MAD,esp,2025-07-07,PLAN-PAYG,false,active,1967
I,2026-04-01T00:00:00Z,RD-002839,OP-001,Thomas,Kowalski,thomas.kowalski484@gmx.de,CTY-MAD,esp,2025-10-02,PLAN-PAYG,true,active,2007
I,2026-04-01T00:00:00Z,RD-002840,OP-001,Omar,Almeida,omar.almeida195@mail.com,CTY-MAD,esp,2025-09-10,PLAN-PAYG,true,active,1987
I,2026-04-01T00:00:00Z,RD-002841,OP-001,Aina,Moreno,aina.moreno493@gmx.de,CTY-MAD,esp,2024-02-05,PLAN-COMMUTE,true,active,1978
I,2026-04-01T00:00:00Z,RD-002842,OP-001,Antoine,Berg,antoine.berg839@mail.com,CTY-MAD,esp,2025-10-12,PLAN-PAYG,false,active,1967
I,2026-04-01T00:00:00Z,RD-002843,OP-001,Sofia,Nilsson,sofia.nilsson808@outlook.com,CTY-MAD,esp,2025-08-28,PLAN-PAYG,false,active,1984
I,2026-04-01T00:00:00Z,RD-002844,OP-001,Chloe,Dubois,chloe.dubois219@mail.com,CTY-MAD,esp,2024-07-28,PLAN-COMMUTE,false,active,1968
I,2026-04-01T00:00:00Z,RD-002845,OP-001,Antoine,Moreno,antoine.moreno233@correo.es,CTY-MAD,esp,2025-01-06,PLAN-STUDENT,false,active,1999
I,2026-04-01T00:00:00Z,RD-002846,OP-001,Omar,Dubois,omar.dubois863@outlook.com,CTY-MAD,esp,2025-03-18,PLAN-PAYG,true,active,1963
I,2026-04-01T00:00:00Z,RD-002847,OP-001,Manon,Ferrer,manon.ferrer649@gmx.de,CTY-MAD,esp,2026-03-21,PLAN-PAYG,false,active,2000
I,2026-04-01T00:00:00Z,RD-002848,OP-001,Rui,Martin,rui.martin556@gmx.de,CTY-MAD,esp,2025-12-29,PLAN-STUDENT,false,active,2002
I,2026-04-01T00:00:00Z,RD-002849,OP-001,Lucia,Conti,lucia.conti95@proton.me,CTY-MAD,esp,2025-06-02,PLAN-PAYG,true,active,2007
I,2026-04-01T00:00:00Z,RD-002850,OP-001,Omar,Fischer,omar.fischer376@outlook.com,CTY-MAD,esp,2024-04-28,PLAN-COMMUTE,false,active,2000
I,2026-04-01T00:00:00Z,RD-002851,OP-001,Sofia,Andersson,sofia.andersson528@correo.es,CTY-MAD,esp,2024-08-12,PLAN-PAYG,false,active,1999
I,2026-04-01T00:00:00Z,RD-002852,OP-001,Karim,Ferrer,karim.ferrer220@mail.com,CTY-MAD,esp,2024-08-03,PLAN-PAYG,true,active,1976
I,2026-04-01T00:00:00Z,RD-002853,OP-001,Karim,Benali,karim.benali42@proton.me,CTY-MAD,esp,2025-07-24,PLAN-PAYG,false,active,1975
I,2026-04-01T00:00:00Z,RD-002854,OP-001,Louis,Moreno,louis.moreno965@outlook.com,CTY-MAD,esp,2026-01-19,PLAN-PAYG,false,active,1997
I,2026-04-01T00:00:00Z,RD-002855,OP-001,Astrid,Nilsson,astrid.nilsson880@proton.me,CTY-MAD,esp,2026-01-10,PLAN-PAYG,false,active,1963
I,2026-04-01T00:00:00Z,RD-002857,OP-001,Astrid,Almeida,astrid.almeida166@outlook.com,CTY-MAD,esp,2024-05-22,PLAN-UNLIMITED,true,active,1973
I,2026-04-01T00:00:00Z,RD-002858,OP-001,Antoine,Kowalski,antoine.kowalski124@outlook.com,CTY-MAD,esp,2024-05-10,PLAN-STUDENT,true,active,1994
I,2026-04-01T00:00:00Z,RD-002859,OP-001,Nils,Roux,nils.roux810@gmx.de,CTY-MAD,esp,2025-07-22,PLAN-COMMUTE,true,active,1989
I,2026-04-01T00:00:00Z,RD-002860,OP-001,Sofia,Rossi,sofia.rossi211@correo.es,CTY-MAD,esp,2025-09-05,PLAN-UNLIMITED,false,active,2008
I,2026-04-01T00:00:00Z,RD-002862,OP-001,Freja,Kowalski,freja.kowalski909@gmx.de,CTY-MAD,esp,2024-02-03,PLAN-PAYG,true,active,1968
I,2026-04-01T00:00:00Z,RD-002863,OP-001,Hugo,Andersson,hugo.andersson211@gmx.de,CTY-MAD,esp,2024-09-27,PLAN-PAYG,false,active,1999
I,2026-04-01T00:00:00Z,RD-002864,OP-001,Nadia,Roux,nadia.roux674@gmx.de,CTY-MAD,esp,2025-06-17,PLAN-TOURIST,false,active,1984
I,2026-04-01T00:00:00Z,RD-002865,OP-001,Pablo,Vidal,pablo.vidal122@mail.com,CTY-MAD,esp,2024-07-04,PLAN-UNLIMITED,true,active,1991
I,2026-04-01T00:00:00Z,RD-002866,OP-001,Tiago,Kowalski,tiago.kowalski725@mail.com,CTY-MAD,esp,2026-02-14,PLAN-PAYG,true,active,1986
I,2026-04-01T00:00:00Z,RD-002867,OP-001,Sofia,Novak,sofia.novak86@proton.me,CTY-MAD,esp,2024-04-07,PLAN-COMMUTE,false,active,1985
I,2026-04-01T00:00:00Z,RD-002868,OP-001,Thomas,Roux,thomas.roux382@outlook.com,CTY-MAD,esp,2025-12-27,PLAN-UNLIMITED,true,active,1966
I,2026-04-01T00:00:00Z,RD-002869,OP-001,Rui,Lindqvist,rui.lindqvist203@mail.com,CTY-MAD,esp,2026-02-11,PLAN-PAYG,false,active,1974
I,2026-04-01T00:00:00Z,RD-002870,OP-001,Omar,Rossi,omar.rossi509@correo.es,CTY-MAD,esp,2025-08-13,PLAN-PAYG,false,active,1989
I,2026-04-01T00:00:00Z,RD-002871,OP-001,Ines,Martin,ines.martin582@correo.es,CTY-MAD,esp,2025-01-09,PLAN-PAYG,false,active,1966
I,2026-04-01T00:00:00Z,RD-002872,OP-001,Nora,Weber,nora.weber264@outlook.com,CTY-MAD,esp,2025-05-12,PLAN-PAYG,false,active,1976
I,2026-04-01T00:00:00Z,RD-002873,OP-001,Manon,Roux,manon.roux669@outlook.com,CTY-MAD,esp,2025-07-14,PLAN-STUDENT,true,active,1989
I,2026-04-01T00:00:00Z,RD-002874,OP-001,Antoine,Martin,antoine.martin206@outlook.com,CTY-MAD,esp,2024-07-15,PLAN-COMMUTE,false,active,1987
I,2026-04-01T00:00:00Z,RD-002875,OP-001,Pablo,Costa,pablo.costa97@mail.com,CTY-MAD,esp,2024-02-03,PLAN-PAYG,true,active,1983
I,2026-04-01T00:00:00Z,RD-002876,OP-001,Diego,Bernard,diego.bernard290@correo.es,CTY-MAD,esp,2024-11-11,PLAN-COMMUTE,false,active,1978
I,2026-04-01T00:00:00Z,RD-002877,OP-001,Emil,Benali,emil.benali268@outlook.com,CTY-MAD,esp,2024-03-17,PLAN-COMMUTE,true,active,1962
I,2026-04-01T00:00:00Z,RD-002878,OP-001,Karim,Conti,karim.conti100@proton.me,CTY-MAD,esp,2025-02-07,PLAN-COMMUTE,false,active,1991
I,2026-04-01T00:00:00Z,RD-002880,OP-001,Nadia,Martin,nadia.martin945@mail.com,CTY-MAD,esp,2025-11-08,PLAN-PAYG,false,active,1991
I,2026-04-01T00:00:00Z,RD-002881,OP-001,Louis,Lindqvist,louis.lindqvist38@outlook.com,CTY-MAD,esp,2024-07-04,PLAN-COMMUTE,true,active,1964
I,2026-04-01T00:00:00Z,RD-002882,OP-001,Antoine,Serra,antoine.serra186@proton.me,CTY-MAD,esp,2025-04-14,PLAN-PAYG,true,active,1965
I,2026-04-01T00:00:00Z,RD-002883,OP-001,Oskar,Bernard,oskar.bernard580@proton.me,CTY-MAD,esp,2025-08-04,PLAN-TOURIST,false,active,1985
I,2026-04-01T00:00:00Z,RD-002885,OP-001,Nora,Serra,nora.serra479@mail.com,CTY-MAD,esp,2025-05-15,PLAN-PAYG,false,active,1981
I,2026-04-01T00:00:00Z,RD-002886,OP-001,Louis,Benali,louis.benali693@proton.me,CTY-MAD,esp,2025-04-22,PLAN-PAYG,true,active,2008
I,2026-04-01T00:00:00Z,RD-002887,OP-001,Yasmin,Pereira,yasmin.pereira435@outlook.com,CTY-MAD,esp,2025-08-23,PLAN-PAYG,false,active,1966
I,2026-04-01T00:00:00Z,RD-002888,OP-001,Joan,Weber,joan.weber620@proton.me,CTY-MAD,esp,2025-11-20,PLAN-PAYG,false,active,1994
I,2026-04-01T00:00:00Z,RD-002890,OP-001,Omar,Andersson,omar.andersson281@gmx.de,CTY-MAD,esp,2025-02-24,PLAN-UNLIMITED,true,active,1972
I,2026-04-01T00:00:00Z,RD-002891,OP-001,Freja,Andersson,freja.andersson860@proton.me,CTY-MAD,esp,2025-02-09,PLAN-COMMUTE,false,active,2000
I,2026-04-01T00:00:00Z,RD-002892,OP-001,Freja,Fischer,freja.fischer754@gmx.de,CTY-MAD,esp,2024-09-27,PLAN-PAYG,false,active,1986
I,2026-04-01T00:00:00Z,RD-002893,OP-001,Rui,Berg,rui.berg272@proton.me,CTY-MAD,esp,2025-10-10,PLAN-COMMUTE,false,active,1984
I,2026-04-01T00:00:00Z,RD-002894,OP-001,Yasmin,Novak,yasmin.novak282@proton.me,CTY-MAD,esp,2024-09-01,PLAN-UNLIMITED,false,active,2003
I,2026-04-01T00:00:00Z,RD-002895,OP-001,Joan,Rossi,joan.rossi25@gmx.de,CTY-MAD,esp,2024-09-16,PLAN-PAYG,false,active,1972
I,2026-04-01T00:00:00Z,RD-002896,OP-001,Rui,Novak,rui.novak280@outlook.com,CTY-MAD,esp,2026-01-12,PLAN-COMMUTE,false,active,1976
I,2026-04-01T00:00:00Z,RD-002898,OP-001,Tiago,Ferrer,tiago.ferrer538@mail.com,CTY-MAD,esp,2025-05-08,PLAN-PAYG,true,active,1974
I,2026-04-01T00:00:00Z,RD-002899,OP-001,Thomas,Roux,thomas.roux595@correo.es,CTY-MAD,esp,2025-02-16,PLAN-PAYG,true,active,1977
I,2026-04-01T00:00:00Z,RD-002900,OP-001,Nils,Benali,nils.benali538@mail.com,CTY-MAD,esp,2026-01-28,PLAN-COMMUTE,false,active,1963
I,2026-04-01T00:00:00Z,RD-002901,OP-001,Emil,Lindqvist,emil.lindqvist991@gmx.de,CTY-MAD,esp,2024-02-26,PLAN-PAYG,true,active,2008
I,2026-04-01T00:00:00Z,RD-002903,OP-001,Joan,Fischer,joan.fischer418@gmx.de,CTY-MAD,esp,2024-05-24,PLAN-PAYG,false,active,2002
I,2026-04-01T00:00:00Z,RD-002904,OP-001,Beatriz,Pereira,beatriz.pereira947@proton.me,CTY-MAD,esp,2024-10-25,PLAN-PAYG,false,active,1979
I,2026-04-01T00:00:00Z,RD-002905,OP-001,Chloe,Fischer,chloe.fischer885@proton.me,CTY-MAD,esp,2025-02-07,PLAN-COMMUTE,true,active,1975
I,2026-04-01T00:00:00Z,RD-002906,OP-001,Karim,Vidal,karim.vidal842@outlook.com,CTY-MAD,esp,2024-07-20,PLAN-COMMUTE,false,active,1969
I,2026-04-01T00:00:00Z,RD-002907,OP-001,Elin,Benali,elin.benali726@outlook.com,CTY-MAD,esp,2024-02-24,PLAN-PAYG,true,active,1965
I,2026-04-01T00:00:00Z,RD-002908,OP-001,Nadia,Lopez,nadia.lopez501@proton.me,CTY-MAD,esp,2025-10-05,PLAN-PAYG,true,active,2005
I,2026-04-01T00:00:00Z,RD-002909,OP-001,Karim,Benali,karim.benali307@outlook.com,CTY-MAD,esp,2025-02-05,PLAN-PAYG,false,active,1992
I,2026-04-01T00:00:00Z,RD-002910,OP-001,Beatriz,Novak,beatriz.novak202@correo.es,CTY-MAD,esp,2025-06-14,PLAN-UNLIMITED,true,active,1989
I,2026-04-01T00:00:00Z,RD-002911,OP-001,Lucia,Berg,lucia.berg458@gmx.de,CTY-MAD,esp,2024-11-25,PLAN-PAYG,false,active,1995
I,2026-04-01T00:00:00Z,RD-002912,OP-001,Beatriz,Andersson,beatriz.andersson969@gmx.de,CTY-MAD,esp,2024-01-24,PLAN-COMMUTE,true,active,1988
I,2026-04-01T00:00:00Z,RD-002913,OP-001,Joan,Serra,joan.serra744@proton.me,CTY-MAD,esp,2024-01-30,PLAN-UNLIMITED,false,active,1983
I,2026-04-01T00:00:00Z,RD-002914,OP-001,Nils,Weber,nils.weber88@outlook.com,CTY-MAD,esp,2025-05-07,PLAN-COMMUTE,true,active,1972
I,2026-04-01T00:00:00Z,RD-002915,OP-001,Rui,Serra,rui.serra409@mail.com,CTY-MAD,esp,2026-01-06,PLAN-UNLIMITED,true,active,1970
I,2026-04-01T00:00:00Z,RD-002916,OP-001,Nora,Martin,nora.martin613@outlook.com,CTY-MAD,esp,2025-01-07,PLAN-PAYG,false,active,2005
I,2026-04-01T00:00:00Z,RD-002917,OP-001,Pablo,Rossi,pablo.rossi932@correo.es,CTY-MAD,esp,2024-07-31,PLAN-PAYG,false,active,1962
I,2026-04-01T00:00:00Z,RD-002918,OP-001,Elin,Rossi,elin.rossi502@outlook.com,CTY-MAD,esp,2024-01-12,PLAN-PAYG,true,active,2002
I,2026-04-01T00:00:00Z,RD-002919,OP-001,Antoine,Weber,antoine.weber373@mail.com,CTY-MAD,esp,2025-10-18,PLAN-UNLIMITED,false,active,1979
I,2026-04-01T00:00:00Z,RD-002920,OP-001,Joan,Martin,joan.martin541@correo.es,CTY-MAD,esp,2025-04-10,PLAN-COMMUTE,false,active,1990
I,2026-04-01T00:00:00Z,RD-002921,OP-001,Ines,Conti,ines.conti825@mail.com,CTY-MAD,esp,2024-07-19,PLAN-PAYG,false,active,1991
I,2026-04-01T00:00:00Z,RD-002922,OP-001,Nora,Pereira,nora.pereira676@gmx.de,CTY-MAD,esp,2024-12-02,PLAN-COMMUTE,true,active,1980
I,2026-04-01T00:00:00Z,RD-002923,OP-001,Nadia,Berg,nadia.berg190@outlook.com,CTY-MAD,esp,2025-05-05,PLAN-PAYG,true,active,1974
I,2026-04-01T00:00:00Z,RD-002925,OP-001,Ivan,Conti,ivan.conti505@outlook.com,CTY-MAD,esp,2025-03-14,PLAN-PAYG,false,active,1978
I,2026-04-01T00:00:00Z,RD-002926,OP-001,Sofia,Ferrer,sofia.ferrer587@gmx.de,CTY-MAD,esp,2025-11-05,PLAN-TOURIST,true,active,1963
I,2026-04-01T00:00:00Z,RD-002927,OP-001,Nora,Serra,nora.serra473@gmx.de,CTY-MAD,esp,2024-02-04,PLAN-PAYG,false,active,1971
I,2026-04-01T00:00:00Z,RD-002928,OP-001,Nils,Benali,nils.benali128@gmx.de,CTY-MAD,esp,2024-02-25,PLAN-PAYG,true,active,1970
I,2026-04-01T00:00:00Z,RD-002929,OP-001,Rui,Benali,rui.benali391@correo.es,CTY-MAD,esp,2025-02-15,PLAN-PAYG,true,active,1977
I,2026-04-01T00:00:00Z,RD-002930,OP-001,Oskar,Almeida,oskar.almeida251@mail.com,CTY-MAD,esp,2024-01-04,PLAN-PAYG,true,active,1984
I,2026-04-01T00:00:00Z,RD-002931,OP-001,Sofia,Fischer,sofia.fischer824@correo.es,CTY-MAD,esp,2024-03-02,PLAN-COMMUTE,true,active,1972
I,2026-04-01T00:00:00Z,RD-002932,OP-001,Marta,Moreno,marta.moreno624@gmx.de,CTY-MAD,esp,2025-10-05,PLAN-PAYG,false,active,1962
I,2026-04-01T00:00:00Z,RD-002933,OP-001,Marta,Nilsson,marta.nilsson681@outlook.com,CTY-MAD,esp,2024-03-21,PLAN-PAYG,true,active,2006
I,2026-04-01T00:00:00Z,RD-002934,OP-001,Karim,Almeida,karim.almeida828@mail.com,CTY-MAD,esp,2024-05-09,PLAN-PAYG,true,active,2006
I,2026-04-01T00:00:00Z,RD-002935,OP-001,Joan,Haddad,joan.haddad932@gmx.de,CTY-MAD,esp,2024-02-27,PLAN-PAYG,false,active,2007
I,2026-04-01T00:00:00Z,RD-002936,OP-001,Astrid,Andersson,astrid.andersson455@proton.me,CTY-MAD,esp,2025-01-02,PLAN-COMMUTE,true,active,1999
I,2026-04-01T00:00:00Z,RD-002937,OP-001,Antoine,Bernard,antoine.bernard278@gmx.de,CTY-MAD,esp,2024-06-02,PLAN-COMMUTE,false,active,1977
I,2026-04-01T00:00:00Z,RD-002938,OP-001,Ines,Moreno,ines.moreno549@correo.es,CTY-MAD,esp,2024-03-27,PLAN-PAYG,true,active,1994
I,2026-04-01T00:00:00Z,RD-002939,OP-001,Karim,Vidal,karim.vidal873@correo.es,CTY-MAD,esp,2024-10-08,PLAN-COMMUTE,true,active,1994
I,2026-04-01T00:00:00Z,RD-002940,OP-001,Elin,Serra,elin.serra663@proton.me,CTY-MAD,esp,2025-01-08,PLAN-COMMUTE,true,active,1983
I,2026-04-01T00:00:00Z,RD-002941,OP-001,Nadia,Silva,nadia.silva55@outlook.com,CTY-MAD,esp,2024-09-06,PLAN-PAYG,false,active,2008
I,2026-04-01T00:00:00Z,RD-002942,OP-001,Thomas,Benali,thomas.benali269@outlook.com,CTY-MAD,esp,2024-11-06,PLAN-PAYG,true,active,2005
I,2026-04-01T00:00:00Z,RD-002943,OP-001,Antoine,Silva,antoine.silva781@gmx.de,CTY-MAD,esp,2025-12-26,PLAN-PAYG,false,active,1999
I,2026-04-01T00:00:00Z,RD-002945,OP-001,Sofia,Nilsson,sofia.nilsson43@correo.es,CTY-MAD,esp,2024-10-24,PLAN-UNLIMITED,true,active,1990
I,2026-04-01T00:00:00Z,RD-002946,OP-001,Omar,Pereira,omar.pereira355@gmx.de,CTY-MAD,esp,2025-01-04,PLAN-COMMUTE,true,active,1985
I,2026-04-01T00:00:00Z,RD-002947,OP-001,Karim,Silva,karim.silva880@mail.com,CTY-MAD,esp,2024-03-20,PLAN-PAYG,true,active,2004
I,2026-04-01T00:00:00Z,RD-002948,OP-001,Aina,Dubois,aina.dubois308@proton.me,CTY-MAD,esp,2024-12-03,PLAN-COMMUTE,false,active,2002
I,2026-04-01T00:00:00Z,RD-002949,OP-001,Emil,Martin,emil.martin895@correo.es,CTY-MAD,esp,2025-08-11,PLAN-PAYG,true,active,1970
I,2026-04-01T00:00:00Z,RD-002951,OP-001,Rui,Martin,rui.martin506@mail.com,CTY-MAD,esp,2024-01-18,PLAN-COMMUTE,false,active,1985
I,2026-04-01T00:00:00Z,RD-002952,OP-001,Rui,Nilsson,rui.nilsson583@proton.me,CTY-MAD,esp,2024-11-13,PLAN-PAYG,false,active,2008
I,2026-04-01T00:00:00Z,RD-002953,OP-001,Karim,Moreno,karim.moreno203@outlook.com,CTY-MAD,esp,2024-05-15,PLAN-PAYG,false,active,2004
I,2026-04-01T00:00:00Z,RD-002954,OP-001,Karim,Martin,karim.martin373@outlook.com,CTY-MAD,esp,2024-12-03,PLAN-PAYG,true,active,1972
I,2026-04-01T00:00:00Z,RD-002955,OP-001,Manon,Dubois,manon.dubois640@mail.com,CTY-MAD,esp,2024-09-26,PLAN-PAYG,true,active,1971
I,2026-04-01T00:00:00Z,RD-002956,OP-001,Omar,Weber,omar.weber152@proton.me,CTY-MAD,esp,2025-05-17,PLAN-PAYG,true,active,1966
I,2026-04-01T00:00:00Z,RD-002957,OP-001,Diego,Costa,diego.costa643@correo.es,CTY-MAD,esp,2025-12-11,PLAN-PAYG,false,active,2002
I,2026-04-01T00:00:00Z,RD-002958,OP-001,Yasmin,Ferrer,yasmin.ferrer984@gmx.de,CTY-MAD,esp,2024-10-16,PLAN-PAYG,true,active,1980
I,2026-04-01T00:00:00Z,RD-002959,OP-001,Oskar,Costa,oskar.costa910@gmx.de,CTY-MAD,esp,2024-12-10,PLAN-UNLIMITED,true,active,1969
I,2026-04-01T00:00:00Z,RD-002960,OP-001,Nils,Roux,nils.roux220@correo.es,CTY-MAD,esp,2025-11-10,PLAN-PAYG,false,active,2006
I,2026-04-01T00:00:00Z,RD-002961,OP-001,Karim,Weber,karim.weber56@outlook.com,CTY-MAD,esp,2025-06-05,PLAN-STUDENT,false,active,1962
I,2026-04-01T00:00:00Z,RD-002962,OP-001,Diego,Fischer,diego.fischer31@outlook.com,CTY-MAD,esp,2024-04-03,PLAN-PAYG,true,active,1980
I,2026-04-01T00:00:00Z,RD-002963,OP-001,Nora,Lopez,nora.lopez933@gmx.de,CTY-MAD,esp,2025-01-14,PLAN-COMMUTE,false,active,1972
I,2026-04-01T00:00:00Z,RD-002964,OP-001,Lucia,Novak,lucia.novak598@correo.es,CTY-MAD,esp,2025-04-12,PLAN-PAYG,false,active,1964
I,2026-04-01T00:00:00Z,RD-002965,OP-001,Manon,Benali,manon.benali892@mail.com,CTY-MAD,esp,2024-09-05,PLAN-COMMUTE,false,active,1964
I,2026-04-01T00:00:00Z,RD-002966,OP-001,Ines,Haddad,ines.haddad519@outlook.com,CTY-MAD,esp,2025-06-14,PLAN-PAYG,true,active,1967
I,2026-04-01T00:00:00Z,RD-002967,OP-001,Joan,Costa,joan.costa566@correo.es,CTY-MAD,esp,2026-02-19,PLAN-COMMUTE,true,active,1968
I,2026-04-01T00:00:00Z,RD-002968,OP-001,Oskar,Andersson,oskar.andersson416@gmx.de,CTY-MAD,esp,2024-06-14,PLAN-PAYG,true,active,2005
I,2026-04-01T00:00:00Z,RD-002969,OP-001,Louis,Conti,louis.conti964@outlook.com,CTY-MAD,esp,2024-08-10,PLAN-PAYG,false,active,1999
I,2026-04-01T00:00:00Z,RD-002970,OP-001,Joan,Serra,joan.serra686@correo.es,CTY-MAD,esp,2025-11-12,PLAN-PAYG,false,active,1995
I,2026-04-01T00:00:00Z,RD-002971,OP-001,Hugo,Novak,hugo.novak574@outlook.com,CTY-MAD,esp,2024-03-05,PLAN-COMMUTE,false,active,1980
I,2026-04-01T00:00:00Z,RD-002972,OP-001,Astrid,Bernard,astrid.bernard423@proton.me,CTY-MAD,esp,2026-02-13,PLAN-PAYG,true,active,1979
I,2026-04-01T00:00:00Z,RD-002973,OP-001,Nadia,Fischer,nadia.fischer557@correo.es,CTY-MAD,esp,2024-01-09,PLAN-PAYG,true,active,1973
I,2026-04-01T00:00:00Z,RD-002974,OP-001,Diego,Serra,diego.serra446@gmx.de,CTY-MAD,esp,2025-02-18,PLAN-PAYG,true,active,2008
I,2026-04-01T00:00:00Z,RD-002976,OP-001,Manon,Serra,manon.serra841@proton.me,CTY-MAD,esp,2025-09-05,PLAN-PAYG,false,active,2000
I,2026-04-01T00:00:00Z,RD-002977,OP-001,Antoine,Novak,antoine.novak700@outlook.com,CTY-MAD,esp,2024-04-05,PLAN-PAYG,false,active,1979
I,2026-04-01T00:00:00Z,RD-002978,OP-001,Rui,Haddad,rui.haddad540@proton.me,CTY-MAD,esp,2025-02-01,PLAN-COMMUTE,false,active,1978
I,2026-04-01T00:00:00Z,RD-002979,OP-001,Freja,Benali,freja.benali583@outlook.com,CTY-MAD,esp,2026-03-23,PLAN-COMMUTE,true,active,1967
I,2026-04-01T00:00:00Z,RD-002980,OP-001,Antoine,Silva,antoine.silva414@gmx.de,CTY-MAD,esp,2025-03-23,PLAN-COMMUTE,true,active,2001
I,2026-04-01T00:00:00Z,RD-002981,OP-001,Sofia,Garcia,sofia.garcia388@outlook.com,CTY-MAD,esp,2025-10-03,PLAN-COMMUTE,false,active,1979
I,2026-04-01T00:00:00Z,RD-002982,OP-001,Manon,Haddad,manon.haddad684@outlook.com,CTY-MAD,esp,2025-03-04,PLAN-PAYG,true,active,2004
I,2026-04-01T00:00:00Z,RD-002983,OP-001,Tiago,Serra,tiago.serra801@correo.es,CTY-MAD,esp,2025-08-13,PLAN-PAYG,true,active,1979
I,2026-04-01T00:00:00Z,RD-002984,OP-001,Freja,Roux,freja.roux925@mail.com,CTY-MAD,esp,2024-07-09,PLAN-PAYG,true,active,1976
I,2026-04-01T00:00:00Z,RD-002985,OP-001,Emil,Rossi,emil.rossi55@proton.me,CTY-MAD,esp,2024-10-03,PLAN-COMMUTE,true,active,1975
I,2026-04-01T00:00:00Z,RD-002986,OP-001,Ines,Pereira,ines.pereira724@outlook.com,CTY-MAD,esp,2024-11-04,PLAN-CORP,false,active,1994
I,2026-04-01T00:00:00Z,RD-002987,OP-001,Ivan,Ferrer,ivan.ferrer338@gmx.de,CTY-MAD,esp,2026-03-17,PLAN-COMMUTE,false,active,2005
I,2026-04-01T00:00:00Z,RD-002988,OP-001,Manon,Dubois,manon.dubois840@gmx.de,CTY-MAD,esp,2025-10-29,PLAN-STUDENT,false,active,1994
I,2026-04-01T00:00:00Z,RD-002989,OP-001,Freja,Roux,freja.roux908@gmx.de,CTY-MAD,esp,2024-02-25,PLAN-PAYG,true,active,1987
I,2026-04-01T00:00:00Z,RD-002990,OP-001,Camille,Conti,camille.conti268@gmx.de,CTY-MAD,esp,2025-03-10,PLAN-CORP,false,active,1975
I,2026-04-01T00:00:00Z,RD-002991,OP-001,Nils,Lindqvist,nils.lindqvist377@proton.me,CTY-MAD,esp,2024-02-07,PLAN-PAYG,false,active,1984
I,2026-04-01T00:00:00Z,RD-002992,OP-001,Nora,Berg,nora.berg44@mail.com,CTY-MAD,esp,2024-06-30,PLAN-PAYG,true,active,2005
I,2026-04-01T00:00:00Z,RD-002993,OP-001,Ines,Pereira,ines.pereira733@mail.com,CTY-MAD,esp,2025-04-11,PLAN-UNLIMITED,true,active,1965
I,2026-04-01T00:00:00Z,RD-002994,OP-001,Ivan,Silva,ivan.silva95@outlook.com,CTY-MAD,esp,2025-08-11,PLAN-TOURIST,false,active,2004
I,2026-04-01T00:00:00Z,RD-002995,OP-001,Louis,Garcia,louis.garcia384@mail.com,CTY-MAD,esp,2025-02-22,PLAN-PAYG,false,active,1997
I,2026-04-01T00:00:00Z,RD-002996,OP-001,Elin,Ferrer,elin.ferrer270@correo.es,CTY-MAD,esp,2025-10-02,PLAN-UNLIMITED,true,active,2007
I,2026-04-01T00:00:00Z,RD-002997,OP-001,Beatriz,Bernard,beatriz.bernard921@proton.me,CTY-MAD,esp,2025-05-02,PLAN-PAYG,true,active,1973
I,2026-04-01T00:00:00Z,RD-002998,OP-001,Karim,Martin,karim.martin734@mail.com,CTY-MAD,esp,2025-12-09,PLAN-COMMUTE,true,active,1975
I,2026-04-01T00:00:00Z,RD-002999,OP-001,Nora,Roux,nora.roux42@outlook.com,CTY-MAD,esp,2025-02-15,PLAN-COMMUTE,true,active,1993
I,2026-04-01T00:00:00Z,RD-003000,OP-001,Joan,Ferrer,joan.ferrer618@mail.com,CTY-MAD,esp,2024-05-09,PLAN-PAYG,false,active,1991
I,2026-04-01T00:00:00Z,RD-003001,OP-001,Nadia,Novak,nadia.novak595@proton.me,CTY-MAD,esp,2024-10-29,PLAN-PAYG,true,active,1983
I,2026-04-01T00:00:00Z,RD-003002,OP-001,Karim,Vidal,karim.vidal185@gmx.de,CTY-MAD,esp,2025-12-21,PLAN-COMMUTE,false,active,1968
I,2026-04-01T00:00:00Z,RD-003003,OP-001,Pablo,Fischer,pablo.fischer926@outlook.com,CTY-MAD,esp,2024-11-20,PLAN-STUDENT,true,active,1981
I,2026-04-01T00:00:00Z,RD-003004,OP-001,Karim,Garcia,karim.garcia750@gmx.de,CTY-MAD,esp,2025-05-05,PLAN-PAYG,true,active,1989
I,2026-04-01T00:00:00Z,RD-003005,OP-001,Lucia,Garcia,lucia.garcia919@correo.es,CTY-MAD,esp,2024-06-05,PLAN-PAYG,false,active,1980
I,2026-04-01T00:00:00Z,RD-003007,OP-001,Yasmin,Vidal,yasmin.vidal85@outlook.com,CTY-MAD,esp,2024-09-08,PLAN-PAYG,false,active,1977
I,2026-04-01T00:00:00Z,RD-003008,OP-001,Antoine,Lopez,antoine.lopez422@gmx.de,CTY-MAD,esp,2025-03-11,PLAN-PAYG,true,active,1973
I,2026-04-01T00:00:00Z,RD-003009,OP-001,Ivan,Andersson,ivan.andersson992@gmx.de,CTY-MAD,esp,2025-02-27,PLAN-PAYG,true,active,1988
I,2026-04-01T00:00:00Z,RD-003010,OP-001,Manon,Vidal,manon.vidal340@gmx.de,CTY-MAD,esp,2024-11-29,PLAN-PAYG,false,active,1970
I,2026-04-01T00:00:00Z,RD-003011,OP-001,Nadia,Ferrer,nadia.ferrer645@proton.me,CTY-MAD,esp,2025-02-18,PLAN-COMMUTE,true,active,1991
I,2026-04-01T00:00:00Z,RD-003012,OP-001,Thomas,Silva,thomas.silva911@gmx.de,CTY-MAD,esp,2024-01-08,PLAN-UNLIMITED,false,active,1997
I,2026-04-01T00:00:00Z,RD-003013,OP-001,Emil,Ferrer,emil.ferrer327@proton.me,CTY-MAD,esp,2024-01-03,PLAN-CORP,true,active,1973
I,2026-04-01T00:00:00Z,RD-003015,OP-001,Ivan,Costa,ivan.costa589@correo.es,CTY-MAD,esp,2024-07-11,PLAN-COMMUTE,true,active,1963
I,2026-04-01T00:00:00Z,RD-003016,OP-001,Camille,Costa,camille.costa752@outlook.com,CTY-MAD,esp,2024-10-15,PLAN-COMMUTE,true,active,1988
I,2026-04-01T00:00:00Z,RD-003017,OP-001,Elin,Martin,elin.martin596@gmx.de,CTY-MAD,esp,2025-03-28,PLAN-PAYG,true,active,2007
I,2026-04-01T00:00:00Z,RD-003018,OP-001,Ines,Lindqvist,ines.lindqvist181@proton.me,CTY-MAD,esp,2024-10-04,PLAN-COMMUTE,false,active,1995
I,2026-04-01T00:00:00Z,RD-003019,OP-001,Antoine,Silva,antoine.silva339@mail.com,CTY-MAD,esp,2025-12-01,PLAN-COMMUTE,true,active,2008
I,2026-04-01T00:00:00Z,RD-003020,OP-001,Joan,Nilsson,joan.nilsson669@mail.com,CTY-MAD,esp,2026-03-04,PLAN-PAYG,false,active,1996
I,2026-04-01T00:00:00Z,RD-003021,OP-001,Ines,Ferrer,ines.ferrer52@outlook.com,CTY-MAD,esp,2024-04-10,PLAN-PAYG,false,active,1987
I,2026-04-01T00:00:00Z,RD-003022,OP-001,Manon,Costa,manon.costa427@correo.es,CTY-MAD,esp,2024-08-17,PLAN-COMMUTE,true,active,1982
I,2026-04-01T00:00:00Z,RD-003023,OP-001,Emil,Rossi,emil.rossi310@correo.es,CTY-MAD,esp,2025-12-17,PLAN-PAYG,true,active,1962
I,2026-04-01T00:00:00Z,RD-003024,OP-001,Beatriz,Roux,beatriz.roux416@gmx.de,CTY-MAD,esp,2024-05-02,PLAN-PAYG,false,active,1964
I,2026-04-01T00:00:00Z,RD-003025,OP-001,Camille,Novak,camille.novak474@mail.com,CTY-MAD,esp,2026-03-16,PLAN-STUDENT,false,active,1990
I,2026-04-01T00:00:00Z,RD-003026,OP-001,Joan,Moreno,joan.moreno721@outlook.com,CTY-MAD,esp,2024-12-15,PLAN-PAYG,true,active,1975
I,2026-04-01T00:00:00Z,RD-003027,OP-001,Omar,Novak,omar.novak482@mail.com,CTY-MAD,esp,2026-02-01,PLAN-PAYG,false,active,1986
I,2026-04-01T00:00:00Z,RD-003028,OP-001,Ines,Moreno,ines.moreno456@gmx.de,CTY-MAD,esp,2025-09-11,PLAN-PAYG,true,active,1993
I,2026-04-01T00:00:00Z,RD-003029,OP-001,Thomas,Lindqvist,thomas.lindqvist577@correo.es,CTY-MAD,esp,2026-03-03,PLAN-PAYG,true,active,1965
I,2026-04-01T00:00:00Z,RD-003031,OP-001,Chloe,Novak,chloe.novak217@proton.me,CTY-MAD,esp,2025-08-25,PLAN-PAYG,false,active,1963
I,2026-04-01T00:00:00Z,RD-003032,OP-001,Ines,Benali,ines.benali741@gmx.de,CTY-MAD,esp,2024-09-20,PLAN-PAYG,false,active,2007
I,2026-04-01T00:00:00Z,RD-003034,OP-001,Nora,Costa,nora.costa510@proton.me,CTY-MAD,esp,2025-11-10,PLAN-UNLIMITED,true,active,1998
I,2026-04-01T00:00:00Z,RD-003035,OP-001,Sofia,Almeida,sofia.almeida481@outlook.com,CTY-MAD,esp,2024-01-13,PLAN-UNLIMITED,false,active,1989
I,2026-04-01T00:00:00Z,RD-003036,OP-001,Aina,Novak,aina.novak461@mail.com,CTY-MAD,esp,2024-07-05,PLAN-COMMUTE,true,active,1988
I,2026-04-01T00:00:00Z,RD-003039,OP-001,Yasmin,Garcia,yasmin.garcia604@gmx.de,CTY-MAD,esp,2024-03-10,PLAN-STUDENT,true,active,1997
I,2026-04-01T00:00:00Z,RD-003040,OP-001,Lucia,Novak,lucia.novak894@correo.es,CTY-MAD,esp,2024-02-20,PLAN-TOURIST,false,active,2006
I,2026-04-01T00:00:00Z,RD-003041,OP-001,Freja,Kowalski,freja.kowalski353@outlook.com,CTY-MAD,esp,2024-01-25,PLAN-PAYG,false,active,1993
I,2026-04-01T00:00:00Z,RD-003042,OP-001,Antoine,Ferrer,antoine.ferrer603@proton.me,CTY-MAD,esp,2025-11-18,PLAN-PAYG,false,active,1994
I,2026-04-01T00:00:00Z,RD-003043,OP-001,Aina,Moreno,aina.moreno438@outlook.com,CTY-MAD,esp,2024-12-09,PLAN-UNLIMITED,false,active,1989
I,2026-04-01T00:00:00Z,RD-003044,OP-001,Marta,Martin,marta.martin326@outlook.com,CTY-MAD,esp,2025-10-12,PLAN-PAYG,true,active,1999
I,2026-04-01T00:00:00Z,RD-003045,OP-001,Yasmin,Serra,yasmin.serra887@mail.com,CTY-MAD,esp,2024-12-28,PLAN-TOURIST,false,active,1987
I,2026-04-01T00:00:00Z,RD-003046,OP-001,Ivan,Conti,ivan.conti679@proton.me,CTY-MAD,esp,2026-01-26,PLAN-STUDENT,true,active,1984
I,2026-04-01T00:00:00Z,RD-003047,OP-001,Joan,Ferrer,joan.ferrer435@proton.me,CTY-MAD,esp,2024-04-18,PLAN-COMMUTE,false,active,2002
I,2026-04-01T00:00:00Z,RD-003048,OP-001,Emil,Andersson,emil.andersson565@correo.es,CTY-MAD,esp,2024-05-03,PLAN-COMMUTE,false,active,2008
I,2026-04-01T00:00:00Z,RD-003049,OP-001,Emil,Berg,emil.berg512@proton.me,CTY-MAD,esp,2024-10-15,PLAN-COMMUTE,false,active,2001
I,2026-04-01T00:00:00Z,RD-003050,OP-001,Omar,Benali,omar.benali671@outlook.com,CTY-MAD,esp,2024-12-07,PLAN-PAYG,true,active,1985
I,2026-04-01T00:00:00Z,RD-003051,OP-001,Freja,Benali,freja.benali770@mail.com,CTY-MAD,esp,2025-04-25,PLAN-PAYG,true,active,1964
I,2026-04-01T00:00:00Z,RD-003052,OP-001,Yasmin,Lopez,yasmin.lopez714@proton.me,CTY-MAD,esp,2024-03-04,PLAN-UNLIMITED,false,active,2002
I,2026-04-01T00:00:00Z,RD-003054,OP-001,Beatriz,Andersson,beatriz.andersson695@mail.com,CTY-MAD,esp,2024-09-01,PLAN-PAYG,true,active,1977
I,2026-04-01T00:00:00Z,RD-003055,OP-001,Manon,Roux,manon.roux41@gmx.de,CTY-MAD,esp,2024-08-09,PLAN-COMMUTE,true,active,1994
I,2026-04-01T00:00:00Z,RD-003056,OP-001,Antoine,Conti,antoine.conti383@correo.es,CTY-MAD,esp,2025-05-03,PLAN-PAYG,false,active,1973
I,2026-04-01T00:00:00Z,RD-003057,OP-001,Nils,Rossi,nils.rossi613@gmx.de,CTY-MAD,esp,2024-05-19,PLAN-COMMUTE,false,active,1978
I,2026-04-01T00:00:00Z,RD-003058,OP-001,Emil,Bernard,emil.bernard572@correo.es,CTY-MAD,esp,2024-07-09,PLAN-PAYG,true,active,1980
I,2026-04-01T00:00:00Z,RD-003059,OP-001,Thomas,Costa,thomas.costa585@correo.es,CTY-MAD,esp,2024-08-24,PLAN-STUDENT,true,active,1999
I,2026-04-01T00:00:00Z,RD-003060,OP-001,Ivan,Lopez,ivan.lopez523@proton.me,CTY-MAD,esp,2025-04-16,PLAN-PAYG,true,active,1977
I,2026-04-01T00:00:00Z,RD-003061,OP-001,Beatriz,Novak,beatriz.novak831@proton.me,CTY-MAD,esp,2026-01-08,PLAN-PAYG,true,active,1982
I,2026-04-01T00:00:00Z,RD-003062,OP-001,Elin,Martin,elin.martin743@proton.me,CTY-MAD,esp,2025-05-21,PLAN-COMMUTE,true,active,1991
I,2026-04-01T00:00:00Z,RD-003063,OP-001,Diego,Andersson,diego.andersson686@gmx.de,CTY-MAD,esp,2024-05-08,PLAN-PAYG,false,active,1975
I,2026-04-01T00:00:00Z,RD-003064,OP-001,Oskar,Lindqvist,oskar.lindqvist79@mail.com,CTY-MAD,esp,2025-12-13,PLAN-COMMUTE,false,active,1984
I,2026-04-01T00:00:00Z,RD-003065,OP-001,Joan,Haddad,joan.haddad162@mail.com,CTY-MAD,esp,2025-04-15,PLAN-COMMUTE,true,active,2008
I,2026-04-01T00:00:00Z,RD-003066,OP-001,Antoine,Andersson,antoine.andersson876@gmx.de,CTY-MAD,esp,2025-12-19,PLAN-PAYG,false,active,1988
I,2026-04-01T00:00:00Z,RD-003067,OP-001,Hugo,Benali,hugo.benali591@mail.com,CTY-MAD,esp,2024-07-23,PLAN-PAYG,false,active,1991
I,2026-04-01T00:00:00Z,RD-003068,OP-001,Marta,Fischer,marta.fischer333@mail.com,CTY-MAD,esp,2024-11-18,PLAN-PAYG,false,active,1976
I,2026-04-01T00:00:00Z,RD-003069,OP-001,Manon,Haddad,manon.haddad273@mail.com,CTY-MAD,esp,2024-10-06,PLAN-PAYG,true,active,1963
I,2026-04-01T00:00:00Z,RD-003070,OP-001,Diego,Vidal,diego.vidal767@outlook.com,CTY-MAD,esp,2026-03-09,PLAN-PAYG,true,active,1984
I,2026-04-01T00:00:00Z,RD-003071,OP-001,Sofia,Haddad,sofia.haddad110@outlook.com,CTY-MAD,esp,2024-01-02,PLAN-STUDENT,false,active,2001
I,2026-04-01T00:00:00Z,RD-003072,OP-001,Nadia,Benali,nadia.benali983@correo.es,CTY-MAD,esp,2024-08-07,PLAN-COMMUTE,true,active,1985
I,2026-04-01T00:00:00Z,RD-003073,OP-001,Astrid,Silva,astrid.silva816@outlook.com,CTY-MAD,esp,2024-11-10,PLAN-UNLIMITED,true,active,1968
I,2026-04-01T00:00:00Z,RD-003074,OP-001,Lucia,Silva,lucia.silva876@correo.es,CTY-MAD,esp,2024-02-08,PLAN-PAYG,false,active,1987
I,2026-04-01T00:00:00Z,RD-003076,OP-001,Hugo,Nilsson,hugo.nilsson931@gmx.de,CTY-MAD,esp,2024-12-08,PLAN-PAYG,true,active,1962
I,2026-04-01T00:00:00Z,RD-003078,OP-001,Chloe,Rossi,chloe.rossi256@outlook.com,CTY-MAD,esp,2025-11-10,PLAN-PAYG,false,active,1967
I,2026-04-01T00:00:00Z,RD-003079,OP-001,Manon,Dubois,manon.dubois235@gmx.de,CTY-MAD,esp,2024-10-29,PLAN-PAYG,true,active,2001
I,2026-04-01T00:00:00Z,RD-003080,OP-001,Omar,Silva,omar.silva484@mail.com,CTY-MAD,esp,2024-09-22,PLAN-COMMUTE,true,active,1988
I,2026-04-01T00:00:00Z,RD-003081,OP-001,Joan,Fischer,joan.fischer539@mail.com,CTY-MAD,esp,2025-08-07,PLAN-PAYG,false,active,1968
I,2026-04-01T00:00:00Z,RD-003082,OP-001,Freja,Andersson,freja.andersson266@mail.com,CTY-MAD,esp,2024-03-17,PLAN-COMMUTE,true,active,1972
I,2026-04-01T00:00:00Z,RD-003083,OP-001,Hugo,Nilsson,hugo.nilsson347@proton.me,CTY-MAD,esp,2025-05-14,PLAN-PAYG,true,active,2000
I,2026-04-01T00:00:00Z,RD-003085,OP-001,Pablo,Andersson,pablo.andersson446@proton.me,CTY-MAD,esp,2024-07-20,PLAN-PAYG,true,active,1970
I,2026-04-01T00:00:00Z,RD-003086,OP-001,Ines,Silva,ines.silva820@mail.com,CTY-MAD,esp,2025-09-03,PLAN-PAYG,false,active,2006
I,2026-04-01T00:00:00Z,RD-003087,OP-001,Manon,Silva,manon.silva663@outlook.com,CTY-MAD,esp,2025-03-25,PLAN-PAYG,false,active,2008
I,2026-04-01T00:00:00Z,RD-003088,OP-001,Emil,Roux,emil.roux721@gmx.de,CTY-MAD,esp,2024-03-01,PLAN-PAYG,false,active,1999
I,2026-04-01T00:00:00Z,RD-003089,OP-001,Hugo,Serra,hugo.serra884@mail.com,CTY-MAD,esp,2025-08-21,PLAN-COMMUTE,true,active,2003
I,2026-04-01T00:00:00Z,RD-003090,OP-001,Diego,Serra,diego.serra277@outlook.com,CTY-MAD,esp,2025-09-14,PLAN-PAYG,true,active,1980
I,2026-04-01T00:00:00Z,RD-003092,OP-001,Beatriz,Andersson,beatriz.andersson876@correo.es,CTY-MAD,esp,2024-10-18,PLAN-PAYG,true,active,1962
I,2026-04-01T00:00:00Z,RD-003094,OP-001,Aina,Ferrer,aina.ferrer663@gmx.de,CTY-MAD,esp,2025-06-02,PLAN-COMMUTE,false,active,2001
I,2026-04-01T00:00:00Z,RD-003095,OP-001,Ines,Bernard,ines.bernard413@gmx.de,CTY-MAD,esp,2025-02-04,PLAN-COMMUTE,true,active,2006
I,2026-04-01T00:00:00Z,RD-003096,OP-001,Tiago,Vidal,tiago.vidal615@mail.com,CTY-MAD,esp,2026-03-29,PLAN-PAYG,false,active,1991
I,2026-04-01T00:00:00Z,RD-003097,OP-001,Nadia,Kowalski,nadia.kowalski975@mail.com,CTY-MAD,esp,2025-09-13,PLAN-UNLIMITED,false,active,1979
I,2026-04-01T00:00:00Z,RD-003098,OP-001,Chloe,Novak,chloe.novak196@correo.es,CTY-MAD,esp,2024-11-16,PLAN-COMMUTE,true,active,1968
I,2026-04-01T00:00:00Z,RD-003099,OP-001,Pablo,Andersson,pablo.andersson904@correo.es,CTY-MAD,esp,2024-11-18,PLAN-PAYG,false,active,1987
I,2026-04-01T00:00:00Z,RD-003100,OP-001,Yasmin,Roux,yasmin.roux297@correo.es,CTY-MAD,esp,2024-08-29,PLAN-PAYG,true,active,2008
I,2026-04-01T00:00:00Z,RD-003102,OP-001,Yasmin,Lopez,yasmin.lopez162@mail.com,CTY-MAD,esp,2026-03-10,PLAN-TOURIST,false,active,1977
I,2026-04-01T00:00:00Z,RD-003103,OP-001,Omar,Weber,omar.weber248@outlook.com,CTY-MAD,esp,2024-06-11,PLAN-PAYG,true,active,1990
I,2026-04-01T00:00:00Z,RD-003104,OP-001,Emil,Almeida,emil.almeida138@outlook.com,CTY-MAD,esp,2026-03-02,PLAN-UNLIMITED,true,active,2003
I,2026-04-01T00:00:00Z,RD-003105,OP-001,Camille,Kowalski,camille.kowalski549@proton.me,CTY-MAD,esp,2026-02-08,PLAN-COMMUTE,false,active,2007
I,2026-04-01T00:00:00Z,RD-003106,OP-001,Freja,Martin,freja.martin718@proton.me,CTY-MAD,esp,2025-07-06,PLAN-PAYG,true,active,1966
I,2026-04-01T00:00:00Z,RD-003107,OP-001,Joan,Dubois,joan.dubois813@gmx.de,CTY-MAD,esp,2024-07-01,PLAN-STUDENT,true,active,1963
I,2026-04-01T00:00:00Z,RD-003108,OP-001,Ivan,Andersson,ivan.andersson380@mail.com,CTY-MAD,esp,2026-03-21,PLAN-PAYG,false,active,1971
I,2026-04-01T00:00:00Z,RD-003109,OP-001,Diego,Fischer,diego.fischer353@gmx.de,CTY-MAD,esp,2024-05-20,PLAN-PAYG,false,active,1980
I,2026-04-01T00:00:00Z,RD-003111,OP-001,Hugo,Martin,hugo.martin771@correo.es,CTY-MAD,esp,2025-03-20,PLAN-COMMUTE,false,active,2006
I,2026-04-01T00:00:00Z,RD-003112,OP-001,Hugo,Lindqvist,hugo.lindqvist825@outlook.com,CTY-MAD,esp,2024-04-15,PLAN-PAYG,true,active,1986
I,2026-04-01T00:00:00Z,RD-003113,OP-001,Camille,Andersson,camille.andersson171@proton.me,CTY-MAD,esp,2025-10-03,PLAN-PAYG,false,active,1995
I,2026-04-01T00:00:00Z,RD-003114,OP-001,Marta,Martin,marta.martin941@mail.com,CTY-MAD,esp,2026-01-25,PLAN-PAYG,true,active,1984
I,2026-04-01T00:00:00Z,RD-003115,OP-001,Nadia,Dubois,nadia.dubois81@outlook.com,CTY-MAD,esp,2024-08-24,PLAN-COMMUTE,false,active,1999
I,2026-04-01T00:00:00Z,RD-003116,OP-001,Ivan,Lopez,ivan.lopez437@outlook.com,CTY-MAD,esp,2026-01-12,PLAN-COMMUTE,true,active,2003
I,2026-04-01T00:00:00Z,RD-003117,OP-001,Nora,Silva,nora.silva479@mail.com,CTY-MAD,esp,2025-12-25,PLAN-PAYG,false,active,2003
I,2026-04-01T00:00:00Z,RD-003118,OP-001,Marta,Martin,marta.martin741@outlook.com,CTY-MAD,esp,2024-01-07,PLAN-PAYG,false,active,1998
I,2026-04-01T00:00:00Z,RD-003119,OP-001,Diego,Kowalski,diego.kowalski812@proton.me,CTY-MAD,esp,2025-09-18,PLAN-PAYG,false,active,1991
I,2026-04-01T00:00:00Z,RD-003120,OP-001,Freja,Bernard,freja.bernard129@mail.com,CTY-MAD,esp,2025-02-28,PLAN-PAYG,true,active,1982
I,2026-04-01T00:00:00Z,RD-003121,OP-001,Omar,Haddad,omar.haddad800@gmx.de,CTY-MAD,esp,2025-09-17,PLAN-PAYG,false,active,1979
I,2026-04-01T00:00:00Z,RD-003122,OP-001,Thomas,Serra,thomas.serra597@gmx.de,CTY-MAD,esp,2025-01-14,PLAN-PAYG,true,active,1974
I,2026-04-01T00:00:00Z,RD-003123,OP-001,Chloe,Ferrer,chloe.ferrer69@gmx.de,CTY-MAD,esp,2025-09-19,PLAN-PAYG,false,active,1975
I,2026-04-01T00:00:00Z,RD-003124,OP-001,Louis,Rossi,louis.rossi721@mail.com,CTY-MAD,esp,2026-02-04,PLAN-PAYG,false,active,1993
I,2026-04-01T00:00:00Z,RD-003125,OP-001,Diego,Silva,diego.silva882@proton.me,CTY-MAD,esp,2024-08-23,PLAN-PAYG,false,active,2008
I,2026-04-01T00:00:00Z,RD-003126,OP-001,Rui,Garcia,rui.garcia752@mail.com,CTY-MAD,esp,2024-12-09,PLAN-PAYG,false,active,1977
I,2026-04-01T00:00:00Z,RD-003127,OP-001,Emil,Vidal,emil.vidal138@proton.me,CTY-MAD,esp,2024-09-24,PLAN-UNLIMITED,false,active,1994
I,2026-04-01T00:00:00Z,RD-003128,OP-001,Antoine,Fischer,antoine.fischer727@correo.es,CTY-MAD,esp,2024-02-10,PLAN-UNLIMITED,true,active,1975
I,2026-04-01T00:00:00Z,RD-003129,OP-001,Camille,Roux,camille.roux83@proton.me,CTY-MAD,esp,2025-06-12,PLAN-PAYG,true,active,1984
I,2026-04-01T00:00:00Z,RD-003130,OP-001,Karim,Nilsson,karim.nilsson699@gmx.de,CTY-MAD,esp,2026-01-29,PLAN-UNLIMITED,true,active,1966
I,2026-04-01T00:00:00Z,RD-003131,OP-001,Nadia,Serra,nadia.serra971@outlook.com,CTY-MAD,esp,2024-11-20,PLAN-PAYG,false,active,1975
I,2026-04-01T00:00:00Z,RD-003133,OP-001,Tiago,Bernard,tiago.bernard56@proton.me,CTY-MAD,esp,2024-09-03,PLAN-COMMUTE,false,active,1999
I,2026-04-01T00:00:00Z,RD-003134,OP-001,Nadia,Berg,nadia.berg28@correo.es,CTY-MAD,esp,2024-01-27,PLAN-STUDENT,true,active,1994
I,2026-04-01T00:00:00Z,RD-003135,OP-001,Antoine,Garcia,antoine.garcia305@outlook.com,CTY-MAD,esp,2025-03-03,PLAN-CORP,true,active,2005
I,2026-04-01T00:00:00Z,RD-003136,OP-001,Joan,Ferrer,joan.ferrer157@gmx.de,CTY-MAD,esp,2025-05-27,PLAN-PAYG,false,active,1963
I,2026-04-01T00:00:00Z,RD-003137,OP-001,Tiago,Lopez,tiago.lopez531@gmx.de,CTY-MAD,esp,2024-05-17,PLAN-TOURIST,true,active,1989
I,2026-04-01T00:00:00Z,RD-003138,OP-001,Camille,Roux,camille.roux657@correo.es,CTY-MAD,esp,2025-04-01,PLAN-PAYG,true,active,1980
I,2026-04-01T00:00:00Z,RD-003140,OP-001,Sofia,Andersson,sofia.andersson508@gmx.de,CTY-MAD,esp,2025-11-11,PLAN-PAYG,true,active,1981
I,2026-04-01T00:00:00Z,RD-003141,OP-001,Diego,Vidal,diego.vidal370@mail.com,CTY-MAD,esp,2025-02-25,PLAN-UNLIMITED,true,active,1980
I,2026-04-01T00:00:00Z,RD-003142,OP-001,Yasmin,Almeida,yasmin.almeida645@gmx.de,CTY-MAD,esp,2024-01-13,PLAN-PAYG,true,active,1977
I,2026-04-01T00:00:00Z,RD-003143,OP-001,Elin,Costa,elin.costa467@outlook.com,CTY-MAD,esp,2026-02-02,PLAN-PAYG,true,active,2008
I,2026-04-01T00:00:00Z,RD-003144,OP-001,Emil,Weber,emil.weber702@correo.es,CTY-MAD,esp,2024-05-30,PLAN-COMMUTE,false,active,1989
I,2026-04-01T00:00:00Z,RD-003145,OP-001,Manon,Rossi,manon.rossi88@proton.me,CTY-MAD,esp,2025-11-03,PLAN-PAYG,true,active,2007
I,2026-04-01T00:00:00Z,RD-003146,OP-001,Ines,Fischer,ines.fischer573@outlook.com,CTY-MAD,esp,2026-02-15,PLAN-PAYG,false,active,1993
I,2026-04-01T00:00:00Z,RD-003147,OP-001,Nils,Martin,nils.martin886@mail.com,CTY-MAD,esp,2025-01-14,PLAN-PAYG,false,active,1991
I,2026-04-01T00:00:00Z,RD-003148,OP-001,Louis,Lopez,louis.lopez622@outlook.com,CTY-MAD,esp,2024-08-06,PLAN-PAYG,true,active,2001
I,2026-04-01T00:00:00Z,RD-003149,OP-001,Astrid,Novak,astrid.novak43@gmx.de,CTY-MAD,esp,2024-06-13,PLAN-PAYG,true,active,1964
I,2026-04-01T00:00:00Z,RD-003150,OP-001,Sofia,Costa,sofia.costa327@gmx.de,CTY-MAD,esp,2024-09-15,PLAN-COMMUTE,false,active,1994
I,2026-04-01T00:00:00Z,RD-003151,OP-001,Antoine,Lopez,antoine.lopez468@correo.es,CTY-MAD,esp,2026-03-20,PLAN-PAYG,true,active,1993
I,2026-04-01T00:00:00Z,RD-003152,OP-001,Beatriz,Kowalski,beatriz.kowalski746@mail.com,CTY-MAD,esp,2024-11-15,PLAN-PAYG,true,active,1984
I,2026-04-01T00:00:00Z,RD-003153,OP-001,Nadia,Martin,nadia.martin340@outlook.com,CTY-MAD,esp,2025-06-06,PLAN-PAYG,true,active,1996
I,2026-04-01T00:00:00Z,RD-003154,OP-001,Camille,Silva,camille.silva738@correo.es,CTY-MAD,esp,2025-02-04,PLAN-PAYG,false,active,1981
I,2026-04-01T00:00:00Z,RD-003155,OP-001,Rui,Andersson,rui.andersson188@proton.me,CTY-MAD,esp,2025-08-20,PLAN-PAYG,false,active,1978
I,2026-04-01T00:00:00Z,RD-003156,OP-001,Marta,Pereira,marta.pereira868@proton.me,CTY-MAD,esp,2024-11-17,PLAN-UNLIMITED,true,active,1970
I,2026-04-01T00:00:00Z,RD-003157,OP-001,Joan,Conti,joan.conti77@gmx.de,CTY-MAD,esp,2025-10-12,PLAN-PAYG,false,active,1973
I,2026-04-01T00:00:00Z,RD-003158,OP-001,Joan,Kowalski,joan.kowalski699@gmx.de,CTY-MAD,esp,2025-01-02,PLAN-COMMUTE,true,active,2005
I,2026-04-01T00:00:00Z,RD-003159,OP-001,Elin,Berg,elin.berg870@mail.com,CTY-MAD,esp,2026-02-16,PLAN-PAYG,false,active,1991
I,2026-04-01T00:00:00Z,RD-003161,OP-001,Chloe,Conti,chloe.conti109@mail.com,CTY-MAD,esp,2026-03-29,PLAN-COMMUTE,false,active,1970
I,2026-04-01T00:00:00Z,RD-003162,OP-001,Louis,Kowalski,louis.kowalski23@outlook.com,CTY-MAD,esp,2024-10-10,PLAN-PAYG,true,active,1969
I,2026-04-01T00:00:00Z,RD-003163,OP-001,Antoine,Serra,antoine.serra705@proton.me,CTY-MAD,esp,2024-04-18,PLAN-PAYG,false,active,1996
I,2026-04-01T00:00:00Z,RD-003164,OP-001,Chloe,Garcia,chloe.garcia98@mail.com,CTY-MAD,esp,2024-10-13,PLAN-CORP,false,active,1997
I,2026-04-01T00:00:00Z,RD-003165,OP-001,Nils,Pereira,nils.pereira429@gmx.de,CTY-MAD,esp,2025-06-18,PLAN-CORP,true,active,1989
I,2026-04-01T00:00:00Z,RD-003167,OP-001,Tiago,Pereira,tiago.pereira825@mail.com,CTY-MAD,esp,2024-04-27,PLAN-TOURIST,false,active,1991
I,2026-04-01T00:00:00Z,RD-003168,OP-001,Manon,Garcia,manon.garcia335@proton.me,CTY-MAD,esp,2024-06-09,PLAN-COMMUTE,false,active,2004
I,2026-04-01T00:00:00Z,RD-003169,OP-001,Diego,Lindqvist,diego.lindqvist475@correo.es,CTY-MAD,esp,2024-01-30,PLAN-PAYG,false,active,2004
I,2026-04-01T00:00:00Z,RD-003170,OP-001,Nils,Weber,nils.weber896@proton.me,CTY-MAD,esp,2025-09-20,PLAN-COMMUTE,false,active,2000
I,2026-04-01T00:00:00Z,RD-003171,OP-001,Antoine,Fischer,antoine.fischer219@mail.com,CTY-MAD,esp,2026-02-11,PLAN-PAYG,true,active,1994
I,2026-04-01T00:00:00Z,RD-003172,OP-001,Pablo,Fischer,pablo.fischer610@outlook.com,CTY-MAD,esp,2025-10-01,PLAN-UNLIMITED,true,active,1978
I,2026-04-01T00:00:00Z,RD-003173,OP-001,Freja,Haddad,freja.haddad23@gmx.de,CTY-MAD,esp,2025-04-23,PLAN-UNLIMITED,true,active,1968
I,2026-04-01T00:00:00Z,RD-003174,OP-001,Omar,Kowalski,omar.kowalski524@proton.me,CTY-MAD,esp,2024-04-05,PLAN-COMMUTE,false,active,1977
I,2026-04-01T00:00:00Z,RD-003175,OP-001,Aina,Lindqvist,aina.lindqvist945@gmx.de,CTY-MAD,esp,2024-09-27,PLAN-COMMUTE,false,active,1968
I,2026-04-01T00:00:00Z,RD-003176,OP-001,Ines,Fischer,ines.fischer377@outlook.com,CTY-MAD,esp,2025-04-19,PLAN-PAYG,false,active,1965
I,2026-04-01T00:00:00Z,RD-003177,OP-001,Marta,Lindqvist,marta.lindqvist472@gmx.de,CTY-MAD,esp,2026-02-16,PLAN-PAYG,true,active,1984
I,2026-04-01T00:00:00Z,RD-003178,OP-001,Nadia,Almeida,nadia.almeida304@mail.com,CTY-MAD,esp,2025-04-25,PLAN-TOURIST,false,active,1975
I,2026-04-01T00:00:00Z,RD-003180,OP-001,Sofia,Moreno,sofia.moreno607@mail.com,CTY-MAD,esp,2024-04-26,PLAN-COMMUTE,true,active,1986
I,2026-04-01T00:00:00Z,RD-003181,OP-001,Marta,Martin,marta.martin412@outlook.com,CTY-MAD,esp,2026-01-24,PLAN-PAYG,true,active,1985
I,2026-04-01T00:00:00Z,RD-003182,OP-001,Karim,Vidal,karim.vidal317@gmx.de,CTY-MAD,esp,2025-11-22,PLAN-PAYG,false,active,1990
I,2026-04-01T00:00:00Z,RD-003183,OP-001,Camille,Lindqvist,camille.lindqvist836@correo.es,CTY-MAD,esp,2025-01-09,PLAN-COMMUTE,true,active,1982
I,2026-04-01T00:00:00Z,RD-003185,OP-001,Manon,Benali,manon.benali319@gmx.de,CTY-MAD,esp,2025-09-17,PLAN-COMMUTE,false,active,2006
I,2026-04-01T00:00:00Z,RD-003187,OP-001,Aina,Almeida,aina.almeida657@outlook.com,CTY-MAD,esp,2026-01-07,PLAN-PAYG,true,active,1979
I,2026-04-01T00:00:00Z,RD-003189,OP-001,Aina,Andersson,aina.andersson608@correo.es,CTY-MAD,esp,2025-01-14,PLAN-STUDENT,true,active,2006
I,2026-04-01T00:00:00Z,RD-003190,OP-001,Nora,Kowalski,nora.kowalski342@correo.es,CTY-MAD,esp,2025-10-05,PLAN-PAYG,true,active,1983
I,2026-04-01T00:00:00Z,RD-003191,OP-001,Marta,Fischer,marta.fischer894@proton.me,CTY-MAD,esp,2024-02-16,PLAN-COMMUTE,true,active,1999
I,2026-04-01T00:00:00Z,RD-003193,OP-001,Oskar,Serra,oskar.serra485@proton.me,CTY-MAD,esp,2025-12-19,PLAN-PAYG,false,active,1980
I,2026-04-01T00:00:00Z,RD-003194,OP-001,Manon,Berg,manon.berg814@outlook.com,CTY-MAD,esp,2024-09-27,PLAN-PAYG,false,active,1989
I,2026-04-01T00:00:00Z,RD-003195,OP-001,Diego,Fischer,diego.fischer9@proton.me,CTY-MAD,esp,2025-03-21,PLAN-COMMUTE,true,active,1986
I,2026-04-01T00:00:00Z,RD-003196,OP-001,Diego,Roux,diego.roux688@proton.me,CTY-MAD,esp,2026-01-29,PLAN-PAYG,false,active,1975
I,2026-04-01T00:00:00Z,RD-003197,OP-001,Emil,Dubois,emil.dubois908@outlook.com,CTY-MAD,esp,2026-03-15,PLAN-PAYG,false,active,2003
I,2026-04-01T00:00:00Z,RD-003198,OP-001,Antoine,Almeida,antoine.almeida144@mail.com,CTY-MAD,esp,2024-04-13,PLAN-PAYG,false,active,1963
I,2026-04-01T00:00:00Z,RD-003199,OP-001,Astrid,Serra,astrid.serra830@gmx.de,CTY-MAD,esp,2024-09-16,PLAN-COMMUTE,false,active,1964
I,2026-04-01T00:00:00Z,RD-003200,OP-001,Lucia,Weber,lucia.weber854@outlook.com,CTY-MAD,esp,2025-08-10,PLAN-UNLIMITED,true,active,1971
I,2026-04-01T00:00:00Z,RD-003201,OP-001,Yasmin,Novak,yasmin.novak32@proton.me,CTY-MAD,esp,2025-04-24,PLAN-COMMUTE,false,active,1970
I,2026-04-01T00:00:00Z,RD-003202,OP-001,Oskar,Kowalski,oskar.kowalski107@proton.me,CTY-MAD,esp,2026-03-24,PLAN-PAYG,true,active,2005
I,2026-04-01T00:00:00Z,RD-003203,OP-001,Freja,Weber,freja.weber381@mail.com,CTY-MAD,esp,2024-05-14,PLAN-COMMUTE,true,active,2005
I,2026-04-01T00:00:00Z,RD-003204,OP-001,Chloe,Weber,chloe.weber691@outlook.com,CTY-MAD,esp,2024-09-09,PLAN-PAYG,false,active,1979
I,2026-04-01T00:00:00Z,RD-003205,OP-001,Aina,Dubois,aina.dubois160@correo.es,CTY-MAD,esp,2025-01-01,PLAN-PAYG,false,active,1999
I,2026-04-01T00:00:00Z,RD-003206,OP-001,Omar,Berg,omar.berg269@gmx.de,CTY-MAD,esp,2026-01-13,PLAN-UNLIMITED,false,active,2000
I,2026-04-01T00:00:00Z,RD-003207,OP-001,Chloe,Conti,chloe.conti639@gmx.de,CTY-MAD,esp,2025-12-29,PLAN-STUDENT,true,active,1973
I,2026-04-01T00:00:00Z,RD-003208,OP-001,Astrid,Conti,astrid.conti505@gmx.de,CTY-MAD,esp,2024-04-21,PLAN-COMMUTE,true,active,1990
I,2026-04-01T00:00:00Z,RD-003209,OP-001,Thomas,Moreno,thomas.moreno871@correo.es,CTY-MAD,esp,2024-05-15,PLAN-UNLIMITED,false,active,1963
I,2026-04-01T00:00:00Z,RD-003210,OP-001,Hugo,Andersson,hugo.andersson404@correo.es,CTY-MAD,esp,2024-08-01,PLAN-PAYG,true,active,1991
I,2026-04-01T00:00:00Z,RD-003211,OP-001,Nils,Berg,nils.berg683@gmx.de,CTY-MAD,esp,2026-02-23,PLAN-TOURIST,false,active,2008
I,2026-04-01T00:00:00Z,RD-003212,OP-001,Omar,Almeida,omar.almeida102@mail.com,CTY-MAD,esp,2025-01-10,PLAN-PAYG,false,active,1976
I,2026-04-01T00:00:00Z,RD-003213,OP-001,Ines,Lopez,ines.lopez359@mail.com,CTY-MAD,esp,2024-01-17,PLAN-UNLIMITED,true,active,1996
I,2026-04-01T00:00:00Z,RD-003214,OP-001,Chloe,Benali,chloe.benali794@gmx.de,CTY-MAD,esp,2025-05-03,PLAN-COMMUTE,false,active,1999
I,2026-04-01T00:00:00Z,RD-003215,OP-001,Oskar,Serra,oskar.serra736@correo.es,CTY-MAD,esp,2025-06-22,PLAN-PAYG,false,active,1993
I,2026-04-01T00:00:00Z,RD-003216,OP-001,Emil,Fischer,emil.fischer640@correo.es,CTY-MAD,esp,2024-07-30,PLAN-PAYG,false,active,1975
I,2026-04-01T00:00:00Z,RD-003217,OP-001,Omar,Weber,omar.weber902@proton.me,CTY-MAD,esp,2025-10-16,PLAN-PAYG,true,active,2007
I,2026-04-01T00:00:00Z,RD-003218,OP-001,Astrid,Bernard,astrid.bernard429@outlook.com,CTY-MAD,esp,2025-09-14,PLAN-PAYG,false,active,1969
I,2026-04-01T00:00:00Z,RD-003219,OP-001,Joan,Garcia,joan.garcia502@proton.me,CTY-MAD,esp,2024-01-02,PLAN-COMMUTE,true,active,1978
I,2026-04-01T00:00:00Z,RD-003220,OP-001,Nora,Novak,nora.novak535@proton.me,CTY-MAD,esp,2025-12-14,PLAN-CORP,false,active,1983
I,2026-04-01T00:00:00Z,RD-003221,OP-001,Nora,Martin,nora.martin488@correo.es,CTY-MAD,esp,2024-12-31,PLAN-PAYG,true,active,1984
I,2026-04-01T00:00:00Z,RD-003222,OP-001,Hugo,Garcia,hugo.garcia200@mail.com,CTY-MAD,esp,2025-07-26,PLAN-PAYG,true,active,1963
I,2026-04-01T00:00:00Z,RD-003223,OP-001,Louis,Fischer,louis.fischer53@proton.me,CTY-MAD,esp,2025-01-05,PLAN-COMMUTE,true,active,1991
I,2026-04-01T00:00:00Z,RD-003224,OP-001,Astrid,Lindqvist,astrid.lindqvist627@proton.me,CTY-MAD,esp,2024-05-13,PLAN-TOURIST,false,active,1967
I,2026-04-01T00:00:00Z,RD-003225,OP-001,Thomas,Nilsson,thomas.nilsson916@correo.es,CTY-MAD,esp,2024-02-22,PLAN-COMMUTE,false,active,2004
I,2026-04-01T00:00:00Z,RD-003227,OP-001,Chloe,Garcia,chloe.garcia484@correo.es,CTY-MAD,esp,2024-03-01,PLAN-PAYG,false,active,1967
I,2026-04-01T00:00:00Z,RD-003228,OP-001,Karim,Serra,karim.serra535@outlook.com,CTY-MAD,esp,2024-05-04,PLAN-STUDENT,false,active,1984
I,2026-04-01T00:00:00Z,RD-003229,OP-001,Hugo,Lindqvist,hugo.lindqvist717@gmx.de,CTY-MAD,esp,2025-10-20,PLAN-COMMUTE,true,active,1970
I,2026-04-01T00:00:00Z,RD-003230,OP-001,Ivan,Andersson,ivan.andersson831@outlook.com,CTY-MAD,esp,2024-12-01,PLAN-UNLIMITED,false,active,1984
I,2026-04-01T00:00:00Z,RD-003231,OP-001,Pablo,Dubois,pablo.dubois636@mail.com,CTY-MAD,esp,2026-03-19,PLAN-PAYG,true,active,1962
I,2026-04-01T00:00:00Z,RD-003232,OP-001,Yasmin,Roux,yasmin.roux814@proton.me,CTY-MAD,esp,2024-02-28,PLAN-UNLIMITED,false,active,1966
I,2026-04-01T00:00:00Z,RD-003233,OP-001,Astrid,Silva,astrid.silva752@gmx.de,CTY-MAD,esp,2026-03-25,PLAN-PAYG,true,active,1963
I,2026-04-01T00:00:00Z,RD-003234,OP-001,Joan,Dubois,joan.dubois434@proton.me,CTY-VLC,Spain,2025-07-13,PLAN-COMMUTE,false,active,1982
I,2026-04-01T00:00:00Z,RD-003235,OP-001,Elin,Kowalski,elin.kowalski602@gmx.de,CTY-VLC,Spain,2024-01-06,PLAN-COMMUTE,true,active,1981
I,2026-04-01T00:00:00Z,RD-003237,OP-001,Nils,Benali,nils.benali132@proton.me,CTY-VLC,Spain,2025-02-06,PLAN-PAYG,false,active,1983
I,2026-04-01T00:00:00Z,RD-003238,OP-001,Pablo,Roux,pablo.roux786@correo.es,CTY-VLC,Spain,2024-10-21,PLAN-PAYG,true,active,2003
I,2026-04-01T00:00:00Z,RD-003239,OP-001,Tiago,Berg,tiago.berg936@mail.com,CTY-VLC,Spain,2024-11-27,PLAN-COMMUTE,false,active,1987
I,2026-04-01T00:00:00Z,RD-003240,OP-001,Aina,Moreno,aina.moreno268@correo.es,CTY-VLC,Spain,2025-01-30,PLAN-UNLIMITED,true,active,1998
I,2026-04-01T00:00:00Z,RD-003241,OP-001,Nadia,Nilsson,nadia.nilsson900@proton.me,CTY-VLC,Spain,2026-03-13,PLAN-PAYG,true,active,1990
I,2026-04-01T00:00:00Z,RD-003243,OP-001,Elin,Dubois,elin.dubois981@mail.com,CTY-VLC,Spain,2024-03-18,PLAN-PAYG,false,active,1991
I,2026-04-01T00:00:00Z,RD-003244,OP-001,Camille,Vidal,camille.vidal973@mail.com,CTY-VLC,Spain,2024-10-23,PLAN-PAYG,true,active,2003
I,2026-04-01T00:00:00Z,RD-003245,OP-001,Beatriz,Dubois,beatriz.dubois222@proton.me,CTY-VLC,Spain,2024-11-20,PLAN-PAYG,true,active,1972
I,2026-04-01T00:00:00Z,RD-003247,OP-001,Louis,Benali,louis.benali949@gmx.de,CTY-VLC,Spain,2024-05-30,PLAN-TOURIST,false,active,1996
I,2026-04-01T00:00:00Z,RD-003248,OP-001,Marta,Berg,marta.berg41@proton.me,CTY-VLC,Spain,2024-10-26,PLAN-COMMUTE,true,active,1986
I,2026-04-01T00:00:00Z,RD-003250,OP-001,Nadia,Rossi,nadia.rossi776@mail.com,CTY-VLC,Spain,2024-05-22,PLAN-STUDENT,true,active,2004
I,2026-04-01T00:00:00Z,RD-003251,OP-001,Thomas,Serra,thomas.serra988@gmx.de,CTY-VLC,Spain,2024-08-01,PLAN-COMMUTE,true,active,1971
I,2026-04-01T00:00:00Z,RD-003252,OP-001,Oskar,Almeida,oskar.almeida75@correo.es,CTY-VLC,Spain,2024-07-08,PLAN-UNLIMITED,true,active,1963
I,2026-04-01T00:00:00Z,RD-003253,OP-001,Tiago,Weber,tiago.weber519@outlook.com,CTY-VLC,Spain,2025-11-06,PLAN-PAYG,true,active,1985
I,2026-04-01T00:00:00Z,RD-003254,OP-001,Ivan,Vidal,ivan.vidal349@proton.me,CTY-VLC,Spain,2024-07-04,PLAN-PAYG,true,active,1999
I,2026-04-01T00:00:00Z,RD-003255,OP-001,Tiago,Fischer,tiago.fischer897@gmx.de,CTY-VLC,Spain,2024-01-01,PLAN-UNLIMITED,true,active,1988
I,2026-04-01T00:00:00Z,RD-003256,OP-001,Camille,Benali,camille.benali32@correo.es,CTY-VLC,Spain,2024-07-29,PLAN-UNLIMITED,false,active,1966
I,2026-04-01T00:00:00Z,RD-003257,OP-001,Yasmin,Lindqvist,yasmin.lindqvist347@correo.es,CTY-VLC,Spain,2025-02-19,PLAN-PAYG,false,active,1989
I,2026-04-01T00:00:00Z,RD-003258,OP-001,Thomas,Roux,thomas.roux617@proton.me,CTY-VLC,Spain,2025-11-26,PLAN-UNLIMITED,false,active,1963
I,2026-04-01T00:00:00Z,RD-003259,OP-001,Thomas,Martin,thomas.martin46@mail.com,CTY-VLC,Spain,2025-03-12,PLAN-PAYG,false,active,1968
I,2026-04-01T00:00:00Z,RD-003260,OP-001,Yasmin,Berg,yasmin.berg893@proton.me,CTY-VLC,Spain,2024-09-10,PLAN-PAYG,true,active,1979
I,2026-04-01T00:00:00Z,RD-003262,OP-001,Freja,Roux,freja.roux746@proton.me,CTY-VLC,Spain,2025-11-07,PLAN-PAYG,false,active,1989
I,2026-04-01T00:00:00Z,RD-003263,OP-001,Hugo,Lopez,hugo.lopez725@proton.me,CTY-VLC,Spain,2025-05-04,PLAN-STUDENT,true,active,1982
I,2026-04-01T00:00:00Z,RD-003264,OP-001,Sofia,Costa,sofia.costa440@mail.com,CTY-VLC,Spain,2025-03-23,PLAN-PAYG,false,active,1996
I,2026-04-01T00:00:00Z,RD-003265,OP-001,Thomas,Martin,thomas.martin175@proton.me,CTY-VLC,Spain,2024-10-07,PLAN-PAYG,true,active,2002
I,2026-04-01T00:00:00Z,RD-003266,OP-001,Lucia,Berg,lucia.berg619@outlook.com,CTY-VLC,Spain,2026-01-21,PLAN-PAYG,true,active,1988
I,2026-04-01T00:00:00Z,RD-003267,OP-001,Nora,Rossi,nora.rossi177@mail.com,CTY-VLC,Spain,2025-08-08,PLAN-COMMUTE,true,active,1975
I,2026-04-01T00:00:00Z,RD-003268,OP-001,Chloe,Lindqvist,chloe.lindqvist855@outlook.com,CTY-VLC,Spain,2025-08-22,PLAN-UNLIMITED,true,active,1969
I,2026-04-01T00:00:00Z,RD-003269,OP-001,Elin,Haddad,elin.haddad473@mail.com,CTY-VLC,Spain,2024-01-15,PLAN-PAYG,true,active,2004
I,2026-04-01T00:00:00Z,RD-003270,OP-001,Chloe,Garcia,chloe.garcia971@outlook.com,CTY-VLC,Spain,2024-10-06,PLAN-PAYG,false,active,1988
I,2026-04-01T00:00:00Z,RD-003271,OP-001,Astrid,Fischer,astrid.fischer850@gmx.de,CTY-VLC,Spain,2025-01-07,PLAN-PAYG,false,active,2003
I,2026-04-01T00:00:00Z,RD-003272,OP-001,Chloe,Almeida,chloe.almeida324@proton.me,CTY-VLC,Spain,2024-10-30,PLAN-PAYG,true,active,1998
I,2026-04-01T00:00:00Z,RD-003274,OP-001,Omar,Fischer,omar.fischer770@proton.me,CTY-VLC,Spain,2025-04-05,PLAN-UNLIMITED,false,active,2008
I,2026-04-01T00:00:00Z,RD-003275,OP-001,Nils,Almeida,nils.almeida493@proton.me,CTY-VLC,Spain,2024-09-14,PLAN-PAYG,false,active,1970
I,2026-04-01T00:00:00Z,RD-003276,OP-001,Marta,Bernard,marta.bernard871@correo.es,CTY-VLC,Spain,2024-12-16,PLAN-COMMUTE,false,active,1983
I,2026-04-01T00:00:00Z,RD-003277,OP-001,Nadia,Silva,nadia.silva503@gmx.de,CTY-VLC,Spain,2024-03-13,PLAN-PAYG,false,active,1995
I,2026-04-01T00:00:00Z,RD-003278,OP-001,Aina,Haddad,aina.haddad148@proton.me,CTY-VLC,Spain,2025-05-14,PLAN-PAYG,false,active,1971
I,2026-04-01T00:00:00Z,RD-003279,OP-001,Hugo,Garcia,hugo.garcia717@outlook.com,CTY-VLC,Spain,2025-12-04,PLAN-PAYG,true,active,1988
I,2026-04-01T00:00:00Z,RD-003281,OP-001,Ines,Pereira,ines.pereira36@mail.com,CTY-VLC,Spain,2024-10-09,PLAN-PAYG,false,active,1970
I,2026-04-01T00:00:00Z,RD-003282,OP-001,Diego,Pereira,diego.pereira208@outlook.com,CTY-VLC,Spain,2025-03-18,PLAN-PAYG,true,active,1967
I,2026-04-01T00:00:00Z,RD-003283,OP-001,Sofia,Lindqvist,sofia.lindqvist558@correo.es,CTY-VLC,Spain,2024-04-01,PLAN-TOURIST,true,active,1977
I,2026-04-01T00:00:00Z,RD-003284,OP-001,Yasmin,Garcia,yasmin.garcia944@mail.com,CTY-VLC,Spain,2024-04-21,PLAN-STUDENT,false,active,2004
I,2026-04-01T00:00:00Z,RD-003285,OP-001,Marta,Almeida,marta.almeida545@gmx.de,CTY-VLC,Spain,2025-05-28,PLAN-PAYG,false,active,1982
I,2026-04-01T00:00:00Z,RD-003286,OP-001,Oskar,Vidal,oskar.vidal158@outlook.com,CTY-VLC,Spain,2024-12-30,PLAN-PAYG,false,active,1966
I,2026-04-01T00:00:00Z,RD-003287,OP-001,Sofia,Andersson,sofia.andersson959@gmx.de,CTY-VLC,Spain,2025-04-13,PLAN-PAYG,true,active,1982
I,2026-04-01T00:00:00Z,RD-003289,OP-001,Omar,Lopez,omar.lopez358@proton.me,CTY-VLC,Spain,2024-12-02,PLAN-CORP,false,active,1977
I,2026-04-01T00:00:00Z,RD-003290,OP-001,Louis,Andersson,louis.andersson730@outlook.com,CTY-VLC,Spain,2025-07-09,PLAN-PAYG,false,active,2004
I,2026-04-01T00:00:00Z,RD-003291,OP-001,Sofia,Lopez,sofia.lopez946@correo.es,CTY-VLC,Spain,2025-06-30,PLAN-PAYG,false,active,1964
I,2026-04-01T00:00:00Z,RD-003292,OP-001,Chloe,Moreno,chloe.moreno598@mail.com,CTY-VLC,Spain,2026-02-06,PLAN-COMMUTE,false,active,1970
I,2026-04-01T00:00:00Z,RD-003293,OP-001,Sofia,Pereira,sofia.pereira650@proton.me,CTY-VLC,Spain,2024-11-09,PLAN-PAYG,true,active,1999
I,2026-04-01T00:00:00Z,RD-003294,OP-001,Nora,Almeida,nora.almeida959@outlook.com,CTY-VLC,Spain,2025-12-01,PLAN-PAYG,false,active,1995
I,2026-04-01T00:00:00Z,RD-003295,OP-001,Karim,Costa,karim.costa990@outlook.com,CTY-VLC,Spain,2025-05-11,PLAN-PAYG,false,active,1992
I,2026-04-01T00:00:00Z,RD-003296,OP-001,Beatriz,Conti,beatriz.conti93@mail.com,CTY-VLC,Spain,2024-02-19,PLAN-PAYG,false,active,1966
I,2026-04-01T00:00:00Z,RD-003297,OP-001,Rui,Weber,rui.weber636@gmx.de,CTY-VLC,Spain,2026-03-16,PLAN-UNLIMITED,true,active,1962
I,2026-04-01T00:00:00Z,RD-003298,OP-001,Nora,Roux,nora.roux163@mail.com,CTY-VLC,Spain,2025-04-10,PLAN-UNLIMITED,true,active,1985
I,2026-04-01T00:00:00Z,RD-003299,OP-001,Camille,Lopez,camille.lopez281@gmx.de,CTY-VLC,Spain,2025-10-11,PLAN-COMMUTE,false,active,1972
I,2026-04-01T00:00:00Z,RD-003300,OP-001,Yasmin,Nilsson,yasmin.nilsson278@proton.me,CTY-VLC,Spain,2026-01-10,PLAN-COMMUTE,true,active,1964
I,2026-04-01T00:00:00Z,RD-003301,OP-001,Pablo,Almeida,pablo.almeida223@correo.es,CTY-VLC,Spain,2025-02-21,PLAN-COMMUTE,false,active,1964
I,2026-04-01T00:00:00Z,RD-003302,OP-001,Ines,Vidal,ines.vidal135@proton.me,CTY-VLC,Spain,2026-01-19,PLAN-PAYG,true,active,2005
I,2026-04-01T00:00:00Z,RD-003303,OP-001,Tiago,Lopez,tiago.lopez241@mail.com,CTY-VLC,Spain,2024-01-15,PLAN-COMMUTE,false,active,1982
I,2026-04-01T00:00:00Z,RD-003305,OP-001,Aina,Nilsson,aina.nilsson772@gmx.de,CTY-VLC,Spain,2024-07-13,PLAN-PAYG,false,active,1985
I,2026-04-01T00:00:00Z,RD-003306,OP-001,Marta,Weber,marta.weber218@correo.es,CTY-VLC,Spain,2025-09-06,PLAN-CORP,true,active,1999
I,2026-04-01T00:00:00Z,RD-003307,OP-001,Camille,Haddad,camille.haddad26@correo.es,CTY-VLC,Spain,2025-04-21,PLAN-PAYG,true,active,1981
I,2026-04-01T00:00:00Z,RD-003308,OP-001,Omar,Fischer,omar.fischer930@outlook.com,CTY-VLC,Spain,2024-01-25,PLAN-PAYG,false,active,1968
I,2026-04-01T00:00:00Z,RD-003309,OP-001,Louis,Roux,louis.roux337@correo.es,CTY-VLC,Spain,2025-11-24,PLAN-UNLIMITED,true,active,1993
I,2026-04-01T00:00:00Z,RD-003310,OP-001,Emil,Novak,emil.novak447@gmx.de,CTY-VLC,Spain,2025-05-16,PLAN-PAYG,false,active,1987
I,2026-04-01T00:00:00Z,RD-003311,OP-001,Lucia,Dubois,lucia.dubois488@correo.es,CTY-VLC,Spain,2024-12-31,PLAN-PAYG,false,active,1997
I,2026-04-01T00:00:00Z,RD-003312,OP-001,Omar,Moreno,omar.moreno185@proton.me,CTY-VLC,Spain,2024-04-09,PLAN-PAYG,true,active,1983
I,2026-04-01T00:00:00Z,RD-003313,OP-001,Nadia,Kowalski,nadia.kowalski818@outlook.com,CTY-VLC,Spain,2024-08-10,PLAN-COMMUTE,true,active,2000
I,2026-04-01T00:00:00Z,RD-003314,OP-001,Sofia,Serra,sofia.serra853@correo.es,CTY-VLC,Spain,2024-02-22,PLAN-CORP,false,active,1965
I,2026-04-01T00:00:00Z,RD-003315,OP-001,Omar,Novak,omar.novak851@correo.es,CTY-VLC,Spain,2024-09-17,PLAN-COMMUTE,true,active,1989
I,2026-04-01T00:00:00Z,RD-003316,OP-001,Hugo,Martin,hugo.martin553@outlook.com,CTY-VLC,Spain,2026-01-28,PLAN-COMMUTE,false,active,1994
I,2026-04-01T00:00:00Z,RD-003317,OP-001,Hugo,Nilsson,hugo.nilsson194@correo.es,CTY-VLC,Spain,2025-04-29,PLAN-COMMUTE,true,active,1970
I,2026-04-01T00:00:00Z,RD-003318,OP-001,Rui,Benali,rui.benali461@mail.com,CTY-VLC,Spain,2024-08-14,PLAN-COMMUTE,true,active,1971
I,2026-04-01T00:00:00Z,RD-003319,OP-001,Astrid,Costa,astrid.costa714@gmx.de,CTY-VLC,Spain,2025-08-03,PLAN-PAYG,true,active,1980
I,2026-04-01T00:00:00Z,RD-003320,OP-001,Antoine,Serra,antoine.serra92@proton.me,CTY-VLC,Spain,2026-01-27,PLAN-CORP,true,active,1973
I,2026-04-01T00:00:00Z,RD-003321,OP-001,Joan,Rossi,joan.rossi739@gmx.de,CTY-VLC,Spain,2025-10-31,PLAN-COMMUTE,true,active,1962
I,2026-04-01T00:00:00Z,RD-003322,OP-001,Chloe,Berg,chloe.berg404@gmx.de,CTY-VLC,Spain,2024-07-13,PLAN-UNLIMITED,false,active,1979
I,2026-04-01T00:00:00Z,RD-003323,OP-001,Diego,Berg,diego.berg767@outlook.com,CTY-VLC,Spain,2024-06-13,PLAN-STUDENT,false,active,1999
I,2026-04-01T00:00:00Z,RD-003324,OP-001,Lucia,Berg,lucia.berg779@mail.com,CTY-VLC,Spain,2025-12-07,PLAN-COMMUTE,false,active,2002
I,2026-04-01T00:00:00Z,RD-003325,OP-001,Aina,Serra,aina.serra408@outlook.com,CTY-VLC,Spain,2025-03-28,PLAN-PAYG,true,active,1991
I,2026-04-01T00:00:00Z,RD-003326,OP-001,Ines,Ferrer,ines.ferrer925@proton.me,CTY-VLC,Spain,2025-06-03,PLAN-UNLIMITED,false,active,2004
I,2026-04-01T00:00:00Z,RD-003327,OP-001,Emil,Moreno,emil.moreno193@outlook.com,CTY-VLC,Spain,2024-08-11,PLAN-COMMUTE,true,active,1964
I,2026-04-01T00:00:00Z,RD-003328,OP-001,Marta,Ferrer,marta.ferrer682@proton.me,CTY-VLC,Spain,2024-03-02,PLAN-PAYG,true,active,1983
I,2026-04-01T00:00:00Z,RD-003329,OP-001,Ines,Conti,ines.conti981@proton.me,CTY-VLC,Spain,2025-10-22,PLAN-UNLIMITED,false,active,1980
I,2026-04-01T00:00:00Z,RD-003330,OP-001,Freja,Costa,freja.costa491@correo.es,CTY-VLC,Spain,2024-05-03,PLAN-PAYG,false,active,1991
I,2026-04-01T00:00:00Z,RD-003331,OP-001,Camille,Garcia,camille.garcia823@proton.me,CTY-VLC,Spain,2024-10-07,PLAN-COMMUTE,true,active,1973
I,2026-04-01T00:00:00Z,RD-003332,OP-001,Chloe,Nilsson,chloe.nilsson665@proton.me,CTY-VLC,Spain,2024-12-28,PLAN-UNLIMITED,false,active,1966
I,2026-04-01T00:00:00Z,RD-003333,OP-001,Elin,Nilsson,elin.nilsson206@gmx.de,CTY-VLC,Spain,2026-01-22,PLAN-PAYG,false,active,1993
I,2026-04-01T00:00:00Z,RD-003334,OP-001,Nora,Silva,nora.silva70@outlook.com,CTY-VLC,Spain,2026-02-13,PLAN-PAYG,false,active,1987
I,2026-04-01T00:00:00Z,RD-003335,OP-001,Beatriz,Kowalski,beatriz.kowalski837@outlook.com,CTY-VLC,Spain,2025-12-21,PLAN-PAYG,false,active,1982
I,2026-04-01T00:00:00Z,RD-003336,OP-001,Antoine,Pereira,antoine.pereira951@correo.es,CTY-VLC,Spain,2026-03-15,PLAN-COMMUTE,false,active,1982
I,2026-04-01T00:00:00Z,RD-003337,OP-001,Aina,Serra,aina.serra755@gmx.de,CTY-VLC,Spain,2025-02-08,PLAN-PAYG,true,active,1967
I,2026-04-01T00:00:00Z,RD-003338,OP-001,Marta,Haddad,marta.haddad334@mail.com,CTY-VLC,Spain,2024-05-10,PLAN-COMMUTE,false,active,1984
I,2026-04-01T00:00:00Z,RD-003340,OP-001,Emil,Almeida,emil.almeida72@gmx.de,CTY-VLC,Spain,2024-10-06,PLAN-PAYG,false,active,1981
I,2026-04-01T00:00:00Z,RD-003342,OP-001,Aina,Serra,aina.serra125@mail.com,CTY-VLC,Spain,2024-05-26,PLAN-COMMUTE,true,active,1985
I,2026-04-01T00:00:00Z,RD-003343,OP-001,Camille,Weber,camille.weber195@outlook.com,CTY-VLC,Spain,2025-11-18,PLAN-PAYG,false,active,1964
I,2026-04-01T00:00:00Z,RD-003344,OP-001,Lucia,Rossi,lucia.rossi967@gmx.de,CTY-VLC,Spain,2025-11-14,PLAN-COMMUTE,true,active,1997
I,2026-04-01T00:00:00Z,RD-003345,OP-001,Sofia,Garcia,sofia.garcia694@outlook.com,CTY-VLC,Spain,2025-03-18,PLAN-STUDENT,true,active,2000
I,2026-04-01T00:00:00Z,RD-003346,OP-001,Joan,Roux,joan.roux676@gmx.de,CTY-VLC,Spain,2024-08-05,PLAN-COMMUTE,false,active,1991
I,2026-04-01T00:00:00Z,RD-003347,OP-001,Louis,Benali,louis.benali518@correo.es,CTY-VLC,Spain,2025-03-24,PLAN-PAYG,false,active,1989
I,2026-04-01T00:00:00Z,RD-003348,OP-001,Freja,Almeida,freja.almeida576@correo.es,CTY-VLC,Spain,2025-12-05,PLAN-PAYG,true,active,2005
I,2026-04-01T00:00:00Z,RD-003349,OP-001,Beatriz,Novak,beatriz.novak419@outlook.com,CTY-VLC,Spain,2025-06-14,PLAN-PAYG,false,active,2008
I,2026-04-01T00:00:00Z,RD-003350,OP-001,Marta,Bernard,marta.bernard186@gmx.de,CTY-VLC,Spain,2025-08-16,PLAN-COMMUTE,false,active,1972
I,2026-04-01T00:00:00Z,RD-003351,OP-001,Beatriz,Martin,beatriz.martin390@outlook.com,CTY-VLC,Spain,2025-01-21,PLAN-COMMUTE,true,active,1975
I,2026-04-01T00:00:00Z,RD-003352,OP-001,Antoine,Weber,antoine.weber753@correo.es,CTY-VLC,Spain,2025-04-03,PLAN-PAYG,false,active,2007
I,2026-04-01T00:00:00Z,RD-003354,OP-001,Thomas,Kowalski,thomas.kowalski198@correo.es,CTY-VLC,Spain,2024-06-30,PLAN-PAYG,false,active,1989
I,2026-04-01T00:00:00Z,RD-003355,OP-001,Nils,Almeida,nils.almeida103@gmx.de,CTY-VLC,Spain,2024-12-27,PLAN-COMMUTE,false,active,1967
I,2026-04-01T00:00:00Z,RD-003357,OP-001,Chloe,Bernard,chloe.bernard991@correo.es,CTY-VLC,Spain,2025-09-22,PLAN-PAYG,false,active,2000
I,2026-04-01T00:00:00Z,RD-003358,OP-001,Nadia,Berg,nadia.berg252@outlook.com,CTY-VLC,Spain,2026-02-11,PLAN-PAYG,false,active,2001
I,2026-04-01T00:00:00Z,RD-003359,OP-001,Chloe,Silva,chloe.silva236@gmx.de,CTY-VLC,Spain,2024-03-29,PLAN-PAYG,true,active,2006
I,2026-04-01T00:00:00Z,RD-003360,OP-001,Camille,Lindqvist,camille.lindqvist254@outlook.com,CTY-VLC,Spain,2025-07-11,PLAN-PAYG,false,active,1999
I,2026-04-01T00:00:00Z,RD-003361,OP-001,Thomas,Andersson,thomas.andersson600@mail.com,CTY-VLC,Spain,2025-03-06,PLAN-STUDENT,true,active,1993
I,2026-04-01T00:00:00Z,RD-003362,OP-001,Emil,Benali,emil.benali647@outlook.com,CTY-VLC,Spain,2024-09-10,PLAN-PAYG,true,active,1967
I,2026-04-01T00:00:00Z,RD-003363,OP-001,Manon,Kowalski,manon.kowalski953@mail.com,CTY-VLC,Spain,2024-06-12,PLAN-PAYG,true,active,1968
I,2026-04-01T00:00:00Z,RD-003364,OP-001,Ines,Weber,ines.weber7@correo.es,CTY-VLC,Spain,2024-02-01,PLAN-PAYG,true,active,1985
I,2026-04-01T00:00:00Z,RD-003365,OP-001,Aina,Andersson,aina.andersson249@proton.me,CTY-VLC,Spain,2024-07-18,PLAN-COMMUTE,true,active,2005
I,2026-04-01T00:00:00Z,RD-003366,OP-001,Lucia,Nilsson,lucia.nilsson567@correo.es,CTY-VLC,Spain,2025-08-30,PLAN-PAYG,false,active,1964
I,2026-04-01T00:00:00Z,RD-003367,OP-001,Hugo,Lindqvist,hugo.lindqvist938@proton.me,CTY-VLC,Spain,2025-09-01,PLAN-PAYG,true,active,1969
I,2026-04-01T00:00:00Z,RD-003368,OP-001,Hugo,Benali,hugo.benali920@correo.es,CTY-VLC,Spain,2024-01-19,PLAN-PAYG,false,active,1993
I,2026-04-01T00:00:00Z,RD-003369,OP-001,Camille,Silva,camille.silva715@mail.com,CTY-VLC,Spain,2025-08-12,PLAN-PAYG,true,active,2006
I,2026-04-01T00:00:00Z,RD-003370,OP-001,Pablo,Novak,pablo.novak767@mail.com,CTY-VLC,Spain,2026-02-08,PLAN-CORP,false,active,1983
I,2026-04-01T00:00:00Z,RD-003371,OP-001,Yasmin,Andersson,yasmin.andersson962@gmx.de,CTY-VLC,Spain,2024-06-27,PLAN-UNLIMITED,true,active,1978
I,2026-04-01T00:00:00Z,RD-003372,OP-001,Nora,Fischer,nora.fischer493@mail.com,CTY-VLC,Spain,2026-03-07,PLAN-PAYG,true,active,1982
I,2026-04-01T00:00:00Z,RD-003373,OP-001,Diego,Conti,diego.conti634@mail.com,CTY-VLC,Spain,2025-03-21,PLAN-PAYG,true,active,2007
I,2026-04-01T00:00:00Z,RD-003374,OP-001,Chloe,Roux,chloe.roux495@correo.es,CTY-VLC,Spain,2024-05-16,PLAN-PAYG,true,active,1964
I,2026-04-01T00:00:00Z,RD-003375,OP-001,Karim,Berg,karim.berg244@outlook.com,CTY-VLC,Spain,2025-09-30,PLAN-PAYG,true,active,1980
I,2026-04-01T00:00:00Z,RD-003376,OP-001,Camille,Rossi,camille.rossi184@correo.es,CTY-VLC,Spain,2024-04-26,PLAN-PAYG,false,active,2004
I,2026-04-01T00:00:00Z,RD-003378,OP-001,Ivan,Vidal,ivan.vidal359@correo.es,CTY-VLC,Spain,2026-02-11,PLAN-COMMUTE,false,active,1972
I,2026-04-01T00:00:00Z,RD-003379,OP-001,Oskar,Vidal,oskar.vidal906@correo.es,CTY-VLC,Spain,2024-02-13,PLAN-PAYG,true,active,1968
I,2026-04-01T00:00:00Z,RD-003380,OP-001,Nils,Dubois,nils.dubois298@correo.es,CTY-VLC,Spain,2026-01-12,PLAN-PAYG,true,active,1972
I,2026-04-01T00:00:00Z,RD-003381,OP-001,Nadia,Almeida,nadia.almeida104@mail.com,CTY-VLC,Spain,2024-01-28,PLAN-PAYG,true,active,1969
I,2026-04-01T00:00:00Z,RD-003382,OP-001,Antoine,Pereira,antoine.pereira814@outlook.com,CTY-VLC,Spain,2025-04-24,PLAN-PAYG,true,active,2000
I,2026-04-01T00:00:00Z,RD-003383,OP-001,Marta,Serra,marta.serra194@outlook.com,CTY-VLC,Spain,2024-12-07,PLAN-PAYG,false,active,1972
I,2026-04-01T00:00:00Z,RD-003384,OP-001,Nils,Dubois,nils.dubois175@correo.es,CTY-VLC,Spain,2024-01-17,PLAN-PAYG,false,active,1967
I,2026-04-01T00:00:00Z,RD-003385,OP-001,Emil,Kowalski,emil.kowalski214@mail.com,CTY-VLC,Spain,2024-12-12,PLAN-PAYG,true,active,1985
I,2026-04-01T00:00:00Z,RD-003386,OP-001,Antoine,Andersson,antoine.andersson288@mail.com,CTY-VLC,Spain,2025-06-18,PLAN-PAYG,false,active,1963
I,2026-04-01T00:00:00Z,RD-003387,OP-001,Astrid,Silva,astrid.silva541@gmx.de,CTY-VLC,Spain,2024-01-03,PLAN-PAYG,true,active,1997
I,2026-04-01T00:00:00Z,RD-003388,OP-001,Diego,Pereira,diego.pereira64@correo.es,CTY-VLC,Spain,2025-04-02,PLAN-COMMUTE,false,active,1989
I,2026-04-01T00:00:00Z,RD-003389,OP-001,Astrid,Benali,astrid.benali8@outlook.com,CTY-VLC,Spain,2026-01-21,PLAN-COMMUTE,true,active,1963
I,2026-04-01T00:00:00Z,RD-003390,OP-001,Camille,Dubois,camille.dubois302@mail.com,CTY-VLC,Spain,2025-11-06,PLAN-PAYG,true,active,1982
I,2026-04-01T00:00:00Z,RD-003391,OP-001,Elin,Rossi,elin.rossi510@correo.es,CTY-VLC,Spain,2024-03-27,PLAN-PAYG,false,active,2003
I,2026-04-01T00:00:00Z,RD-003392,OP-001,Rui,Dubois,rui.dubois141@outlook.com,CTY-VLC,Spain,2026-01-12,PLAN-PAYG,true,active,1969
I,2026-04-01T00:00:00Z,RD-003393,OP-001,Karim,Rossi,karim.rossi134@mail.com,CTY-VLC,Spain,2024-08-29,PLAN-PAYG,true,active,1972
I,2026-04-01T00:00:00Z,RD-003394,OP-001,Lucia,Andersson,lucia.andersson917@correo.es,CTY-VLC,Spain,2025-03-13,PLAN-UNLIMITED,true,active,1966
I,2026-04-01T00:00:00Z,RD-003395,OP-001,Nadia,Benali,nadia.benali31@correo.es,CTY-VLC,Spain,2025-01-07,PLAN-PAYG,false,active,1982
I,2026-04-01T00:00:00Z,RD-003396,OP-001,Lucia,Lopez,lucia.lopez731@gmx.de,CTY-VLC,Spain,2025-10-15,PLAN-UNLIMITED,false,active,1966
I,2026-04-01T00:00:00Z,RD-003397,OP-001,Thomas,Lopez,thomas.lopez403@gmx.de,CTY-VLC,Spain,2025-11-15,PLAN-PAYG,false,active,1998
I,2026-04-01T00:00:00Z,RD-003398,OP-001,Nils,Bernard,nils.bernard646@mail.com,CTY-VLC,Spain,2024-07-18,PLAN-PAYG,false,active,1965
I,2026-04-01T00:00:00Z,RD-003399,OP-001,Astrid,Conti,astrid.conti316@gmx.de,CTY-VLC,Spain,2024-01-26,PLAN-PAYG,true,active,1977
I,2026-04-01T00:00:00Z,RD-003400,OP-001,Tiago,Kowalski,tiago.kowalski64@mail.com,CTY-VLC,Spain,2025-08-14,PLAN-PAYG,false,active,1983
I,2026-04-01T00:00:00Z,RD-003401,OP-001,Chloe,Pereira,chloe.pereira412@proton.me,CTY-VLC,Spain,2025-12-12,PLAN-PAYG,true,active,1999
I,2026-04-01T00:00:00Z,RD-003402,OP-001,Karim,Silva,karim.silva409@mail.com,CTY-VLC,Spain,2025-08-01,PLAN-PAYG,true,active,1998
I,2026-04-01T00:00:00Z,RD-003403,OP-001,Aina,Fischer,aina.fischer314@gmx.de,CTY-VLC,Spain,2025-03-08,PLAN-PAYG,false,active,1991
I,2026-04-01T00:00:00Z,RD-003404,OP-001,Manon,Fischer,manon.fischer682@correo.es,CTY-VLC,Spain,2024-06-05,PLAN-PAYG,false,active,2007
I,2026-04-01T00:00:00Z,RD-003405,OP-001,Oskar,Lindqvist,oskar.lindqvist895@correo.es,CTY-VLC,Spain,2025-05-31,PLAN-PAYG,true,active,1982
I,2026-04-01T00:00:00Z,RD-003406,OP-001,Karim,Andersson,karim.andersson633@gmx.de,CTY-VLC,Spain,2024-03-01,PLAN-COMMUTE,true,active,1996
I,2026-04-01T00:00:00Z,RD-003407,OP-001,Sofia,Bernard,sofia.bernard803@correo.es,CTY-VLC,Spain,2025-04-30,PLAN-PAYG,false,active,1973
I,2026-04-01T00:00:00Z,RD-003409,OP-001,Emil,Kowalski,emil.kowalski717@gmx.de,CTY-VLC,Spain,2024-06-16,PLAN-PAYG,true,active,1998
I,2026-04-01T00:00:00Z,RD-003410,OP-001,Ines,Almeida,ines.almeida732@outlook.com,CTY-VLC,Spain,2024-07-19,PLAN-STUDENT,false,active,1986
I,2026-04-01T00:00:00Z,RD-003411,OP-001,Diego,Roux,diego.roux694@proton.me,CTY-VLC,Spain,2024-05-18,PLAN-PAYG,true,active,1982
I,2026-04-01T00:00:00Z,RD-003412,OP-001,Thomas,Weber,thomas.weber356@correo.es,CTY-VLC,Spain,2025-11-24,PLAN-COMMUTE,true,active,1997
I,2026-04-01T00:00:00Z,RD-003413,OP-001,Thomas,Roux,thomas.roux415@correo.es,CTY-VLC,Spain,2025-04-09,PLAN-COMMUTE,true,active,1992
I,2026-04-01T00:00:00Z,RD-003415,OP-001,Camille,Serra,camille.serra421@proton.me,CTY-VLC,Spain,2024-04-16,PLAN-PAYG,false,active,1965
I,2026-04-01T00:00:00Z,RD-003416,OP-001,Pablo,Berg,pablo.berg95@gmx.de,CTY-VLC,Spain,2024-05-16,PLAN-PAYG,true,active,1978
I,2026-04-01T00:00:00Z,RD-003417,OP-001,Nadia,Rossi,nadia.rossi996@proton.me,CTY-VLC,Spain,2024-06-30,PLAN-PAYG,true,active,1995
I,2026-04-01T00:00:00Z,RD-003418,OP-001,Tiago,Pereira,tiago.pereira200@gmx.de,CTY-VLC,Spain,2024-08-10,PLAN-PAYG,false,active,1979
I,2026-04-01T00:00:00Z,RD-003419,OP-001,Sofia,Costa,sofia.costa121@gmx.de,CTY-VLC,Spain,2026-01-03,PLAN-PAYG,false,active,1971
I,2026-04-01T00:00:00Z,RD-003420,OP-001,Lucia,Lopez,lucia.lopez272@outlook.com,CTY-VLC,Spain,2024-12-13,PLAN-PAYG,false,active,1992
I,2026-04-01T00:00:00Z,RD-003422,OP-001,Karim,Novak,karim.novak244@outlook.com,CTY-VLC,Spain,2025-01-22,PLAN-PAYG,false,active,1966
I,2026-04-01T00:00:00Z,RD-003423,OP-001,Hugo,Benali,hugo.benali280@proton.me,CTY-VLC,Spain,2025-02-21,PLAN-COMMUTE,true,active,1978
I,2026-04-01T00:00:00Z,RD-003424,OP-001,Louis,Almeida,louis.almeida611@outlook.com,CTY-VLC,Spain,2025-08-23,PLAN-TOURIST,true,active,1978
I,2026-04-01T00:00:00Z,RD-003425,OP-001,Astrid,Conti,astrid.conti668@outlook.com,CTY-VLC,Spain,2024-08-07,PLAN-COMMUTE,false,active,1985
I,2026-04-01T00:00:00Z,RD-003426,OP-001,Manon,Novak,manon.novak369@correo.es,CTY-VLC,Spain,2024-05-01,PLAN-UNLIMITED,true,active,1991
I,2026-04-01T00:00:00Z,RD-003427,OP-001,Elin,Fischer,elin.fischer967@mail.com,CTY-VLC,Spain,2025-01-12,PLAN-STUDENT,true,active,1979
I,2026-04-01T00:00:00Z,RD-003428,OP-001,Emil,Haddad,emil.haddad920@correo.es,CTY-VLC,Spain,2025-12-04,PLAN-PAYG,false,active,1997
I,2026-04-01T00:00:00Z,RD-003429,OP-001,Hugo,Berg,hugo.berg79@mail.com,CTY-VLC,Spain,2024-07-20,PLAN-COMMUTE,true,active,1970
I,2026-04-01T00:00:00Z,RD-003430,OP-001,Sofia,Almeida,sofia.almeida761@proton.me,CTY-VLC,Spain,2024-09-01,PLAN-PAYG,false,active,1972
I,2026-04-01T00:00:00Z,RD-003432,OP-001,Nils,Pereira,nils.pereira399@mail.com,CTY-VLC,Spain,2025-08-27,PLAN-COMMUTE,false,active,2000
I,2026-04-01T00:00:00Z,RD-003433,OP-001,Camille,Pereira,camille.pereira936@gmx.de,CTY-VLC,Spain,2025-04-01,PLAN-COMMUTE,true,active,1966
I,2026-04-01T00:00:00Z,RD-003434,OP-001,Ines,Martin,ines.martin644@mail.com,CTY-VLC,Spain,2025-12-17,PLAN-PAYG,true,active,1989
I,2026-04-01T00:00:00Z,RD-003435,OP-001,Lucia,Weber,lucia.weber359@outlook.com,CTY-VLC,Spain,2024-03-26,PLAN-PAYG,true,active,1972
I,2026-04-01T00:00:00Z,RD-003436,OP-001,Elin,Garcia,elin.garcia84@proton.me,CTY-VLC,Spain,2024-07-14,PLAN-PAYG,false,active,1965
I,2026-04-01T00:00:00Z,RD-003438,OP-001,Aina,Moreno,aina.moreno568@proton.me,CTY-VLC,Spain,2024-03-02,PLAN-UNLIMITED,false,active,2006
I,2026-04-01T00:00:00Z,RD-003439,OP-001,Rui,Roux,rui.roux38@proton.me,CTY-VLC,Spain,2025-01-15,PLAN-COMMUTE,false,active,2001
I,2026-04-01T00:00:00Z,RD-003440,OP-001,Rui,Novak,rui.novak518@gmx.de,CTY-VLC,Spain,2025-04-08,PLAN-PAYG,true,active,2003
I,2026-04-01T00:00:00Z,RD-003442,OP-001,Emil,Lindqvist,emil.lindqvist253@outlook.com,CTY-VLC,Spain,2024-06-22,PLAN-UNLIMITED,true,active,2007
I,2026-04-01T00:00:00Z,RD-003443,OP-001,Oskar,Haddad,oskar.haddad722@gmx.de,CTY-VLC,Spain,2025-06-15,PLAN-COMMUTE,false,active,1991
I,2026-04-01T00:00:00Z,RD-003444,OP-001,Elin,Kowalski,elin.kowalski219@proton.me,CTY-VLC,Spain,2025-03-23,PLAN-COMMUTE,true,active,1999
I,2026-04-01T00:00:00Z,RD-003445,OP-001,Ivan,Garcia,ivan.garcia490@outlook.com,CTY-VLC,Spain,2025-05-25,PLAN-PAYG,true,active,1986
I,2026-04-01T00:00:00Z,RD-003446,OP-001,Astrid,Pereira,astrid.pereira738@mail.com,CTY-VLC,Spain,2024-11-15,PLAN-PAYG,true,active,2000
I,2026-04-01T00:00:00Z,RD-003447,OP-001,Sofia,Conti,sofia.conti325@mail.com,CTY-VLC,Spain,2024-04-15,PLAN-COMMUTE,true,active,1998
I,2026-04-01T00:00:00Z,RD-003449,OP-001,Camille,Pereira,camille.pereira436@mail.com,CTY-VLC,Spain,2025-01-27,PLAN-UNLIMITED,false,active,1975
I,2026-04-01T00:00:00Z,RD-003450,OP-001,Oskar,Nilsson,oskar.nilsson18@proton.me,CTY-VLC,Spain,2025-02-06,PLAN-PAYG,true,active,1972
I,2026-04-01T00:00:00Z,RD-003451,OP-001,Lucia,Ferrer,lucia.ferrer133@proton.me,CTY-VLC,Spain,2024-10-24,PLAN-PAYG,true,active,1986
I,2026-04-01T00:00:00Z,RD-003452,OP-001,Diego,Novak,diego.novak540@mail.com,CTY-VLC,Spain,2024-04-16,PLAN-UNLIMITED,true,active,1979
I,2026-04-01T00:00:00Z,RD-003453,OP-001,Oskar,Haddad,oskar.haddad358@outlook.com,CTY-VLC,Spain,2025-05-28,PLAN-COMMUTE,false,active,1987
I,2026-04-01T00:00:00Z,RD-003454,OP-001,Oskar,Lindqvist,oskar.lindqvist284@correo.es,CTY-VLC,Spain,2026-03-31,PLAN-PAYG,false,active,2008
I,2026-04-01T00:00:00Z,RD-003455,OP-001,Beatriz,Silva,beatriz.silva741@proton.me,CTY-VLC,Spain,2025-04-02,PLAN-UNLIMITED,false,active,1982
I,2026-04-01T00:00:00Z,RD-003457,OP-001,Omar,Conti,omar.conti175@correo.es,CTY-VLC,Spain,2024-03-18,PLAN-CORP,false,active,1988
I,2026-04-01T00:00:00Z,RD-003458,OP-001,Astrid,Fischer,astrid.fischer53@mail.com,CTY-VLC,Spain,2025-10-17,PLAN-COMMUTE,false,active,1972
I,2026-04-01T00:00:00Z,RD-003459,OP-001,Karim,Serra,karim.serra770@correo.es,CTY-VLC,Spain,2025-08-26,PLAN-COMMUTE,false,active,1982
I,2026-04-01T00:00:00Z,RD-003460,OP-001,Nadia,Serra,nadia.serra407@proton.me,CTY-VLC,Spain,2025-10-01,PLAN-PAYG,true,active,1971
I,2026-04-01T00:00:00Z,RD-003461,OP-001,Joan,Lindqvist,joan.lindqvist276@mail.com,CTY-VLC,Spain,2024-12-13,PLAN-PAYG,true,active,1997
I,2026-04-01T00:00:00Z,RD-003462,OP-001,Sofia,Weber,sofia.weber732@mail.com,CTY-VLC,Spain,2025-08-07,PLAN-CORP,false,active,1971
I,2026-04-01T00:00:00Z,RD-003463,OP-001,Nils,Haddad,nils.haddad911@gmx.de,CTY-VLC,Spain,2025-04-26,PLAN-PAYG,false,active,1966
I,2026-04-01T00:00:00Z,RD-003464,OP-001,Chloe,Andersson,chloe.andersson892@proton.me,CTY-VLC,Spain,2025-09-14,PLAN-PAYG,true,active,1983
I,2026-04-01T00:00:00Z,RD-003465,OP-001,Hugo,Benali,hugo.benali320@correo.es,CTY-VLC,Spain,2024-03-13,PLAN-COMMUTE,true,active,1963
I,2026-04-01T00:00:00Z,RD-003466,OP-001,Sofia,Ferrer,sofia.ferrer23@proton.me,CTY-VLC,Spain,2024-05-24,PLAN-COMMUTE,true,active,1978
I,2026-04-01T00:00:00Z,RD-003467,OP-001,Nadia,Pereira,nadia.pereira614@proton.me,CTY-VLC,Spain,2025-06-23,PLAN-PAYG,true,active,1990
I,2026-04-01T00:00:00Z,RD-003468,OP-001,Aina,Bernard,aina.bernard924@gmx.de,CTY-VLC,Spain,2025-01-26,PLAN-TOURIST,true,active,2004
I,2026-04-01T00:00:00Z,RD-003469,OP-001,Nora,Rossi,nora.rossi105@outlook.com,CTY-VLC,Spain,2024-10-20,PLAN-PAYG,true,active,1986
I,2026-04-01T00:00:00Z,RD-003471,OP-001,Diego,Lopez,diego.lopez256@proton.me,CTY-VLC,Spain,2024-11-04,PLAN-COMMUTE,false,active,1965
I,2026-04-01T00:00:00Z,RD-003472,OP-001,Louis,Serra,louis.serra620@correo.es,CTY-VLC,Spain,2025-10-07,PLAN-PAYG,false,active,1997
I,2026-04-01T00:00:00Z,RD-003473,OP-001,Tiago,Ferrer,tiago.ferrer931@mail.com,CTY-VLC,Spain,2025-12-01,PLAN-PAYG,true,active,1988
I,2026-04-01T00:00:00Z,RD-003474,OP-001,Emil,Conti,emil.conti511@proton.me,CTY-VLC,Spain,2025-02-27,PLAN-COMMUTE,false,active,1977
I,2026-04-01T00:00:00Z,RD-003475,OP-001,Karim,Pereira,karim.pereira387@gmx.de,CTY-VLC,Spain,2025-04-12,PLAN-PAYG,false,active,1983
I,2026-04-01T00:00:00Z,RD-003476,OP-001,Rui,Ferrer,rui.ferrer114@outlook.com,CTY-VLC,Spain,2025-05-31,PLAN-PAYG,false,active,1974
I,2026-04-01T00:00:00Z,RD-003477,OP-001,Oskar,Weber,oskar.weber111@mail.com,CTY-VLC,Spain,2024-04-23,PLAN-PAYG,true,active,1998
I,2026-04-01T00:00:00Z,RD-003480,OP-001,Camille,Bernard,camille.bernard805@mail.com,CTY-VLC,Spain,2026-02-03,PLAN-PAYG,true,active,1986
I,2026-04-01T00:00:00Z,RD-003481,OP-001,Sofia,Garcia,sofia.garcia815@proton.me,CTY-VLC,Spain,2026-03-30,PLAN-PAYG,false,active,1980
I,2026-04-01T00:00:00Z,RD-003482,OP-001,Chloe,Moreno,chloe.moreno765@gmx.de,CTY-VLC,Spain,2024-05-06,PLAN-PAYG,false,active,1989
I,2026-04-01T00:00:00Z,RD-003483,OP-001,Hugo,Moreno,hugo.moreno983@gmx.de,CTY-VLC,Spain,2025-03-06,PLAN-COMMUTE,true,active,1978
I,2026-04-01T00:00:00Z,RD-003485,OP-001,Beatriz,Nilsson,beatriz.nilsson336@proton.me,CTY-VLC,Spain,2025-08-03,PLAN-UNLIMITED,false,active,1972
I,2026-04-01T00:00:00Z,RD-003486,OP-001,Louis,Ferrer,louis.ferrer817@gmx.de,CTY-VLC,Spain,2026-01-28,PLAN-PAYG,true,active,1991
I,2026-04-01T00:00:00Z,RD-003487,OP-001,Astrid,Weber,astrid.weber560@correo.es,CTY-VLC,Spain,2025-01-18,PLAN-PAYG,true,active,1999
I,2026-04-01T00:00:00Z,RD-003488,OP-001,Louis,Rossi,louis.rossi851@outlook.com,CTY-VLC,Spain,2024-11-03,PLAN-PAYG,true,active,1986
I,2026-04-01T00:00:00Z,RD-003489,OP-001,Louis,Conti,louis.conti69@outlook.com,CTY-VLC,Spain,2025-08-19,PLAN-PAYG,false,active,2004
I,2026-04-01T00:00:00Z,RD-003490,OP-001,Diego,Nilsson,diego.nilsson330@correo.es,CTY-VLC,Spain,2026-02-24,PLAN-PAYG,true,active,1963
I,2026-04-01T00:00:00Z,RD-003491,OP-001,Sofia,Lopez,sofia.lopez311@correo.es,CTY-VLC,Spain,2024-06-22,PLAN-TOURIST,false,active,1993
I,2026-04-01T00:00:00Z,RD-003492,OP-001,Tiago,Costa,tiago.costa912@mail.com,CTY-VLC,Spain,2025-05-20,PLAN-COMMUTE,false,active,1993
I,2026-04-01T00:00:00Z,RD-003493,OP-001,Rui,Kowalski,rui.kowalski128@gmx.de,CTY-VLC,Spain,2024-02-16,PLAN-PAYG,true,active,2001
I,2026-04-01T00:00:00Z,RD-003494,OP-001,Louis,Weber,louis.weber147@gmx.de,CTY-VLC,Spain,2025-05-16,PLAN-UNLIMITED,true,active,1994
I,2026-04-01T00:00:00Z,RD-003495,OP-001,Chloe,Garcia,chloe.garcia318@mail.com,CTY-VLC,Spain,2025-12-08,PLAN-PAYG,true,active,2002
I,2026-04-01T00:00:00Z,RD-003497,OP-001,Pablo,Lindqvist,pablo.lindqvist765@proton.me,CTY-VLC,Spain,2024-01-13,PLAN-COMMUTE,true,active,2005
I,2026-04-01T00:00:00Z,RD-003498,OP-001,Thomas,Lopez,thomas.lopez359@proton.me,CTY-VLC,Spain,2024-10-01,PLAN-PAYG,true,active,1993
I,2026-04-01T00:00:00Z,RD-003499,OP-001,Oskar,Nilsson,oskar.nilsson515@correo.es,CTY-VLC,Spain,2026-01-04,PLAN-UNLIMITED,false,active,1993
I,2026-04-01T00:00:00Z,RD-003500,OP-001,Louis,Bernard,louis.bernard983@gmx.de,CTY-VLC,Spain,2024-04-02,PLAN-COMMUTE,false,active,1987
I,2026-04-01T00:00:00Z,RD-003501,OP-001,Ines,Bernard,ines.bernard761@proton.me,CTY-VLC,Spain,2025-01-02,PLAN-PAYG,false,active,1985
I,2026-04-01T00:00:00Z,RD-003502,OP-001,Yasmin,Pereira,yasmin.pereira881@proton.me,CTY-VLC,Spain,2024-03-23,PLAN-PAYG,false,active,1964
I,2026-04-01T00:00:00Z,RD-003503,OP-001,Beatriz,Lindqvist,beatriz.lindqvist245@proton.me,CTY-VLC,Spain,2026-02-03,PLAN-PAYG,true,active,1983
I,2026-04-01T00:00:00Z,RD-003504,OP-001,Beatriz,Costa,beatriz.costa424@mail.com,CTY-VLC,Spain,2025-12-13,PLAN-UNLIMITED,true,active,1976
I,2026-04-01T00:00:00Z,RD-003505,OP-001,Nora,Haddad,nora.haddad192@correo.es,CTY-VLC,Spain,2024-07-11,PLAN-PAYG,false,active,1966
I,2026-04-01T00:00:00Z,RD-003506,OP-001,Ines,Vidal,ines.vidal414@mail.com,CTY-VLC,Spain,2025-09-13,PLAN-COMMUTE,true,active,1971
I,2026-04-01T00:00:00Z,RD-003507,OP-001,Camille,Rossi,camille.rossi462@gmx.de,CTY-VLC,Spain,2025-08-04,PLAN-COMMUTE,false,active,1999
I,2026-04-01T00:00:00Z,RD-003508,OP-001,Emil,Roux,emil.roux585@outlook.com,CTY-VLC,Spain,2025-05-08,PLAN-COMMUTE,false,active,1974
I,2026-04-01T00:00:00Z,RD-003509,OP-001,Lucia,Haddad,lucia.haddad60@gmx.de,CTY-VLC,Spain,2024-08-17,PLAN-PAYG,true,active,1978
I,2026-04-01T00:00:00Z,RD-003511,OP-001,Thomas,Lopez,thomas.lopez241@mail.com,CTY-VLC,Spain,2024-05-16,PLAN-CORP,true,active,1992
I,2026-04-01T00:00:00Z,RD-003512,OP-001,Diego,Almeida,diego.almeida785@mail.com,CTY-VLC,Spain,2026-01-05,PLAN-PAYG,false,active,1975
I,2026-04-01T00:00:00Z,RD-003513,OP-001,Pablo,Weber,pablo.weber846@outlook.com,CTY-VLC,Spain,2025-08-07,PLAN-UNLIMITED,true,active,1991
I,2026-04-01T00:00:00Z,RD-003514,OP-001,Louis,Novak,louis.novak372@gmx.de,CTY-VLC,Spain,2025-06-20,PLAN-PAYG,false,active,1962
I,2026-04-01T00:00:00Z,RD-003515,OP-001,Nils,Fischer,nils.fischer13@proton.me,CTY-VLC,Spain,2024-07-16,PLAN-PAYG,false,active,1992
I,2026-04-01T00:00:00Z,RD-003516,OP-001,Nora,Novak,nora.novak466@gmx.de,CTY-VLC,Spain,2025-05-17,PLAN-PAYG,false,active,1972
I,2026-04-01T00:00:00Z,RD-003517,OP-001,Manon,Benali,manon.benali67@mail.com,CTY-VLC,Spain,2026-03-30,PLAN-STUDENT,true,active,2007
I,2026-04-01T00:00:00Z,RD-003518,OP-001,Joan,Andersson,joan.andersson481@correo.es,CTY-VLC,Spain,2024-06-12,PLAN-PAYG,true,active,1981
I,2026-04-01T00:00:00Z,RD-003519,OP-001,Manon,Bernard,manon.bernard312@proton.me,CTY-VLC,Spain,2025-03-31,PLAN-PAYG,false,active,1970
I,2026-04-01T00:00:00Z,RD-003520,OP-001,Louis,Conti,louis.conti860@proton.me,CTY-VLC,Spain,2024-12-15,PLAN-PAYG,true,active,1962
I,2026-04-01T00:00:00Z,RD-003522,OP-001,Louis,Lopez,louis.lopez941@mail.com,CTY-VLC,Spain,2024-07-23,PLAN-COMMUTE,true,active,2003
I,2026-04-01T00:00:00Z,RD-003523,OP-001,Omar,Serra,omar.serra478@proton.me,CTY-VLC,Spain,2024-03-21,PLAN-STUDENT,true,active,1975
I,2026-04-01T00:00:00Z,RD-003524,OP-001,Camille,Almeida,camille.almeida235@proton.me,CTY-VLC,Spain,2025-02-06,PLAN-COMMUTE,false,active,1992
I,2026-04-01T00:00:00Z,RD-003525,OP-001,Hugo,Bernard,hugo.bernard163@proton.me,CTY-VLC,Spain,2024-09-09,PLAN-CORP,false,active,1999
I,2026-04-01T00:00:00Z,RD-003526,OP-001,Ines,Berg,ines.berg206@proton.me,CTY-VLC,Spain,2024-07-16,PLAN-COMMUTE,true,active,2004
I,2026-04-01T00:00:00Z,RD-003527,OP-001,Louis,Benali,louis.benali853@correo.es,CTY-VLC,Spain,2024-02-01,PLAN-PAYG,true,active,1984
I,2026-04-01T00:00:00Z,RD-003528,OP-001,Camille,Rossi,camille.rossi111@correo.es,CTY-VLC,Spain,2026-01-30,PLAN-PAYG,false,active,1983
I,2026-04-01T00:00:00Z,RD-003529,OP-001,Aina,Rossi,aina.rossi338@proton.me,CTY-VLC,Spain,2025-12-06,PLAN-PAYG,true,active,1999
I,2026-04-01T00:00:00Z,RD-003531,OP-001,Astrid,Roux,astrid.roux69@correo.es,CTY-VLC,Spain,2026-03-19,PLAN-COMMUTE,false,active,1983
I,2026-04-01T00:00:00Z,RD-003532,OP-001,Aina,Nilsson,aina.nilsson300@outlook.com,CTY-VLC,Spain,2025-09-29,PLAN-COMMUTE,false,active,1972
I,2026-04-01T00:00:00Z,RD-003533,OP-001,Antoine,Conti,antoine.conti244@outlook.com,CTY-VLC,Spain,2025-06-01,PLAN-PAYG,true,active,1962
I,2026-04-01T00:00:00Z,RD-003534,OP-001,Omar,Rossi,omar.rossi284@outlook.com,CTY-VLC,Spain,2024-05-03,PLAN-PAYG,false,active,1988
I,2026-04-01T00:00:00Z,RD-003535,OP-001,Sofia,Haddad,sofia.haddad744@mail.com,CTY-VLC,Spain,2025-02-13,PLAN-PAYG,false,active,1990
I,2026-04-01T00:00:00Z,RD-003536,OP-001,Nils,Costa,nils.costa982@correo.es,CTY-VLC,Spain,2024-06-19,PLAN-COMMUTE,false,active,1968
I,2026-04-01T00:00:00Z,RD-003537,OP-001,Yasmin,Haddad,yasmin.haddad276@outlook.com,CTY-VLC,Spain,2025-11-03,PLAN-COMMUTE,true,active,1970
I,2026-04-01T00:00:00Z,RD-003538,OP-001,Beatriz,Nilsson,beatriz.nilsson595@gmx.de,CTY-VLC,Spain,2024-09-26,PLAN-PAYG,false,active,1982
I,2026-04-01T00:00:00Z,RD-003539,OP-001,Astrid,Martin,astrid.martin885@proton.me,CTY-VLC,Spain,2025-02-23,PLAN-PAYG,true,active,1996
I,2026-04-01T00:00:00Z,RD-003540,OP-001,Tiago,Pereira,tiago.pereira17@mail.com,CTY-VLC,Spain,2024-12-14,PLAN-COMMUTE,true,active,2006
I,2026-04-01T00:00:00Z,RD-003541,OP-001,Oskar,Benali,oskar.benali763@proton.me,CTY-VLC,Spain,2025-02-13,PLAN-PAYG,true,active,1975
I,2026-04-01T00:00:00Z,RD-003542,OP-001,Beatriz,Rossi,beatriz.rossi804@gmx.de,CTY-VLC,Spain,2026-01-29,PLAN-CORP,true,active,1986
I,2026-04-01T00:00:00Z,RD-003543,OP-001,Antoine,Garcia,antoine.garcia799@gmx.de,CTY-VLC,Spain,2025-08-16,PLAN-PAYG,false,active,1963
I,2026-04-01T00:00:00Z,RD-003544,OP-001,Nils,Almeida,nils.almeida336@correo.es,CTY-VLC,Spain,2026-03-04,PLAN-PAYG,false,active,1996
I,2026-04-01T00:00:00Z,RD-003545,OP-001,Joan,Dubois,joan.dubois144@mail.com,CTY-VLC,Spain,2025-11-15,PLAN-UNLIMITED,true,active,2002
I,2026-04-01T00:00:00Z,RD-003546,OP-001,Chloe,Andersson,chloe.andersson103@mail.com,CTY-VLC,Spain,2025-07-16,PLAN-PAYG,false,active,1987
I,2026-04-01T00:00:00Z,RD-003547,OP-001,Karim,Martin,karim.martin454@correo.es,CTY-VLC,Spain,2024-08-13,PLAN-CORP,true,active,2003
I,2026-04-01T00:00:00Z,RD-003548,OP-001,Astrid,Lindqvist,astrid.lindqvist516@correo.es,CTY-VLC,Spain,2024-09-13,PLAN-TOURIST,false,active,1985
I,2026-04-01T00:00:00Z,RD-003549,OP-001,Nils,Martin,nils.martin104@outlook.com,CTY-VLC,Spain,2025-10-17,PLAN-COMMUTE,true,active,1984
I,2026-04-01T00:00:00Z,RD-003550,OP-001,Freja,Kowalski,freja.kowalski825@gmx.de,CTY-VLC,Spain,2025-05-17,PLAN-STUDENT,true,active,1999
I,2026-04-01T00:00:00Z,RD-003551,OP-001,Nils,Martin,nils.martin267@proton.me,CTY-VLC,Spain,2024-11-21,PLAN-STUDENT,true,active,2000
I,2026-04-01T00:00:00Z,RD-003552,OP-001,Ivan,Lopez,ivan.lopez612@mail.com,CTY-VLC,Spain,2026-01-13,PLAN-COMMUTE,false,active,1979
I,2026-04-01T00:00:00Z,RD-003553,OP-001,Nils,Roux,nils.roux765@correo.es,CTY-VLC,Spain,2025-05-22,PLAN-COMMUTE,true,active,1984
I,2026-04-01T00:00:00Z,RD-003554,OP-001,Ines,Bernard,ines.bernard60@correo.es,CTY-VLC,Spain,2024-05-07,PLAN-PAYG,true,active,1970
I,2026-04-01T00:00:00Z,RD-003556,OP-001,Manon,Bernard,manon.bernard34@outlook.com,CTY-VLC,Spain,2025-12-03,PLAN-PAYG,true,active,1981
I,2026-04-01T00:00:00Z,RD-003557,OP-001,Marta,Lopez,marta.lopez126@gmx.de,CTY-VLC,Spain,2025-01-30,PLAN-COMMUTE,false,active,2008
I,2026-04-01T00:00:00Z,RD-003558,OP-001,Marta,Ferrer,marta.ferrer688@mail.com,CTY-VLC,Spain,2025-08-16,PLAN-CORP,true,active,1990
I,2026-04-01T00:00:00Z,RD-003559,OP-001,Nora,Bernard,nora.bernard264@proton.me,CTY-VLC,Spain,2024-11-23,PLAN-PAYG,true,active,2002
I,2026-04-01T00:00:00Z,RD-003560,OP-001,Diego,Conti,diego.conti865@proton.me,CTY-VLC,Spain,2024-09-06,PLAN-COMMUTE,true,active,1998
I,2026-04-01T00:00:00Z,RD-003561,OP-001,Camille,Ferrer,camille.ferrer108@correo.es,CTY-VLC,Spain,2024-10-09,PLAN-PAYG,false,active,1998
I,2026-04-01T00:00:00Z,RD-003562,OP-001,Freja,Martin,freja.martin147@mail.com,CTY-VLC,Spain,2024-08-12,PLAN-PAYG,true,active,1984
I,2026-04-01T00:00:00Z,RD-003563,OP-001,Diego,Vidal,diego.vidal653@gmx.de,CTY-VLC,Spain,2025-07-08,PLAN-COMMUTE,true,active,1984
I,2026-04-01T00:00:00Z,RD-003564,OP-001,Camille,Lopez,camille.lopez672@mail.com,CTY-VLC,Spain,2025-08-19,PLAN-PAYG,false,active,2000
I,2026-04-01T00:00:00Z,RD-003565,OP-001,Diego,Conti,diego.conti171@outlook.com,CTY-VLC,Spain,2024-10-27,PLAN-PAYG,true,active,1982
I,2026-04-01T00:00:00Z,RD-003566,OP-001,Beatriz,Dubois,beatriz.dubois841@outlook.com,CTY-VLC,Spain,2026-01-26,PLAN-PAYG,true,active,1970
I,2026-04-01T00:00:00Z,RD-003567,OP-001,Ivan,Roux,ivan.roux696@proton.me,CTY-VLC,Spain,2025-04-03,PLAN-TOURIST,false,active,1989
I,2026-04-01T00:00:00Z,RD-003568,OP-001,Joan,Novak,joan.novak862@outlook.com,CTY-VLC,Spain,2024-06-18,PLAN-COMMUTE,false,active,1966
I,2026-04-01T00:00:00Z,RD-003570,OP-001,Nora,Roux,nora.roux686@correo.es,CTY-VLC,Spain,2024-10-24,PLAN-PAYG,true,active,1994
I,2026-04-01T00:00:00Z,RD-003571,OP-001,Nora,Pereira,nora.pereira775@outlook.com,CTY-VLC,Spain,2025-12-08,PLAN-COMMUTE,false,active,2007
I,2026-04-01T00:00:00Z,RD-003572,OP-001,Marta,Serra,marta.serra249@outlook.com,CTY-VLC,Spain,2025-01-26,PLAN-PAYG,true,active,1992
I,2026-04-01T00:00:00Z,RD-003573,OP-001,Pablo,Costa,pablo.costa82@outlook.com,CTY-VLC,Spain,2025-07-26,PLAN-PAYG,true,active,1976
I,2026-04-01T00:00:00Z,RD-003574,OP-001,Yasmin,Moreno,yasmin.moreno522@proton.me,CTY-VLC,Spain,2025-04-26,PLAN-PAYG,false,active,1990
I,2026-04-01T00:00:00Z,RD-003575,OP-001,Freja,Dubois,freja.dubois140@outlook.com,CTY-VLC,Spain,2025-08-30,PLAN-PAYG,true,active,1964
I,2026-04-01T00:00:00Z,RD-003576,OP-001,Karim,Lindqvist,karim.lindqvist544@proton.me,CTY-VLC,Spain,2024-06-08,PLAN-PAYG,false,active,1979
I,2026-04-01T00:00:00Z,RD-003577,OP-001,Joan,Costa,joan.costa930@correo.es,CTY-VLC,Spain,2026-02-09,PLAN-PAYG,true,active,1975
I,2026-04-01T00:00:00Z,RD-003578,OP-001,Nils,Garcia,nils.garcia543@proton.me,CTY-VLC,Spain,2025-05-15,PLAN-PAYG,true,active,1979
I,2026-04-01T00:00:00Z,RD-003579,OP-001,Manon,Benali,manon.benali388@gmx.de,CTY-VLC,Spain,2024-06-28,PLAN-PAYG,false,active,1966
I,2026-04-01T00:00:00Z,RD-003581,OP-001,Chloe,Conti,chloe.conti464@gmx.de,CTY-VLC,Spain,2024-08-22,PLAN-COMMUTE,false,active,1990
I,2026-04-01T00:00:00Z,RD-003582,OP-001,Thomas,Nilsson,thomas.nilsson695@outlook.com,CTY-VLC,Spain,2024-10-31,PLAN-PAYG,false,active,1970
I,2026-04-01T00:00:00Z,RD-003583,OP-001,Thomas,Pereira,thomas.pereira588@mail.com,CTY-VLC,Spain,2025-09-10,PLAN-COMMUTE,false,active,1968
I,2026-04-01T00:00:00Z,RD-003584,OP-001,Manon,Moreno,manon.moreno754@proton.me,CTY-VLC,Spain,2024-11-18,PLAN-PAYG,true,active,1976
I,2026-04-01T00:00:00Z,RD-003585,OP-001,Tiago,Costa,tiago.costa439@gmx.de,CTY-VLC,Spain,2025-04-15,PLAN-COMMUTE,false,active,1964
I,2026-04-01T00:00:00Z,RD-003586,OP-001,Camille,Costa,camille.costa769@outlook.com,CTY-VLC,Spain,2025-02-27,PLAN-PAYG,true,active,1994
I,2026-04-01T00:00:00Z,RD-003588,OP-001,Joan,Serra,joan.serra522@proton.me,CTY-VLC,Spain,2024-11-23,PLAN-PAYG,false,active,1984
I,2026-04-01T00:00:00Z,RD-003590,OP-001,Rui,Costa,rui.costa329@proton.me,CTY-VLC,Spain,2026-02-26,PLAN-PAYG,true,active,1982
I,2026-04-01T00:00:00Z,RD-003592,OP-001,Nora,Fischer,nora.fischer694@correo.es,CTY-VLC,Spain,2024-10-02,PLAN-PAYG,false,active,1969
I,2026-04-01T00:00:00Z,RD-003593,OP-001,Louis,Bernard,louis.bernard792@correo.es,CTY-VLC,Spain,2025-02-03,PLAN-COMMUTE,false,active,1999
I,2026-04-01T00:00:00Z,RD-003594,OP-001,Omar,Dubois,omar.dubois493@proton.me,CTY-VLC,Spain,2024-09-13,PLAN-COMMUTE,true,active,1975
I,2026-04-01T00:00:00Z,RD-003595,OP-001,Camille,Martin,camille.martin570@gmx.de,CTY-VLC,Spain,2025-12-01,PLAN-COMMUTE,false,active,1992
I,2026-04-01T00:00:00Z,RD-003597,OP-001,Karim,Andersson,karim.andersson626@correo.es,CTY-VLC,Spain,2026-03-26,PLAN-PAYG,false,active,1967
I,2026-04-01T00:00:00Z,RD-003598,OP-001,Manon,Fischer,manon.fischer956@correo.es,CTY-VLC,Spain,2024-06-28,PLAN-PAYG,true,active,1987
I,2026-04-01T00:00:00Z,RD-003599,OP-001,Hugo,Costa,hugo.costa257@mail.com,CTY-VLC,Spain,2025-08-16,PLAN-UNLIMITED,false,active,1979
I,2026-04-01T00:00:00Z,RD-003601,OP-001,Sofia,Weber,sofia.weber356@proton.me,CTY-VLC,Spain,2024-08-25,PLAN-PAYG,true,active,1972
I,2026-04-01T00:00:00Z,RD-003602,OP-001,Ines,Vidal,ines.vidal335@gmx.de,CTY-VLC,Spain,2024-07-14,PLAN-UNLIMITED,true,active,1981
I,2026-04-01T00:00:00Z,RD-003603,OP-001,Astrid,Haddad,astrid.haddad975@proton.me,CTY-VLC,Spain,2025-07-13,PLAN-PAYG,true,active,1989
I,2026-04-01T00:00:00Z,RD-003604,OP-001,Yasmin,Fischer,yasmin.fischer448@correo.es,CTY-VLC,Spain,2025-12-31,PLAN-PAYG,true,active,1985
I,2026-04-01T00:00:00Z,RD-003606,OP-001,Diego,Novak,diego.novak396@mail.com,CTY-VLC,Spain,2025-03-24,PLAN-COMMUTE,true,active,1975
I,2026-04-01T00:00:00Z,RD-003607,OP-001,Marta,Haddad,marta.haddad558@proton.me,CTY-VLC,Spain,2025-01-05,PLAN-PAYG,false,active,1987
I,2026-04-01T00:00:00Z,RD-003608,OP-001,Astrid,Kowalski,astrid.kowalski80@proton.me,CTY-VLC,Spain,2024-08-02,PLAN-PAYG,true,active,1997
I,2026-04-01T00:00:00Z,RD-003609,OP-001,Diego,Almeida,diego.almeida162@proton.me,CTY-VLC,Spain,2025-04-25,PLAN-TOURIST,true,active,1994
I,2026-04-01T00:00:00Z,RD-003610,OP-001,Manon,Garcia,manon.garcia718@proton.me,CTY-VLC,Spain,2024-07-31,PLAN-PAYG,true,active,1994
I,2026-04-01T00:00:00Z,RD-003611,OP-001,Yasmin,Fischer,yasmin.fischer512@gmx.de,CTY-VLC,Spain,2025-11-14,PLAN-COMMUTE,true,active,1989
I,2026-04-01T00:00:00Z,RD-003612,OP-001,Antoine,Lindqvist,antoine.lindqvist725@correo.es,CTY-VLC,Spain,2025-10-29,PLAN-UNLIMITED,true,active,1976
I,2026-04-01T00:00:00Z,RD-003613,OP-001,Pablo,Ferrer,pablo.ferrer101@proton.me,CTY-VLC,Spain,2025-12-07,PLAN-PAYG,false,active,1989
I,2026-04-01T00:00:00Z,RD-003614,OP-001,Hugo,Weber,hugo.weber281@gmx.de,CTY-VLC,Spain,2025-06-20,PLAN-STUDENT,false,active,1966
I,2026-04-01T00:00:00Z,RD-003615,OP-001,Diego,Weber,diego.weber340@proton.me,CTY-VLC,Spain,2025-10-12,PLAN-COMMUTE,false,active,1971
I,2026-04-01T00:00:00Z,RD-003616,OP-001,Hugo,Haddad,hugo.haddad858@mail.com,CTY-VLC,Spain,2026-02-21,PLAN-COMMUTE,false,active,1995
I,2026-04-01T00:00:00Z,RD-003617,OP-001,Nils,Lopez,nils.lopez793@proton.me,CTY-VLC,Spain,2026-01-18,PLAN-COMMUTE,true,active,1973
I,2026-04-01T00:00:00Z,RD-003618,OP-001,Karim,Almeida,karim.almeida429@outlook.com,CTY-VLC,Spain,2024-10-30,PLAN-PAYG,true,active,1990
I,2026-04-01T00:00:00Z,RD-003619,OP-001,Sofia,Benali,sofia.benali524@outlook.com,CTY-VLC,Spain,2024-07-23,PLAN-PAYG,false,active,1970
I,2026-04-01T00:00:00Z,RD-003620,OP-001,Nadia,Nilsson,nadia.nilsson427@proton.me,CTY-VLC,Spain,2024-01-25,PLAN-COMMUTE,false,active,1982
I,2026-04-01T00:00:00Z,RD-003621,OP-001,Emil,Lindqvist,emil.lindqvist931@mail.com,CTY-VLC,Spain,2024-05-31,PLAN-PAYG,true,active,1973
I,2026-04-01T00:00:00Z,RD-003622,OP-001,Omar,Kowalski,omar.kowalski793@outlook.com,CTY-VLC,Spain,2024-08-04,PLAN-COMMUTE,false,active,1979
I,2026-04-01T00:00:00Z,RD-003623,OP-001,Thomas,Berg,thomas.berg472@mail.com,CTY-VLC,Spain,2024-01-15,PLAN-STUDENT,true,active,2005
I,2026-04-01T00:00:00Z,RD-003624,OP-001,Astrid,Weber,astrid.weber384@mail.com,CTY-VLC,Spain,2025-06-12,PLAN-PAYG,true,active,1984
I,2026-04-01T00:00:00Z,RD-003625,OP-001,Camille,Conti,camille.conti445@proton.me,CTY-VLC,Spain,2025-03-11,PLAN-PAYG,false,active,1976
I,2026-04-01T00:00:00Z,RD-003626,OP-001,Omar,Lindqvist,omar.lindqvist125@proton.me,CTY-VLC,Spain,2026-03-05,PLAN-COMMUTE,false,active,1991
I,2026-04-01T00:00:00Z,RD-003627,OP-001,Beatriz,Weber,beatriz.weber754@mail.com,CTY-VLC,Spain,2024-09-18,PLAN-PAYG,true,active,1980
I,2026-04-01T00:00:00Z,RD-003628,OP-001,Manon,Weber,manon.weber6@correo.es,CTY-VLC,Spain,2024-06-09,PLAN-PAYG,true,active,1984
I,2026-04-01T00:00:00Z,RD-003629,OP-001,Antoine,Novak,antoine.novak601@gmx.de,CTY-VLC,Spain,2025-06-05,PLAN-PAYG,false,active,1987
I,2026-04-01T00:00:00Z,RD-003631,OP-001,Joan,Silva,joan.silva755@correo.es,CTY-VLC,Spain,2025-05-03,PLAN-TOURIST,true,active,1979
I,2026-04-01T00:00:00Z,RD-003632,OP-001,Thomas,Benali,thomas.benali303@correo.es,CTY-VLC,Spain,2025-09-07,PLAN-PAYG,true,active,1985
I,2026-04-01T00:00:00Z,RD-003633,OP-001,Joan,Conti,joan.conti257@outlook.com,CTY-VLC,Spain,2025-05-13,PLAN-PAYG,true,active,1977
I,2026-04-01T00:00:00Z,RD-003634,OP-001,Tiago,Lindqvist,tiago.lindqvist303@mail.com,CTY-VLC,Spain,2024-10-15,PLAN-COMMUTE,true,active,1992
I,2026-04-01T00:00:00Z,RD-003635,OP-001,Camille,Almeida,camille.almeida611@outlook.com,CTY-VLC,Spain,2024-08-03,PLAN-COMMUTE,true,active,2008
I,2026-04-01T00:00:00Z,RD-003636,OP-001,Tiago,Weber,tiago.weber20@correo.es,CTY-VLC,Spain,2025-06-21,PLAN-PAYG,true,active,1995
I,2026-04-01T00:00:00Z,RD-003637,OP-001,Nils,Novak,nils.novak295@outlook.com,CTY-VLC,Spain,2024-04-08,PLAN-PAYG,true,active,1970
I,2026-04-01T00:00:00Z,RD-003638,OP-001,Beatriz,Novak,beatriz.novak832@mail.com,CTY-VLC,Spain,2024-11-22,PLAN-PAYG,true,active,1979
I,2026-04-01T00:00:00Z,RD-003639,OP-001,Omar,Kowalski,omar.kowalski677@mail.com,CTY-VLC,Spain,2025-05-22,PLAN-PAYG,true,active,1982
I,2026-04-01T00:00:00Z,RD-003640,OP-001,Pablo,Roux,pablo.roux478@proton.me,CTY-VLC,Spain,2024-08-04,PLAN-PAYG,true,active,2001
I,2026-04-01T00:00:00Z,RD-003641,OP-001,Joan,Martin,joan.martin482@outlook.com,CTY-VLC,Spain,2024-09-20,PLAN-COMMUTE,true,active,2006
I,2026-04-01T00:00:00Z,RD-003642,OP-001,Lucia,Martin,lucia.martin875@mail.com,CTY-VLC,Spain,2024-09-14,PLAN-PAYG,false,active,1984
I,2026-04-01T00:00:00Z,RD-003643,OP-001,Freja,Bernard,freja.bernard705@gmx.de,CTY-VLC,Spain,2025-05-31,PLAN-UNLIMITED,false,active,1983
I,2026-04-01T00:00:00Z,RD-003644,OP-001,Louis,Martin,louis.martin301@gmx.de,CTY-VLC,Spain,2025-05-05,PLAN-COMMUTE,false,active,1986
I,2026-04-01T00:00:00Z,RD-003645,OP-001,Marta,Dubois,marta.dubois388@mail.com,CTY-VLC,Spain,2025-02-07,PLAN-COMMUTE,false,active,1978
I,2026-04-01T00:00:00Z,RD-003646,OP-001,Pablo,Vidal,pablo.vidal557@mail.com,CTY-VLC,Spain,2024-04-18,PLAN-PAYG,true,active,1994
I,2026-04-01T00:00:00Z,RD-003648,OP-001,Diego,Andersson,diego.andersson374@mail.com,CTY-VLC,Spain,2026-03-03,PLAN-PAYG,true,active,1987
I,2026-04-01T00:00:00Z,RD-003649,OP-001,Rui,Weber,rui.weber998@proton.me,CTY-VLC,Spain,2025-05-09,PLAN-PAYG,false,active,1988
I,2026-04-01T00:00:00Z,RD-003650,OP-001,Tiago,Nilsson,tiago.nilsson223@mail.com,CTY-VLC,Spain,2024-02-22,PLAN-PAYG,false,active,1992
I,2026-04-01T00:00:00Z,RD-003651,OP-001,Ines,Lopez,ines.lopez268@outlook.com,CTY-VLC,Spain,2024-06-02,PLAN-PAYG,false,active,1977
I,2026-04-01T00:00:00Z,RD-003652,OP-001,Emil,Almeida,emil.almeida625@outlook.com,CTY-VLC,Spain,2024-06-09,PLAN-PAYG,true,active,1962
I,2026-04-01T00:00:00Z,RD-003653,OP-001,Nora,Benali,nora.benali247@outlook.com,CTY-VLC,Spain,2025-01-01,PLAN-PAYG,false,active,1964
I,2026-04-01T00:00:00Z,RD-003654,OP-001,Ines,Novak,ines.novak193@correo.es,CTY-VLC,Spain,2024-12-20,PLAN-COMMUTE,false,active,1977
I,2026-04-01T00:00:00Z,RD-003655,OP-001,Diego,Rossi,diego.rossi87@gmx.de,CTY-VLC,Spain,2024-04-05,PLAN-COMMUTE,false,active,2008
I,2026-04-01T00:00:00Z,RD-003656,OP-001,Diego,Dubois,diego.dubois745@proton.me,CTY-VLC,Spain,2024-10-05,PLAN-PAYG,false,active,1991
I,2026-04-01T00:00:00Z,RD-003657,OP-001,Joan,Berg,joan.berg41@outlook.com,CTY-VLC,Spain,2025-09-22,PLAN-TOURIST,false,active,1996
I,2026-04-01T00:00:00Z,RD-003659,OP-001,Emil,Dubois,emil.dubois97@mail.com,CTY-VLC,Spain,2025-01-29,PLAN-COMMUTE,false,active,1963
I,2026-04-01T00:00:00Z,RD-003660,OP-001,Elin,Martin,elin.martin555@outlook.com,CTY-VLC,Spain,2025-02-15,PLAN-PAYG,true,active,1995
I,2026-04-01T00:00:00Z,RD-003662,OP-001,Rui,Novak,rui.novak33@proton.me,CTY-VLC,Spain,2024-08-07,PLAN-UNLIMITED,true,active,1968
I,2026-04-01T00:00:00Z,RD-003663,OP-001,Nadia,Kowalski,nadia.kowalski519@proton.me,CTY-VLC,Spain,2026-03-23,PLAN-COMMUTE,true,active,2005
I,2026-04-01T00:00:00Z,RD-003664,OP-001,Thomas,Pereira,thomas.pereira603@mail.com,CTY-VLC,Spain,2025-08-13,PLAN-PAYG,false,active,1973
I,2026-04-01T00:00:00Z,RD-003665,OP-001,Ivan,Pereira,ivan.pereira72@mail.com,CTY-VLC,Spain,2026-02-20,PLAN-PAYG,false,active,1990
I,2026-04-01T00:00:00Z,RD-003666,OP-001,Tiago,Rossi,tiago.rossi964@correo.es,CTY-VLC,Spain,2024-04-23,PLAN-PAYG,false,active,2006
I,2026-04-01T00:00:00Z,RD-003667,OP-001,Hugo,Roux,hugo.roux993@correo.es,CTY-VLC,Spain,2025-07-20,PLAN-STUDENT,true,active,1972
I,2026-04-01T00:00:00Z,RD-003668,OP-001,Karim,Martin,karim.martin657@outlook.com,CTY-VLC,Spain,2025-09-30,PLAN-PAYG,true,active,1978
I,2026-04-01T00:00:00Z,RD-003669,OP-001,Beatriz,Kowalski,beatriz.kowalski901@proton.me,CTY-VLC,Spain,2025-10-01,PLAN-PAYG,false,active,1968
I,2026-04-01T00:00:00Z,RD-003670,OP-001,Thomas,Rossi,thomas.rossi798@gmx.de,CTY-VLC,Spain,2025-07-27,PLAN-UNLIMITED,true,active,1991
I,2026-04-01T00:00:00Z,RD-003671,OP-001,Chloe,Lindqvist,chloe.lindqvist285@correo.es,CTY-VLC,Spain,2026-03-24,PLAN-PAYG,false,active,1975
I,2026-04-01T00:00:00Z,RD-003672,OP-001,Pablo,Bernard,pablo.bernard414@proton.me,CTY-VLC,Spain,2025-08-02,PLAN-PAYG,true,active,1989
I,2026-04-01T00:00:00Z,RD-003673,OP-001,Manon,Benali,manon.benali561@mail.com,CTY-VLC,Spain,2024-09-18,PLAN-PAYG,false,active,1962
I,2026-04-01T00:00:00Z,RD-003674,OP-001,Marta,Ferrer,marta.ferrer38@proton.me,CTY-VLC,Spain,2024-10-05,PLAN-PAYG,true,active,1971
I,2026-04-01T00:00:00Z,RD-003675,OP-001,Ivan,Weber,ivan.weber53@proton.me,CTY-VLC,Spain,2024-05-05,PLAN-PAYG,true,active,1990
I,2026-04-01T00:00:00Z,RD-003676,OP-001,Manon,Benali,manon.benali421@outlook.com,CTY-VLC,Spain,2025-08-21,PLAN-COMMUTE,true,active,2008
I,2026-04-01T00:00:00Z,RD-003677,OP-001,Tiago,Bernard,tiago.bernard768@gmx.de,CTY-VLC,Spain,2024-12-04,PLAN-PAYG,true,active,1979
I,2026-04-01T00:00:00Z,RD-003678,OP-001,Sofia,Haddad,sofia.haddad843@outlook.com,CTY-VLC,Spain,2025-08-12,PLAN-PAYG,false,active,1969
I,2026-04-01T00:00:00Z,RD-003679,OP-001,Antoine,Novak,antoine.novak707@correo.es,CTY-VLC,Spain,2025-05-06,PLAN-STUDENT,false,active,2002
I,2026-04-01T00:00:00Z,RD-003680,OP-001,Yasmin,Silva,yasmin.silva751@gmx.de,CTY-VLC,Spain,2025-04-01,PLAN-PAYG,false,active,1997
I,2026-04-01T00:00:00Z,RD-003681,OP-001,Chloe,Kowalski,chloe.kowalski978@proton.me,CTY-VLC,Spain,2024-09-06,PLAN-UNLIMITED,true,active,2006
I,2026-04-01T00:00:00Z,RD-003682,OP-001,Elin,Andersson,elin.andersson713@correo.es,CTY-VLC,Spain,2026-02-01,PLAN-PAYG,true,active,1989
I,2026-04-01T00:00:00Z,RD-003683,OP-001,Chloe,Fischer,chloe.fischer572@gmx.de,CTY-VLC,Spain,2024-05-03,PLAN-PAYG,false,active,1962
I,2026-04-01T00:00:00Z,RD-003684,OP-001,Manon,Novak,manon.novak951@correo.es,CTY-VLC,Spain,2024-10-23,PLAN-COMMUTE,false,active,1965
I,2026-04-01T00:00:00Z,RD-003685,OP-001,Omar,Serra,omar.serra61@mail.com,CTY-VLC,Spain,2026-03-23,PLAN-PAYG,true,active,1968
I,2026-04-01T00:00:00Z,RD-003686,OP-001,Nils,Kowalski,nils.kowalski477@gmx.de,CTY-VLC,Spain,2025-05-21,PLAN-PAYG,true,active,1990
I,2026-04-01T00:00:00Z,RD-003687,OP-001,Pablo,Vidal,pablo.vidal724@proton.me,CTY-VLC,Spain,2025-08-12,PLAN-PAYG,false,active,1975
I,2026-04-01T00:00:00Z,RD-003689,OP-001,Beatriz,Conti,beatriz.conti705@gmx.de,CTY-VLC,Spain,2024-01-25,PLAN-PAYG,true,active,1993
I,2026-04-01T00:00:00Z,RD-003690,OP-001,Omar,Conti,omar.conti139@correo.es,CTY-VLC,Spain,2025-02-11,PLAN-UNLIMITED,false,active,1964
I,2026-04-01T00:00:00Z,RD-003691,OP-001,Aina,Conti,aina.conti974@mail.com,CTY-VLC,Spain,2024-09-09,PLAN-PAYG,true,active,1998
I,2026-04-01T00:00:00Z,RD-003692,OP-001,Lucia,Silva,lucia.silva280@proton.me,CTY-VLC,Spain,2025-03-07,PLAN-PAYG,false,active,1965
I,2026-04-01T00:00:00Z,RD-003693,OP-001,Yasmin,Nilsson,yasmin.nilsson913@outlook.com,CTY-VLC,Spain,2025-04-23,PLAN-PAYG,true,active,2005
I,2026-04-01T00:00:00Z,RD-003694,OP-001,Nora,Pereira,nora.pereira711@mail.com,CTY-VLC,Spain,2025-02-04,PLAN-PAYG,false,active,1964
I,2026-04-01T00:00:00Z,RD-003695,OP-001,Louis,Serra,louis.serra244@gmx.de,CTY-VLC,Spain,2024-03-07,PLAN-PAYG,false,active,1976
I,2026-04-01T00:00:00Z,RD-003696,OP-001,Lucia,Vidal,lucia.vidal689@mail.com,CTY-VLC,Spain,2026-02-28,PLAN-STUDENT,false,active,1986
I,2026-04-01T00:00:00Z,RD-003697,OP-001,Astrid,Pereira,astrid.pereira294@mail.com,CTY-VLC,Spain,2024-11-26,PLAN-PAYG,true,active,1979
I,2026-04-01T00:00:00Z,RD-003698,OP-001,Hugo,Novak,hugo.novak709@proton.me,CTY-VLC,Spain,2024-04-26,PLAN-TOURIST,false,active,1976
I,2026-04-01T00:00:00Z,RD-003699,OP-001,Elin,Lindqvist,elin.lindqvist764@proton.me,CTY-VLC,Spain,2025-05-27,PLAN-UNLIMITED,false,active,1997
I,2026-04-01T00:00:00Z,RD-003700,OP-001,Louis,Garcia,louis.garcia246@outlook.com,CTY-VLC,Spain,2024-03-10,PLAN-PAYG,false,active,1990
I,2026-04-01T00:00:00Z,RD-003701,OP-001,Ivan,Serra,ivan.serra795@proton.me,CTY-VLC,Spain,2025-01-22,PLAN-UNLIMITED,false,active,1980
I,2026-04-01T00:00:00Z,RD-003702,OP-001,Oskar,Silva,oskar.silva419@mail.com,CTY-VLC,Spain,2024-05-16,PLAN-PAYG,true,active,1990
I,2026-04-01T00:00:00Z,RD-003703,OP-001,Marta,Conti,marta.conti510@mail.com,CTY-VLC,Spain,2025-01-09,PLAN-PAYG,true,active,2001
I,2026-04-01T00:00:00Z,RD-003704,OP-001,Oskar,Ferrer,oskar.ferrer505@gmx.de,CTY-VLC,Spain,2025-06-28,PLAN-PAYG,true,active,1974
I,2026-04-01T00:00:00Z,RD-003707,OP-001,Freja,Novak,freja.novak355@mail.com,CTY-VLC,Spain,2025-11-12,PLAN-PAYG,false,active,1999
I,2026-04-01T00:00:00Z,RD-003708,OP-001,Karim,Weber,karim.weber78@outlook.com,CTY-VLC,Spain,2025-01-06,PLAN-PAYG,false,active,1999
I,2026-04-01T00:00:00Z,RD-003709,OP-001,Elin,Andersson,elin.andersson466@correo.es,CTY-VLC,Spain,2024-06-25,PLAN-PAYG,false,active,1983
I,2026-04-01T00:00:00Z,RD-003710,OP-001,Ines,Novak,ines.novak640@proton.me,CTY-VLC,Spain,2024-03-08,PLAN-PAYG,true,active,1969
I,2026-04-01T00:00:00Z,RD-003711,OP-001,Nora,Berg,nora.berg407@gmx.de,CTY-VLC,Spain,2024-04-01,PLAN-COMMUTE,true,active,1982
I,2026-04-01T00:00:00Z,RD-003712,OP-001,Aina,Rossi,aina.rossi789@gmx.de,CTY-VLC,Spain,2025-03-17,PLAN-PAYG,true,active,1970
I,2026-04-01T00:00:00Z,RD-003714,OP-001,Pablo,Berg,pablo.berg172@outlook.com,CTY-VLC,Spain,2024-04-20,PLAN-COMMUTE,true,active,2001
I,2026-04-01T00:00:00Z,RD-003715,OP-001,Tiago,Roux,tiago.roux861@outlook.com,CTY-VLC,Spain,2026-03-03,PLAN-COMMUTE,false,active,1977
I,2026-04-01T00:00:00Z,RD-003716,OP-001,Astrid,Weber,astrid.weber568@mail.com,CTY-VLC,Spain,2024-11-05,PLAN-STUDENT,false,active,1994
I,2026-04-01T00:00:00Z,RD-003717,OP-001,Pablo,Martin,pablo.martin256@mail.com,CTY-VLC,Spain,2025-09-07,PLAN-COMMUTE,true,active,1982
I,2026-04-01T00:00:00Z,RD-003718,OP-001,Ines,Roux,ines.roux894@mail.com,CTY-VLC,Spain,2025-09-14,PLAN-PAYG,true,active,1996
I,2026-04-01T00:00:00Z,RD-003719,OP-001,Pablo,Berg,pablo.berg290@mail.com,CTY-VLC,Spain,2024-08-09,PLAN-PAYG,true,active,1997
I,2026-04-01T00:00:00Z,RD-003720,OP-001,Yasmin,Conti,yasmin.conti915@mail.com,CTY-VLC,Spain,2026-01-09,PLAN-PAYG,true,active,1983
I,2026-04-01T00:00:00Z,RD-003721,OP-001,Camille,Bernard,camille.bernard443@outlook.com,CTY-VLC,Spain,2025-11-04,PLAN-COMMUTE,true,active,1968
I,2026-04-01T00:00:00Z,RD-003722,OP-001,Manon,Lindqvist,manon.lindqvist421@proton.me,CTY-VLC,Spain,2024-04-09,PLAN-COMMUTE,false,active,1963
I,2026-04-01T00:00:00Z,RD-003723,OP-001,Nadia,Vidal,nadia.vidal165@gmx.de,CTY-VLC,Spain,2024-03-17,PLAN-UNLIMITED,false,active,1989
I,2026-04-01T00:00:00Z,RD-003724,OP-001,Manon,Berg,manon.berg153@gmx.de,CTY-VLC,Spain,2024-04-27,PLAN-COMMUTE,true,active,1987
I,2026-04-01T00:00:00Z,RD-003726,OP-001,Nadia,Rossi,nadia.rossi77@correo.es,CTY-VLC,Spain,2025-09-05,PLAN-PAYG,true,active,1962
I,2026-04-01T00:00:00Z,RD-003728,OP-001,Chloe,Moreno,chloe.moreno363@proton.me,CTY-VLC,Spain,2025-02-04,PLAN-UNLIMITED,true,active,1975
I,2026-04-01T00:00:00Z,RD-003729,OP-001,Marta,Nilsson,marta.nilsson354@mail.com,CTY-VLC,Spain,2025-09-30,PLAN-PAYG,false,active,1980
I,2026-04-01T00:00:00Z,RD-003730,OP-001,Camille,Moreno,camille.moreno41@outlook.com,CTY-VLC,Spain,2024-12-26,PLAN-PAYG,false,active,1974
I,2026-04-01T00:00:00Z,RD-003732,OP-001,Nadia,Conti,nadia.conti940@proton.me,CTY-VLC,Spain,2025-07-19,PLAN-PAYG,true,active,1973
I,2026-04-01T00:00:00Z,RD-003733,OP-001,Nils,Moreno,nils.moreno888@outlook.com,CTY-VLC,Spain,2025-11-16,PLAN-PAYG,false,active,1993
I,2026-04-01T00:00:00Z,RD-003734,OP-001,Sofia,Silva,sofia.silva517@mail.com,CTY-VLC,Spain,2024-05-01,PLAN-COMMUTE,true,active,1998
I,2026-04-01T00:00:00Z,RD-003735,OP-001,Ivan,Nilsson,ivan.nilsson531@correo.es,CTY-VLC,Spain,2024-02-07,PLAN-PAYG,false,active,1971
I,2026-04-01T00:00:00Z,RD-003736,OP-001,Louis,Novak,louis.novak362@outlook.com,CTY-VLC,Spain,2025-06-27,PLAN-PAYG,true,active,1999
I,2026-04-01T00:00:00Z,RD-003737,OP-001,Hugo,Garcia,hugo.garcia382@proton.me,CTY-VLC,Spain,2025-01-27,PLAN-COMMUTE,true,active,1985
I,2026-04-01T00:00:00Z,RD-003738,OP-001,Louis,Benali,louis.benali975@proton.me,CTY-VLC,Spain,2024-05-25,PLAN-PAYG,true,active,1970
I,2026-04-01T00:00:00Z,RD-003739,OP-001,Ivan,Pereira,ivan.pereira826@correo.es,CTY-VLC,Spain,2024-03-25,PLAN-PAYG,true,active,1978
I,2026-04-01T00:00:00Z,RD-003740,OP-001,Pablo,Roux,pablo.roux622@gmx.de,CTY-VLC,Spain,2026-01-27,PLAN-CORP,false,active,1997
I,2026-04-01T00:00:00Z,RD-003741,OP-001,Yasmin,Conti,yasmin.conti165@correo.es,CTY-VLC,Spain,2024-02-03,PLAN-UNLIMITED,true,active,1967
I,2026-04-01T00:00:00Z,RD-003742,OP-001,Karim,Dubois,karim.dubois997@mail.com,CTY-VLC,Spain,2025-11-25,PLAN-PAYG,false,active,1985
I,2026-04-01T00:00:00Z,RD-003743,OP-001,Karim,Garcia,karim.garcia677@outlook.com,CTY-VLC,Spain,2025-01-30,PLAN-PAYG,false,active,1976
I,2026-04-01T00:00:00Z,RD-003744,OP-001,Manon,Costa,manon.costa98@gmx.de,CTY-VLC,Spain,2024-10-11,PLAN-COMMUTE,true,active,1963
I,2026-04-01T00:00:00Z,RD-003745,OP-001,Thomas,Andersson,thomas.andersson754@mail.com,CTY-VLC,Spain,2024-09-01,PLAN-STUDENT,false,active,2004
I,2026-04-01T00:00:00Z,RD-003747,OP-001,Emil,Conti,emil.conti662@correo.es,CTY-VLC,Spain,2025-05-08,PLAN-COMMUTE,true,active,1967
I,2026-04-01T00:00:00Z,RD-003748,OP-001,Louis,Ferrer,louis.ferrer236@outlook.com,CTY-VLC,Spain,2025-07-18,PLAN-PAYG,false,active,1997
I,2026-04-01T00:00:00Z,RD-003749,OP-001,Hugo,Almeida,hugo.almeida658@outlook.com,CTY-VLC,Spain,2024-03-27,PLAN-PAYG,false,active,2001
I,2026-04-01T00:00:00Z,RD-003750,OP-001,Manon,Costa,manon.costa888@gmx.de,CTY-VLC,Spain,2024-07-11,PLAN-PAYG,false,active,1975
I,2026-04-01T00:00:00Z,RD-003751,OP-001,Beatriz,Lindqvist,beatriz.lindqvist138@gmx.de,CTY-VLC,Spain,2024-05-12,PLAN-PAYG,false,active,1992
I,2026-04-01T00:00:00Z,RD-003752,OP-001,Astrid,Weber,astrid.weber259@gmx.de,CTY-VLC,Spain,2025-04-12,PLAN-PAYG,false,active,1965
I,2026-04-01T00:00:00Z,RD-003753,OP-001,Hugo,Moreno,hugo.moreno539@gmx.de,CTY-VLC,Spain,2025-06-17,PLAN-PAYG,true,active,1980
I,2026-04-01T00:00:00Z,RD-003754,OP-001,Ines,Nilsson,ines.nilsson233@proton.me,CTY-VLC,Spain,2024-02-05,PLAN-PAYG,true,active,1999
I,2026-04-01T00:00:00Z,RD-003755,OP-001,Yasmin,Almeida,yasmin.almeida501@outlook.com,CTY-VLC,Spain,2025-07-01,PLAN-STUDENT,false,active,1973
I,2026-04-01T00:00:00Z,RD-003756,OP-001,Antoine,Fischer,antoine.fischer815@gmx.de,CTY-VLC,Spain,2026-02-05,PLAN-PAYG,true,active,1985
I,2026-04-01T00:00:00Z,RD-003757,OP-001,Louis,Bernard,louis.bernard458@proton.me,CTY-VLC,Spain,2024-11-14,PLAN-PAYG,false,active,1998
I,2026-04-01T00:00:00Z,RD-003758,OP-001,Chloe,Conti,chloe.conti604@correo.es,CTY-VLC,Spain,2025-11-29,PLAN-PAYG,true,active,1970
I,2026-04-01T00:00:00Z,RD-003759,OP-001,Camille,Novak,camille.novak318@proton.me,CTY-VLC,Spain,2024-11-20,PLAN-PAYG,false,active,2007
I,2026-04-01T00:00:00Z,RD-003760,OP-001,Louis,Rossi,louis.rossi974@gmx.de,CTY-VLC,Spain,2025-08-29,PLAN-PAYG,false,active,2003
I,2026-04-01T00:00:00Z,RD-003761,OP-001,Astrid,Bernard,astrid.bernard533@outlook.com,CTY-VLC,Spain,2024-03-10,PLAN-PAYG,false,active,1975
I,2026-04-01T00:00:00Z,RD-003762,OP-001,Chloe,Pereira,chloe.pereira895@correo.es,CTY-VLC,Spain,2024-03-21,PLAN-UNLIMITED,false,active,2001
I,2026-04-01T00:00:00Z,RD-003763,OP-001,Chloe,Nilsson,chloe.nilsson805@outlook.com,CTY-VLC,Spain,2024-12-01,PLAN-PAYG,true,active,1969
I,2026-04-01T00:00:00Z,RD-003764,OP-001,Chloe,Roux,chloe.roux178@correo.es,CTY-VLC,Spain,2025-03-24,PLAN-CORP,false,active,2002
I,2026-04-01T00:00:00Z,RD-003765,OP-001,Joan,Lopez,joan.lopez219@proton.me,CTY-VLC,Spain,2025-04-16,PLAN-PAYG,false,active,1970
I,2026-04-01T00:00:00Z,RD-003766,OP-001,Freja,Kowalski,freja.kowalski598@proton.me,CTY-VLC,Spain,2026-03-11,PLAN-UNLIMITED,false,active,1980
I,2026-04-01T00:00:00Z,RD-003769,OP-001,Antoine,Garcia,antoine.garcia183@outlook.com,CTY-VLC,Spain,2024-09-18,PLAN-STUDENT,false,active,2000
I,2026-04-01T00:00:00Z,RD-003770,OP-001,Joan,Almeida,joan.almeida330@proton.me,CTY-VLC,Spain,2024-03-28,PLAN-PAYG,false,active,1968
I,2026-04-01T00:00:00Z,RD-003771,OP-001,Sofia,Haddad,sofia.haddad44@outlook.com,CTY-VLC,Spain,2026-02-18,PLAN-COMMUTE,false,active,1968
I,2026-04-01T00:00:00Z,RD-003773,OP-001,Oskar,Bernard,oskar.bernard280@correo.es,CTY-VLC,Spain,2024-07-06,PLAN-COMMUTE,false,active,2005
I,2026-04-01T00:00:00Z,RD-003774,OP-001,Nadia,Novak,nadia.novak709@outlook.com,CTY-VLC,Spain,2026-01-07,PLAN-CORP,false,active,1984
I,2026-04-01T00:00:00Z,RD-003775,OP-001,Chloe,Kowalski,chloe.kowalski836@outlook.com,CTY-VLC,Spain,2024-10-31,PLAN-PAYG,true,active,1984
I,2026-04-01T00:00:00Z,RD-003776,OP-001,Pablo,Dubois,pablo.dubois160@gmx.de,CTY-VLC,Spain,2025-04-20,PLAN-PAYG,true,active,1978
I,2026-04-01T00:00:00Z,RD-003777,OP-001,Nora,Weber,nora.weber238@proton.me,CTY-VLC,Spain,2024-12-01,PLAN-PAYG,false,active,2005
I,2026-04-01T00:00:00Z,RD-003778,OP-001,Emil,Martin,emil.martin925@correo.es,CTY-VLC,Spain,2024-09-13,PLAN-PAYG,false,active,1996
I,2026-04-01T00:00:00Z,RD-003779,OP-001,Karim,Martin,karim.martin682@mail.com,CTY-VLC,Spain,2024-07-30,PLAN-PAYG,false,active,2000
I,2026-04-01T00:00:00Z,RD-003780,OP-001,Lucia,Berg,lucia.berg77@correo.es,CTY-VLC,Spain,2025-05-03,PLAN-UNLIMITED,true,active,1988
I,2026-04-01T00:00:00Z,RD-003781,OP-001,Lucia,Kowalski,lucia.kowalski37@proton.me,CTY-VLC,Spain,2025-09-02,PLAN-STUDENT,false,active,1987
I,2026-04-01T00:00:00Z,RD-003782,OP-001,Nadia,Rossi,nadia.rossi782@proton.me,CTY-VLC,Spain,2025-09-10,PLAN-STUDENT,false,active,1992
I,2026-04-01T00:00:00Z,RD-003783,OP-001,Aina,Fischer,aina.fischer93@proton.me,CTY-VLC,Spain,2026-02-06,PLAN-PAYG,true,active,1980
I,2026-04-01T00:00:00Z,RD-003784,OP-001,Manon,Lindqvist,manon.lindqvist513@correo.es,CTY-VLC,Spain,2025-03-09,PLAN-COMMUTE,true,active,1975
I,2026-04-01T00:00:00Z,RD-003785,OP-001,Aina,Costa,aina.costa953@outlook.com,CTY-VLC,Spain,2025-01-31,PLAN-PAYG,true,active,1985
I,2026-04-01T00:00:00Z,RD-003786,OP-001,Elin,Roux,elin.roux911@proton.me,CTY-VLC,Spain,2026-01-23,PLAN-PAYG,false,active,2008
I,2026-04-01T00:00:00Z,RD-003787,OP-001,Marta,Martin,marta.martin96@mail.com,CTY-VLC,Spain,2026-02-16,PLAN-COMMUTE,true,active,1995
I,2026-04-01T00:00:00Z,RD-003788,OP-001,Chloe,Lindqvist,chloe.lindqvist832@proton.me,CTY-VLC,Spain,2024-10-31,PLAN-STUDENT,false,active,2008
I,2026-04-01T00:00:00Z,RD-003789,OP-001,Nils,Conti,nils.conti188@proton.me,CTY-VLC,Spain,2024-03-14,PLAN-PAYG,true,active,2004
I,2026-04-01T00:00:00Z,RD-003790,OP-001,Freja,Kowalski,freja.kowalski790@outlook.com,CTY-VLC,Spain,2024-04-19,PLAN-PAYG,false,active,1983
I,2026-04-01T00:00:00Z,RD-003791,OP-001,Freja,Rossi,freja.rossi595@mail.com,CTY-VLC,Spain,2024-08-16,PLAN-COMMUTE,true,active,2002
I,2026-04-01T00:00:00Z,RD-003792,OP-001,Rui,Silva,rui.silva223@mail.com,CTY-VLC,Spain,2025-02-14,PLAN-PAYG,false,active,1974
I,2026-04-01T00:00:00Z,RD-003793,OP-001,Freja,Vidal,freja.vidal812@mail.com,CTY-VLC,Spain,2024-04-30,PLAN-PAYG,true,active,1986
I,2026-04-01T00:00:00Z,RD-003794,OP-001,Sofia,Ferrer,sofia.ferrer892@mail.com,CTY-VLC,Spain,2025-04-18,PLAN-UNLIMITED,true,active,1967
I,2026-04-01T00:00:00Z,RD-003795,OP-001,Nora,Conti,nora.conti885@correo.es,CTY-VLC,Spain,2026-02-22,PLAN-UNLIMITED,false,active,2002
I,2026-04-01T00:00:00Z,RD-003796,OP-001,Louis,Novak,louis.novak374@correo.es,CTY-VLC,Spain,2025-03-01,PLAN-PAYG,true,active,2000
I,2026-04-01T00:00:00Z,RD-003797,OP-001,Elin,Haddad,elin.haddad452@proton.me,CTY-VLC,Spain,2025-02-05,PLAN-PAYG,true,active,1983
I,2026-04-01T00:00:00Z,RD-003798,OP-001,Oskar,Nilsson,oskar.nilsson732@mail.com,CTY-VLC,Spain,2025-08-21,PLAN-PAYG,true,active,2006
I,2026-04-01T00:00:00Z,RD-003799,OP-001,Beatriz,Benali,beatriz.benali616@mail.com,CTY-VLC,Spain,2026-02-22,PLAN-PAYG,true,active,1992
I,2026-04-01T00:00:00Z,RD-003800,OP-001,Marta,Ferrer,marta.ferrer254@correo.es,CTY-VLC,Spain,2025-08-10,PLAN-COMMUTE,true,active,1975
I,2026-04-01T00:00:00Z,RD-003801,OP-001,Aina,Almeida,aina.almeida483@gmx.de,CTY-VLC,Spain,2024-07-18,PLAN-PAYG,true,active,1966
I,2026-04-01T00:00:00Z,RD-003803,OP-001,Lucia,Rossi,lucia.rossi70@outlook.com,CTY-VLC,Spain,2025-09-14,PLAN-PAYG,false,active,1966
I,2026-04-01T00:00:00Z,RD-003804,OP-001,Thomas,Haddad,thomas.haddad771@mail.com,CTY-VLC,Spain,2025-02-27,PLAN-PAYG,false,active,1983
I,2026-04-01T00:00:00Z,RD-003805,OP-001,Tiago,Benali,tiago.benali710@gmx.de,CTY-VLC,Spain,2024-08-13,PLAN-PAYG,true,active,2006
I,2026-04-01T00:00:00Z,RD-003806,OP-001,Tiago,Silva,tiago.silva27@proton.me,CTY-VLC,Spain,2025-11-15,PLAN-PAYG,true,active,1971
I,2026-04-01T00:00:00Z,RD-003807,OP-001,Tiago,Weber,tiago.weber623@correo.es,CTY-VLC,Spain,2024-06-30,PLAN-STUDENT,false,active,1971
I,2026-04-01T00:00:00Z,RD-003808,OP-001,Tiago,Dubois,tiago.dubois107@gmx.de,CTY-VLC,Spain,2025-05-24,PLAN-COMMUTE,true,active,1984
I,2026-04-01T00:00:00Z,RD-003809,OP-001,Antoine,Benali,antoine.benali497@correo.es,CTY-VLC,Spain,2024-11-03,PLAN-PAYG,false,active,1993
I,2026-04-01T00:00:00Z,RD-003810,OP-001,Sofia,Pereira,sofia.pereira329@mail.com,CTY-VLC,Spain,2025-01-03,PLAN-PAYG,true,active,1995
I,2026-04-01T00:00:00Z,RD-003811,OP-001,Ivan,Moreno,ivan.moreno564@gmx.de,CTY-VLC,Spain,2024-05-05,PLAN-COMMUTE,true,active,1995
I,2026-04-01T00:00:00Z,RD-003812,OP-001,Tiago,Ferrer,tiago.ferrer324@proton.me,CTY-VLC,Spain,2025-05-06,PLAN-COMMUTE,false,active,1963
I,2026-04-01T00:00:00Z,RD-003813,OP-001,Thomas,Kowalski,thomas.kowalski667@mail.com,CTY-VLC,Spain,2024-04-23,PLAN-PAYG,true,active,1968
I,2026-04-01T00:00:00Z,RD-003814,OP-001,Marta,Roux,marta.roux912@proton.me,CTY-VLC,Spain,2025-07-23,PLAN-PAYG,false,active,1978
I,2026-04-01T00:00:00Z,RD-003815,OP-001,Sofia,Martin,sofia.martin218@proton.me,CTY-VLC,Spain,2025-08-25,PLAN-PAYG,false,active,1986
I,2026-04-01T00:00:00Z,RD-003816,OP-001,Nora,Almeida,nora.almeida398@gmx.de,CTY-VLC,Spain,2024-10-29,PLAN-PAYG,true,active,1976
I,2026-04-01T00:00:00Z,RD-003817,OP-001,Diego,Dubois,diego.dubois588@proton.me,CTY-VLC,Spain,2026-01-31,PLAN-TOURIST,true,active,1992
I,2026-04-01T00:00:00Z,RD-003819,OP-001,Pablo,Benali,pablo.benali1@correo.es,CTY-VLC,Spain,2024-12-19,PLAN-PAYG,false,active,1975
I,2026-04-01T00:00:00Z,RD-003820,OP-001,Tiago,Novak,tiago.novak321@mail.com,CTY-VLC,Spain,2024-10-22,PLAN-PAYG,true,active,1969
I,2026-04-01T00:00:00Z,RD-003821,OP-001,Rui,Nilsson,rui.nilsson4@gmx.de,CTY-VLC,Spain,2025-10-10,PLAN-PAYG,false,active,1963
I,2026-04-01T00:00:00Z,RD-003822,OP-001,Rui,Martin,rui.martin578@proton.me,CTY-VLC,Spain,2025-10-18,PLAN-PAYG,true,active,1979
I,2026-04-01T00:00:00Z,RD-003823,OP-001,Oskar,Haddad,oskar.haddad994@proton.me,CTY-VLC,Spain,2024-08-29,PLAN-PAYG,false,active,1999
I,2026-04-01T00:00:00Z,RD-003824,OP-001,Pablo,Benali,pablo.benali770@gmx.de,CTY-VLC,Spain,2025-03-25,PLAN-PAYG,true,active,1986
I,2026-04-01T00:00:00Z,RD-003825,OP-001,Nils,Costa,nils.costa662@outlook.com,CTY-VLC,Spain,2025-03-27,PLAN-PAYG,false,active,1981
I,2026-04-01T00:00:00Z,RD-003826,OP-001,Ines,Conti,ines.conti355@gmx.de,CTY-VLC,Spain,2025-11-27,PLAN-PAYG,true,active,1969
I,2026-04-01T00:00:00Z,RD-003827,OP-001,Antoine,Novak,antoine.novak983@gmx.de,CTY-VLC,Spain,2024-09-16,PLAN-PAYG,false,active,1966
I,2026-04-01T00:00:00Z,RD-003828,OP-001,Omar,Pereira,omar.pereira328@correo.es,CTY-VLC,Spain,2025-08-01,PLAN-PAYG,false,active,1992
I,2026-04-01T00:00:00Z,RD-003829,OP-001,Emil,Martin,emil.martin656@correo.es,CTY-VLC,Spain,2025-03-25,PLAN-PAYG,true,active,1994
I,2026-04-01T00:00:00Z,RD-003830,OP-001,Sofia,Bernard,sofia.bernard393@mail.com,CTY-VLC,Spain,2025-01-13,PLAN-COMMUTE,true,active,1997
I,2026-04-01T00:00:00Z,RD-003831,OP-001,Manon,Haddad,manon.haddad341@gmx.de,CTY-VLC,Spain,2025-04-25,PLAN-PAYG,true,active,1970
I,2026-04-01T00:00:00Z,RD-003832,OP-001,Thomas,Serra,thomas.serra655@mail.com,CTY-VLC,Spain,2024-02-11,PLAN-UNLIMITED,false,active,1999
I,2026-04-01T00:00:00Z,RD-003833,OP-001,Marta,Silva,marta.silva117@proton.me,CTY-VLC,Spain,2026-01-27,PLAN-PAYG,false,active,1997
I,2026-04-01T00:00:00Z,RD-003834,OP-001,Oskar,Nilsson,oskar.nilsson581@mail.com,CTY-VLC,Spain,2026-01-16,PLAN-COMMUTE,false,active,1981
I,2026-04-01T00:00:00Z,RD-003835,OP-001,Omar,Serra,omar.serra881@proton.me,CTY-VLC,Spain,2024-05-08,PLAN-PAYG,true,active,1974
I,2026-04-01T00:00:00Z,RD-003836,OP-001,Rui,Lindqvist,rui.lindqvist794@proton.me,CTY-VLC,Spain,2024-02-26,PLAN-PAYG,true,active,1985
I,2026-04-01T00:00:00Z,RD-003837,OP-001,Nadia,Fischer,nadia.fischer378@outlook.com,CTY-VLC,Spain,2025-12-31,PLAN-CORP,false,active,1999
I,2026-04-01T00:00:00Z,RD-003838,OP-001,Louis,Roux,louis.roux831@correo.es,CTY-VLC,Spain,2025-02-09,PLAN-PAYG,true,active,2000
I,2026-04-01T00:00:00Z,RD-003839,OP-001,Freja,Garcia,freja.garcia501@gmx.de,CTY-VLC,Spain,2025-07-27,PLAN-COMMUTE,true,active,2006
I,2026-04-01T00:00:00Z,RD-003840,OP-001,Antoine,Martin,antoine.martin873@proton.me,CTY-VLC,Spain,2025-04-21,PLAN-PAYG,false,active,1991
I,2026-04-01T00:00:00Z,RD-003841,OP-001,Ivan,Haddad,ivan.haddad743@correo.es,CTY-VLC,Spain,2025-06-11,PLAN-UNLIMITED,false,active,1988
I,2026-04-01T00:00:00Z,RD-003842,OP-001,Marta,Haddad,marta.haddad511@outlook.com,CTY-VLC,Spain,2025-08-06,PLAN-STUDENT,false,active,1962
I,2026-04-01T00:00:00Z,RD-003843,OP-001,Antoine,Weber,antoine.weber300@gmx.de,CTY-VLC,Spain,2025-10-20,PLAN-TOURIST,true,active,1990
I,2026-04-01T00:00:00Z,RD-003844,OP-001,Chloe,Vidal,chloe.vidal968@outlook.com,CTY-VLC,Spain,2024-06-09,PLAN-UNLIMITED,true,active,2005
I,2026-04-01T00:00:00Z,RD-003845,OP-001,Lucia,Garcia,lucia.garcia237@correo.es,CTY-VLC,Spain,2025-09-18,PLAN-COMMUTE,true,active,1987
I,2026-04-01T00:00:00Z,RD-003846,OP-001,Oskar,Vidal,oskar.vidal354@gmx.de,CTY-VLC,Spain,2024-06-11,PLAN-PAYG,true,active,1983
I,2026-04-01T00:00:00Z,RD-003847,OP-001,Rui,Nilsson,rui.nilsson360@proton.me,CTY-VLC,Spain,2026-01-25,PLAN-PAYG,true,active,1991
I,2026-04-01T00:00:00Z,RD-003848,OP-001,Astrid,Silva,astrid.silva861@proton.me,CTY-VLC,Spain,2025-07-18,PLAN-PAYG,false,active,1997
I,2026-04-01T00:00:00Z,RD-003849,OP-001,Lucia,Rossi,lucia.rossi867@outlook.com,CTY-VLC,Spain,2026-03-16,PLAN-PAYG,true,active,1994
I,2026-04-01T00:00:00Z,RD-003850,OP-001,Louis,Bernard,louis.bernard338@gmx.de,CTY-VLC,Spain,2025-05-21,PLAN-COMMUTE,true,active,1985
I,2026-04-01T00:00:00Z,RD-003851,OP-001,Nora,Conti,nora.conti642@proton.me,CTY-VLC,Spain,2025-09-25,PLAN-PAYG,true,active,2001
I,2026-04-01T00:00:00Z,RD-003852,OP-001,Oskar,Ferrer,oskar.ferrer715@mail.com,CTY-VLC,Spain,2026-01-28,PLAN-PAYG,true,active,1964
I,2026-04-01T00:00:00Z,RD-003853,OP-001,Nils,Benali,nils.benali67@correo.es,CTY-VLC,Spain,2024-07-05,PLAN-PAYG,false,active,1986
I,2026-04-01T00:00:00Z,RD-003854,OP-001,Tiago,Lindqvist,tiago.lindqvist29@correo.es,CTY-VLC,Spain,2026-03-11,PLAN-PAYG,false,active,1976
I,2026-04-01T00:00:00Z,RD-003855,OP-001,Astrid,Haddad,astrid.haddad790@correo.es,CTY-VLC,Spain,2025-07-24,PLAN-PAYG,true,active,1981
I,2026-04-01T00:00:00Z,RD-003856,OP-001,Lucia,Lindqvist,lucia.lindqvist248@mail.com,CTY-VLC,Spain,2025-05-05,PLAN-UNLIMITED,false,active,2006
I,2026-04-01T00:00:00Z,RD-003857,OP-001,Nora,Haddad,nora.haddad381@outlook.com,CTY-VLC,Spain,2025-06-25,PLAN-PAYG,false,active,1997
I,2026-04-01T00:00:00Z,RD-003858,OP-001,Sofia,Kowalski,sofia.kowalski882@proton.me,CTY-VLC,Spain,2024-07-28,PLAN-COMMUTE,true,active,1989
I,2026-04-01T00:00:00Z,RD-003859,OP-001,Astrid,Serra,astrid.serra436@gmx.de,CTY-VLC,Spain,2025-02-08,PLAN-COMMUTE,true,active,1987
I,2026-04-01T00:00:00Z,RD-003860,OP-001,Emil,Martin,emil.martin578@gmx.de,CTY-VLC,Spain,2024-12-24,PLAN-PAYG,true,active,1982
I,2026-04-01T00:00:00Z,RD-003861,OP-001,Diego,Moreno,diego.moreno967@proton.me,CTY-VLC,Spain,2024-11-22,PLAN-PAYG,true,active,1984
I,2026-04-01T00:00:00Z,RD-003862,OP-001,Marta,Nilsson,marta.nilsson705@outlook.com,CTY-VLC,Spain,2024-12-02,PLAN-COMMUTE,true,active,1963
I,2026-04-01T00:00:00Z,RD-003864,OP-001,Emil,Bernard,emil.bernard804@proton.me,CTY-VLC,Spain,2025-01-03,PLAN-COMMUTE,true,active,1995
I,2026-04-01T00:00:00Z,RD-003865,OP-001,Marta,Vidal,marta.vidal17@gmx.de,CTY-VLC,Spain,2024-04-26,PLAN-PAYG,true,active,1991
I,2026-04-01T00:00:00Z,RD-003866,OP-001,Thomas,Weber,thomas.weber120@proton.me,CTY-VLC,Spain,2024-09-07,PLAN-PAYG,true,active,1989
I,2026-04-01T00:00:00Z,RD-003867,OP-001,Manon,Kowalski,manon.kowalski352@gmx.de,CTY-VLC,Spain,2024-03-29,PLAN-COMMUTE,false,active,1967
I,2026-04-01T00:00:00Z,RD-003868,OP-001,Ivan,Novak,ivan.novak283@proton.me,CTY-VLC,Spain,2025-12-22,PLAN-COMMUTE,false,active,1964
I,2026-04-01T00:00:00Z,RD-003869,OP-001,Joan,Ferrer,joan.ferrer344@outlook.com,CTY-VLC,Spain,2024-11-15,PLAN-PAYG,true,active,1970
I,2026-04-01T00:00:00Z,RD-003871,OP-001,Freja,Nilsson,freja.nilsson639@correo.es,CTY-VLC,Spain,2024-11-11,PLAN-PAYG,false,active,2006
I,2026-04-01T00:00:00Z,RD-003872,OP-001,Karim,Novak,karim.novak943@correo.es,CTY-VLC,Spain,2024-02-11,PLAN-COMMUTE,false,active,1975
I,2026-04-01T00:00:00Z,RD-003873,OP-001,Tiago,Andersson,tiago.andersson144@correo.es,CTY-VLC,Spain,2025-05-13,PLAN-PAYG,false,active,1994
I,2026-04-01T00:00:00Z,RD-003874,OP-001,Omar,Conti,omar.conti537@correo.es,CTY-VLC,Spain,2024-02-09,PLAN-PAYG,true,active,1980
I,2026-04-01T00:00:00Z,RD-003875,OP-001,Karim,Novak,karim.novak279@outlook.com,CTY-VLC,Spain,2024-09-23,PLAN-COMMUTE,false,active,1987
I,2026-04-01T00:00:00Z,RD-003876,OP-001,Chloe,Lindqvist,chloe.lindqvist789@mail.com,CTY-VLC,Spain,2024-02-06,PLAN-COMMUTE,false,active,1984
I,2026-04-01T00:00:00Z,RD-003877,OP-001,Nora,Haddad,nora.haddad562@mail.com,CTY-VLC,Spain,2025-12-28,PLAN-PAYG,false,active,1993
I,2026-04-01T00:00:00Z,RD-003878,OP-001,Camille,Serra,camille.serra309@mail.com,CTY-VLC,Spain,2024-04-16,PLAN-COMMUTE,false,active,1969
I,2026-04-01T00:00:00Z,RD-003879,OP-001,Thomas,Dubois,thomas.dubois515@proton.me,CTY-VLC,Spain,2025-08-16,PLAN-PAYG,false,active,1962
I,2026-04-01T00:00:00Z,RD-003880,OP-001,Beatriz,Bernard,beatriz.bernard993@proton.me,CTY-VLC,Spain,2025-02-11,PLAN-CORP,true,active,1976
I,2026-04-01T00:00:00Z,RD-003881,OP-001,Nadia,Garcia,nadia.garcia559@gmx.de,CTY-VLC,Spain,2025-10-03,PLAN-PAYG,true,active,2005
I,2026-04-01T00:00:00Z,RD-003882,OP-001,Hugo,Roux,hugo.roux104@proton.me,CTY-VLC,Spain,2024-02-25,PLAN-PAYG,false,active,1988
I,2026-04-01T00:00:00Z,RD-003883,OP-001,Freja,Vidal,freja.vidal115@correo.es,CTY-VLC,Spain,2024-08-25,PLAN-UNLIMITED,true,active,1988
I,2026-04-01T00:00:00Z,RD-003884,OP-001,Pablo,Vidal,pablo.vidal513@proton.me,CTY-VLC,Spain,2025-08-30,PLAN-PAYG,true,active,1999
I,2026-04-01T00:00:00Z,RD-003885,OP-001,Oskar,Martin,oskar.martin599@gmx.de,CTY-VLC,Spain,2025-10-16,PLAN-PAYG,false,active,1964
I,2026-04-01T00:00:00Z,RD-003886,OP-001,Tiago,Ferrer,tiago.ferrer518@outlook.com,CTY-VLC,Spain,2025-10-25,PLAN-COMMUTE,true,active,1991
I,2026-04-01T00:00:00Z,RD-003887,OP-001,Nadia,Lindqvist,nadia.lindqvist777@gmx.de,CTY-VLC,Spain,2024-04-01,PLAN-COMMUTE,true,active,1989
I,2026-04-01T00:00:00Z,RD-003890,OP-001,Nils,Berg,nils.berg699@outlook.com,CTY-VLC,Spain,2024-12-19,PLAN-COMMUTE,true,active,2000
I,2026-04-01T00:00:00Z,RD-003891,OP-001,Nadia,Fischer,nadia.fischer293@gmx.de,CTY-VLC,Spain,2025-09-02,PLAN-PAYG,true,active,1976
I,2026-04-01T00:00:00Z,RD-003892,OP-001,Omar,Conti,omar.conti46@gmx.de,CTY-VLC,Spain,2025-07-25,PLAN-COMMUTE,false,active,1989
I,2026-04-01T00:00:00Z,RD-003894,OP-001,Thomas,Serra,thomas.serra837@proton.me,CTY-VLC,Spain,2024-06-26,PLAN-COMMUTE,true,active,2007
I,2026-04-01T00:00:00Z,RD-003895,OP-001,Antoine,Martin,antoine.martin124@gmx.de,CTY-VLC,Spain,2025-11-23,PLAN-PAYG,false,active,1962
I,2026-04-01T00:00:00Z,RD-003896,OP-001,Antoine,Serra,antoine.serra195@gmx.de,CTY-VLC,Spain,2024-05-06,PLAN-PAYG,true,active,1982
I,2026-04-01T00:00:00Z,RD-003897,OP-001,Oskar,Silva,oskar.silva203@correo.es,CTY-VLC,Spain,2025-07-24,PLAN-STUDENT,false,active,2008
I,2026-04-01T00:00:00Z,RD-003898,OP-001,Aina,Lopez,aina.lopez962@mail.com,CTY-VLC,Spain,2024-09-18,PLAN-UNLIMITED,false,active,1984
I,2026-04-01T00:00:00Z,RD-003899,OP-001,Lucia,Garcia,lucia.garcia280@correo.es,CTY-VLC,Spain,2024-12-26,PLAN-UNLIMITED,false,active,1971
I,2026-04-01T00:00:00Z,RD-003900,OP-001,Karim,Martin,karim.martin412@outlook.com,CTY-VLC,Spain,2025-01-11,PLAN-PAYG,true,active,1994
I,2026-04-01T00:00:00Z,RD-003901,OP-001,Nadia,Berg,nadia.berg945@correo.es,CTY-VLC,Spain,2025-06-22,PLAN-COMMUTE,false,active,1972
I,2026-04-01T00:00:00Z,RD-003902,OP-001,Emil,Lopez,emil.lopez211@gmx.de,CTY-VLC,Spain,2024-07-11,PLAN-PAYG,true,active,2004
I,2026-04-01T00:00:00Z,RD-003903,OP-001,Rui,Andersson,rui.andersson751@correo.es,CTY-VLC,Spain,2024-04-17,PLAN-PAYG,false,active,1972
I,2026-04-01T00:00:00Z,RD-003905,OP-001,Diego,Pereira,diego.pereira934@outlook.com,CTY-VLC,Spain,2024-12-09,PLAN-COMMUTE,true,active,1999
I,2026-04-01T00:00:00Z,RD-003906,OP-001,Camille,Nilsson,camille.nilsson993@proton.me,CTY-VLC,Spain,2025-07-04,PLAN-COMMUTE,false,active,1980
I,2026-04-01T00:00:00Z,RD-003907,OP-001,Beatriz,Kowalski,beatriz.kowalski297@gmx.de,CTY-VLC,Spain,2025-08-11,PLAN-COMMUTE,true,active,1966
I,2026-04-01T00:00:00Z,RD-003908,OP-001,Nora,Pereira,nora.pereira907@proton.me,CTY-VLC,Spain,2025-10-14,PLAN-PAYG,false,active,1988
I,2026-04-01T00:00:00Z,RD-003909,OP-001,Ines,Berg,ines.berg988@mail.com,CTY-VLC,Spain,2025-09-10,PLAN-UNLIMITED,false,active,1976
I,2026-04-01T00:00:00Z,RD-003910,OP-001,Freja,Novak,freja.novak662@outlook.com,CTY-VLC,Spain,2025-03-25,PLAN-PAYG,true,active,1964
I,2026-04-01T00:00:00Z,RD-003911,OP-001,Nora,Lopez,nora.lopez729@correo.es,CTY-VLC,Spain,2025-12-31,PLAN-UNLIMITED,false,active,1990
I,2026-04-01T00:00:00Z,RD-003912,OP-001,Rui,Garcia,rui.garcia43@correo.es,CTY-VLC,Spain,2024-11-05,PLAN-PAYG,true,active,1974
I,2026-04-01T00:00:00Z,RD-003913,OP-001,Nora,Moreno,nora.moreno997@mail.com,CTY-VLC,Spain,2026-03-25,PLAN-PAYG,true,active,1987
I,2026-04-01T00:00:00Z,RD-003914,OP-001,Freja,Berg,freja.berg162@correo.es,CTY-VLC,Spain,2024-01-12,PLAN-PAYG,true,active,1969
I,2026-04-01T00:00:00Z,RD-003915,OP-001,Karim,Benali,karim.benali857@outlook.com,CTY-VLC,Spain,2025-06-25,PLAN-COMMUTE,false,active,1974
I,2026-04-01T00:00:00Z,RD-003916,OP-001,Lucia,Moreno,lucia.moreno907@correo.es,CTY-VLC,Spain,2026-03-04,PLAN-COMMUTE,true,active,1985
I,2026-04-01T00:00:00Z,RD-003917,OP-001,Emil,Lindqvist,emil.lindqvist881@gmx.de,CTY-VLC,Spain,2024-03-29,PLAN-COMMUTE,true,active,1963
I,2026-04-01T00:00:00Z,RD-003918,OP-001,Louis,Almeida,louis.almeida513@proton.me,CTY-VLC,Spain,2024-01-13,PLAN-STUDENT,true,active,2007
I,2026-04-01T00:00:00Z,RD-003919,OP-001,Freja,Costa,freja.costa39@correo.es,CTY-VLC,Spain,2025-02-10,PLAN-PAYG,true,active,1971
I,2026-04-01T00:00:00Z,RD-003920,OP-001,Diego,Martin,diego.martin135@correo.es,CTY-VLC,Spain,2025-09-11,PLAN-UNLIMITED,false,active,1968
I,2026-04-01T00:00:00Z,RD-003921,OP-001,Camille,Fischer,camille.fischer150@proton.me,CTY-VLC,Spain,2025-12-14,PLAN-CORP,true,active,1977
I,2026-04-01T00:00:00Z,RD-003922,OP-001,Elin,Ferrer,elin.ferrer67@mail.com,CTY-VLC,Spain,2024-05-08,PLAN-PAYG,true,active,1966
I,2026-04-01T00:00:00Z,RD-003923,OP-001,Elin,Martin,elin.martin509@mail.com,CTY-VLC,Spain,2025-08-18,PLAN-PAYG,true,active,1964
I,2026-04-01T00:00:00Z,RD-003924,OP-001,Beatriz,Benali,beatriz.benali189@proton.me,CTY-VLC,Spain,2024-12-28,PLAN-PAYG,false,active,1985
I,2026-04-01T00:00:00Z,RD-003925,OP-001,Joan,Roux,joan.roux96@proton.me,CTY-VLC,Spain,2025-07-19,PLAN-COMMUTE,true,active,1969
I,2026-04-01T00:00:00Z,RD-003926,OP-001,Diego,Ferrer,diego.ferrer483@correo.es,CTY-VLC,Spain,2024-08-19,PLAN-PAYG,false,active,1967
I,2026-04-01T00:00:00Z,RD-003927,OP-001,Omar,Berg,omar.berg19@correo.es,CTY-VLC,Spain,2025-08-15,PLAN-COMMUTE,true,active,1963
I,2026-04-01T00:00:00Z,RD-003928,OP-001,Omar,Ferrer,omar.ferrer757@proton.me,CTY-VLC,Spain,2026-03-20,PLAN-PAYG,true,active,1992
I,2026-04-01T00:00:00Z,RD-003929,OP-001,Marta,Novak,marta.novak959@gmx.de,CTY-VLC,Spain,2025-10-29,PLAN-PAYG,false,active,2003
I,2026-04-01T00:00:00Z,RD-003930,OP-001,Astrid,Benali,astrid.benali864@outlook.com,CTY-VLC,Spain,2025-07-01,PLAN-COMMUTE,true,active,1976
I,2026-04-01T00:00:00Z,RD-003931,OP-001,Hugo,Dubois,hugo.dubois912@gmx.de,CTY-VLC,Spain,2024-04-30,PLAN-UNLIMITED,true,active,2000
I,2026-04-01T00:00:00Z,RD-003932,OP-001,Antoine,Andersson,antoine.andersson465@correo.es,CTY-VLC,Spain,2025-08-11,PLAN-CORP,false,active,1978
I,2026-04-01T00:00:00Z,RD-003933,OP-001,Joan,Moreno,joan.moreno874@correo.es,CTY-VLC,Spain,2025-11-17,PLAN-PAYG,false,active,1993
I,2026-04-01T00:00:00Z,RD-003934,OP-001,Manon,Costa,manon.costa88@outlook.com,CTY-VLC,Spain,2025-10-18,PLAN-PAYG,false,active,1985
I,2026-04-01T00:00:00Z,RD-003935,OP-001,Rui,Berg,rui.berg59@proton.me,CTY-VLC,Spain,2024-02-23,PLAN-STUDENT,true,active,1979
I,2026-04-01T00:00:00Z,RD-003936,OP-001,Manon,Pereira,manon.pereira614@outlook.com,CTY-VLC,Spain,2025-02-24,PLAN-PAYG,false,active,1985
I,2026-04-01T00:00:00Z,RD-003937,OP-001,Camille,Novak,camille.novak287@gmx.de,CTY-VLC,Spain,2024-01-18,PLAN-PAYG,false,active,1985
I,2026-04-01T00:00:00Z,RD-003938,OP-001,Joan,Garcia,joan.garcia766@proton.me,CTY-VLC,Spain,2025-05-26,PLAN-TOURIST,true,active,2008
I,2026-04-01T00:00:00Z,RD-003939,OP-001,Nora,Moreno,nora.moreno98@mail.com,CTY-VLC,Spain,2024-05-28,PLAN-COMMUTE,false,active,1999
I,2026-04-01T00:00:00Z,RD-003940,OP-001,Chloe,Bernard,chloe.bernard215@correo.es,CTY-VLC,Spain,2024-07-16,PLAN-PAYG,false,active,2005
I,2026-04-01T00:00:00Z,RD-003941,OP-001,Nils,Haddad,nils.haddad119@mail.com,CTY-VLC,Spain,2024-01-19,PLAN-PAYG,false,active,1963
I,2026-04-01T00:00:00Z,RD-003942,OP-001,Lucia,Benali,lucia.benali335@correo.es,CTY-VLC,Spain,2024-08-01,PLAN-PAYG,false,active,1972
I,2026-04-01T00:00:00Z,RD-003943,OP-001,Hugo,Fischer,hugo.fischer704@outlook.com,CTY-VLC,Spain,2024-02-25,PLAN-PAYG,false,active,1979
I,2026-04-01T00:00:00Z,RD-003945,OP-001,Diego,Ferrer,diego.ferrer195@mail.com,CTY-VLC,Spain,2024-06-08,PLAN-PAYG,false,active,1967
I,2026-04-01T00:00:00Z,RD-003946,OP-001,Chloe,Dubois,chloe.dubois597@gmx.de,CTY-VLC,Spain,2026-03-24,PLAN-PAYG,false,active,1964
I,2026-04-01T00:00:00Z,RD-003947,OP-001,Elin,Weber,elin.weber653@outlook.com,CTY-VLC,Spain,2025-11-12,PLAN-PAYG,true,active,2000
I,2026-04-01T00:00:00Z,RD-003949,OP-001,Camille,Costa,camille.costa232@gmx.de,CTY-VLC,Spain,2025-03-03,PLAN-COMMUTE,true,active,1992
I,2026-04-01T00:00:00Z,RD-003950,OP-001,Antoine,Pereira,antoine.pereira271@mail.com,CTY-VLC,Spain,2024-07-05,PLAN-PAYG,true,active,1971
I,2026-04-01T00:00:00Z,RD-003951,OP-001,Chloe,Serra,chloe.serra803@proton.me,CTY-VLC,Spain,2025-06-23,PLAN-PAYG,true,active,1965
I,2026-04-01T00:00:00Z,RD-003952,OP-001,Freja,Pereira,freja.pereira23@correo.es,CTY-VLC,Spain,2025-03-09,PLAN-PAYG,true,active,1974
I,2026-04-01T00:00:00Z,RD-003953,OP-001,Oskar,Dubois,oskar.dubois84@gmx.de,CTY-VLC,Spain,2024-10-21,PLAN-COMMUTE,false,active,1992
I,2026-04-01T00:00:00Z,RD-003954,OP-001,Lucia,Martin,lucia.martin132@proton.me,CTY-VLC,Spain,2024-06-03,PLAN-UNLIMITED,false,active,2006
I,2026-04-01T00:00:00Z,RD-003955,OP-001,Antoine,Kowalski,antoine.kowalski404@mail.com,CTY-VLC,Spain,2024-06-16,PLAN-PAYG,false,active,1995
I,2026-04-01T00:00:00Z,RD-003956,OP-001,Rui,Rossi,rui.rossi610@mail.com,CTY-VLC,Spain,2025-06-20,PLAN-PAYG,true,active,1968
I,2026-04-01T00:00:00Z,RD-003957,OP-001,Emil,Moreno,emil.moreno96@mail.com,CTY-VLC,Spain,2024-04-26,PLAN-PAYG,false,active,1969
I,2026-04-01T00:00:00Z,RD-003958,OP-001,Hugo,Nilsson,hugo.nilsson320@gmx.de,CTY-VLC,Spain,2025-05-27,PLAN-UNLIMITED,false,active,1990
I,2026-04-01T00:00:00Z,RD-003959,OP-001,Nora,Lopez,nora.lopez455@mail.com,CTY-VLC,Spain,2024-07-27,PLAN-UNLIMITED,false,active,2007
I,2026-04-01T00:00:00Z,RD-003960,OP-001,Sofia,Lopez,sofia.lopez699@proton.me,CTY-VLC,Spain,2024-01-01,PLAN-PAYG,false,active,1981
I,2026-04-01T00:00:00Z,RD-003961,OP-001,Nadia,Silva,nadia.silva361@proton.me,CTY-VLC,Spain,2025-07-09,PLAN-COMMUTE,true,active,1974
I,2026-04-01T00:00:00Z,RD-003962,OP-001,Sofia,Garcia,sofia.garcia815@mail.com,CTY-VLC,Spain,2025-10-27,PLAN-UNLIMITED,false,active,1967
I,2026-04-01T00:00:00Z,RD-003963,OP-001,Astrid,Garcia,astrid.garcia666@mail.com,CTY-VLC,Spain,2024-07-30,PLAN-PAYG,true,active,1990
I,2026-04-01T00:00:00Z,RD-003964,OP-001,Nora,Roux,nora.roux681@outlook.com,CTY-VLC,Spain,2024-04-02,PLAN-COMMUTE,true,active,1991
I,2026-04-01T00:00:00Z,RD-003965,OP-001,Hugo,Garcia,hugo.garcia482@outlook.com,CTY-VLC,Spain,2024-11-21,PLAN-PAYG,false,active,1978
I,2026-04-01T00:00:00Z,RD-003966,OP-001,Marta,Garcia,marta.garcia682@gmx.de,CTY-VLC,Spain,2024-03-06,PLAN-PAYG,true,active,1987
I,2026-04-01T00:00:00Z,RD-003968,OP-001,Lucia,Moreno,lucia.moreno211@gmx.de,CTY-VLC,Spain,2024-10-13,PLAN-COMMUTE,true,active,1981
I,2026-04-01T00:00:00Z,RD-003969,OP-001,Louis,Rossi,louis.rossi857@mail.com,CTY-VLC,Spain,2024-03-12,PLAN-PAYG,false,active,1982
I,2026-04-01T00:00:00Z,RD-003970,OP-001,Nadia,Nilsson,nadia.nilsson148@gmx.de,CTY-VLC,Spain,2025-03-22,PLAN-UNLIMITED,true,active,1970
I,2026-04-01T00:00:00Z,RD-003971,OP-001,Ivan,Ferrer,ivan.ferrer130@mail.com,CTY-VLC,Spain,2024-10-27,PLAN-STUDENT,false,active,1994
I,2026-04-01T00:00:00Z,RD-003972,OP-001,Sofia,Almeida,sofia.almeida827@outlook.com,CTY-VLC,Spain,2025-06-14,PLAN-STUDENT,true,active,2002
I,2026-04-01T00:00:00Z,RD-003973,OP-001,Chloe,Silva,chloe.silva286@proton.me,CTY-VLC,Spain,2024-08-31,PLAN-PAYG,true,active,1966
I,2026-04-01T00:00:00Z,RD-003974,OP-001,Karim,Weber,karim.weber264@gmx.de,CTY-VLC,Spain,2025-03-10,PLAN-PAYG,true,active,1968
I,2026-04-01T00:00:00Z,RD-003975,OP-001,Nils,Weber,nils.weber812@gmx.de,CTY-VLC,Spain,2025-08-17,PLAN-PAYG,true,active,1982
I,2026-04-01T00:00:00Z,RD-003976,OP-001,Camille,Nilsson,camille.nilsson903@correo.es,CTY-VLC,Spain,2025-12-08,PLAN-PAYG,true,active,1976
I,2026-04-01T00:00:00Z,RD-003977,OP-001,Camille,Kowalski,camille.kowalski761@correo.es,CTY-VLC,Spain,2025-03-11,PLAN-COMMUTE,true,active,1993
I,2026-04-01T00:00:00Z,RD-003978,OP-001,Tiago,Benali,tiago.benali655@proton.me,CTY-VLC,Spain,2024-02-16,PLAN-PAYG,false,active,1990
I,2026-04-01T00:00:00Z,RD-003979,OP-001,Thomas,Almeida,thomas.almeida820@outlook.com,CTY-VLC,Spain,2025-07-24,PLAN-PAYG,true,active,1979
I,2026-04-01T00:00:00Z,RD-003980,OP-001,Pablo,Rossi,pablo.rossi880@gmx.de,CTY-VLC,Spain,2025-10-11,PLAN-COMMUTE,false,active,1981
I,2026-04-01T00:00:00Z,RD-003981,OP-001,Yasmin,Martin,yasmin.martin719@correo.es,CTY-VLC,Spain,2024-09-30,PLAN-PAYG,false,active,1977
I,2026-04-01T00:00:00Z,RD-003982,OP-001,Nils,Weber,nils.weber97@proton.me,CTY-VLC,Spain,2024-02-05,PLAN-PAYG,false,active,1971
I,2026-04-01T00:00:00Z,RD-003983,OP-001,Yasmin,Costa,yasmin.costa682@proton.me,CTY-VLC,Spain,2024-03-19,PLAN-STUDENT,false,active,1965
I,2026-04-01T00:00:00Z,RD-003984,OP-001,Sofia,Garcia,sofia.garcia486@mail.com,CTY-VLC,Spain,2024-08-07,PLAN-PAYG,true,active,1995
I,2026-04-01T00:00:00Z,RD-003985,OP-001,Elin,Benali,elin.benali714@proton.me,CTY-VLC,Spain,2025-08-09,PLAN-PAYG,true,active,2001
I,2026-04-01T00:00:00Z,RD-003986,OP-001,Oskar,Serra,oskar.serra742@gmx.de,CTY-VLC,Spain,2024-12-01,PLAN-PAYG,false,active,1992
I,2026-04-01T00:00:00Z,RD-003987,OP-001,Omar,Haddad,omar.haddad544@gmx.de,CTY-VLC,Spain,2024-03-10,PLAN-PAYG,true,active,1986
I,2026-04-01T00:00:00Z,RD-003988,OP-001,Freja,Bernard,freja.bernard759@outlook.com,CTY-VLC,Spain,2024-07-29,PLAN-COMMUTE,true,active,1980
I,2026-04-01T00:00:00Z,RD-003989,OP-001,Lucia,Pereira,lucia.pereira93@outlook.com,CTY-VLC,Spain,2024-04-07,PLAN-PAYG,false,active,1964
I,2026-04-01T00:00:00Z,RD-003990,OP-001,Antoine,Rossi,antoine.rossi850@proton.me,CTY-VLC,Spain,2025-10-13,PLAN-PAYG,false,active,1994
I,2026-04-01T00:00:00Z,RD-003991,OP-001,Camille,Benali,camille.benali754@mail.com,CTY-VLC,Spain,2025-06-29,PLAN-PAYG,true,active,1967
I,2026-04-01T00:00:00Z,RD-003992,OP-001,Manon,Moreno,manon.moreno842@mail.com,CTY-VLC,Spain,2025-11-14,PLAN-PAYG,false,active,2000
I,2026-04-01T00:00:00Z,RD-003994,OP-001,Elin,Almeida,elin.almeida355@mail.com,CTY-VLC,Spain,2024-05-20,PLAN-STUDENT,true,active,1995
I,2026-04-01T00:00:00Z,RD-003995,OP-001,Karim,Costa,karim.costa127@proton.me,CTY-VLC,Spain,2025-03-15,PLAN-PAYG,false,active,2006
I,2026-04-01T00:00:00Z,RD-003996,OP-001,Pablo,Berg,pablo.berg811@correo.es,CTY-VLC,Spain,2024-10-12,PLAN-PAYG,false,active,1974
I,2026-04-01T00:00:00Z,RD-003997,OP-001,Aina,Andersson,aina.andersson239@proton.me,CTY-VLC,Spain,2025-05-18,PLAN-UNLIMITED,true,active,1968
I,2026-04-01T00:00:00Z,RD-003998,OP-001,Louis,Nilsson,louis.nilsson624@gmx.de,CTY-VLC,Spain,2024-01-13,PLAN-PAYG,false,active,2000
I,2026-04-01T00:00:00Z,RD-003999,OP-001,Ivan,Martin,ivan.martin666@outlook.com,CTY-LYO,FR,2025-01-13,PLAN-PAYG,false,active,1971
I,2026-04-01T00:00:00Z,RD-004000,OP-001,Elin,Ferrer,elin.ferrer338@outlook.com,CTY-LYO,FR,2025-11-09,PLAN-PAYG,false,active,1976
I,2026-04-01T00:00:00Z,RD-004001,OP-001,Karim,Novak,karim.novak885@outlook.com,CTY-LYO,FR,2024-01-03,PLAN-PAYG,false,active,1993
I,2026-04-01T00:00:00Z,RD-004002,OP-001,Rui,Fischer,rui.fischer230@proton.me,CTY-LYO,FR,2025-09-13,PLAN-PAYG,true,active,1993
I,2026-04-01T00:00:00Z,RD-004003,OP-001,Nora,Dubois,nora.dubois153@correo.es,CTY-LYO,FR,2025-04-09,PLAN-PAYG,true,active,1989
I,2026-04-01T00:00:00Z,RD-004004,OP-001,Louis,Fischer,louis.fischer597@correo.es,CTY-LYO,FR,2024-05-10,PLAN-PAYG,false,active,1968
I,2026-04-01T00:00:00Z,RD-004005,OP-001,Pablo,Kowalski,pablo.kowalski246@correo.es,CTY-LYO,FR,2024-03-16,PLAN-PAYG,true,active,1992
I,2026-04-01T00:00:00Z,RD-004006,OP-001,Elin,Andersson,elin.andersson693@mail.com,CTY-LYO,FR,2026-02-22,PLAN-PAYG,false,active,1987
I,2026-04-01T00:00:00Z,RD-004008,OP-001,Nora,Vidal,nora.vidal186@correo.es,CTY-LYO,FR,2024-05-09,PLAN-UNLIMITED,true,active,1997
I,2026-04-01T00:00:00Z,RD-004009,OP-001,Emil,Fischer,emil.fischer330@proton.me,CTY-LYO,FR,2026-02-09,PLAN-PAYG,false,active,1975
I,2026-04-01T00:00:00Z,RD-004010,OP-001,Beatriz,Moreno,beatriz.moreno540@gmx.de,CTY-LYO,FR,2024-01-13,PLAN-COMMUTE,false,active,1995
I,2026-04-01T00:00:00Z,RD-004011,OP-001,Nora,Martin,nora.martin231@mail.com,CTY-LYO,FR,2024-05-06,PLAN-PAYG,true,active,1970
I,2026-04-01T00:00:00Z,RD-004012,OP-001,Freja,Novak,freja.novak633@outlook.com,CTY-LYO,FR,2024-01-07,PLAN-PAYG,true,active,1985
I,2026-04-01T00:00:00Z,RD-004013,OP-001,Pablo,Benali,pablo.benali863@outlook.com,CTY-LYO,FR,2025-04-04,PLAN-PAYG,true,active,1996
I,2026-04-01T00:00:00Z,RD-004014,OP-001,Marta,Andersson,marta.andersson666@proton.me,CTY-LYO,FR,2024-10-11,PLAN-UNLIMITED,true,active,1996
I,2026-04-01T00:00:00Z,RD-004015,OP-001,Pablo,Moreno,pablo.moreno457@mail.com,CTY-LYO,FR,2024-08-01,PLAN-COMMUTE,false,active,1987
I,2026-04-01T00:00:00Z,RD-004016,OP-001,Hugo,Nilsson,hugo.nilsson316@mail.com,CTY-LYO,FR,2024-11-16,PLAN-PAYG,false,active,1962
I,2026-04-01T00:00:00Z,RD-004017,OP-001,Marta,Silva,marta.silva330@outlook.com,CTY-LYO,FR,2024-12-30,PLAN-PAYG,true,active,1978
I,2026-04-01T00:00:00Z,RD-004018,OP-001,Tiago,Conti,tiago.conti798@outlook.com,CTY-LYO,FR,2024-05-07,PLAN-PAYG,true,active,1998
I,2026-04-01T00:00:00Z,RD-004019,OP-001,Camille,Conti,camille.conti60@correo.es,CTY-LYO,FR,2024-11-25,PLAN-COMMUTE,false,active,1993
I,2026-04-01T00:00:00Z,RD-004020,OP-001,Emil,Haddad,emil.haddad170@gmx.de,CTY-LYO,FR,2026-02-21,PLAN-PAYG,false,active,1976
I,2026-04-01T00:00:00Z,RD-004021,OP-001,Astrid,Lopez,astrid.lopez789@gmx.de,CTY-LYO,FR,2025-03-12,PLAN-PAYG,true,active,1975
I,2026-04-01T00:00:00Z,RD-004022,OP-001,Thomas,Ferrer,thomas.ferrer391@proton.me,CTY-LYO,FR,2024-01-17,PLAN-PAYG,false,active,1965
I,2026-04-01T00:00:00Z,RD-004023,OP-001,Camille,Kowalski,camille.kowalski784@correo.es,CTY-LYO,FR,2024-08-06,PLAN-PAYG,true,active,2007
I,2026-04-01T00:00:00Z,RD-004024,OP-001,Nils,Rossi,nils.rossi987@outlook.com,CTY-LYO,FR,2024-04-16,PLAN-PAYG,true,active,1963
I,2026-04-01T00:00:00Z,RD-004025,OP-001,Rui,Lindqvist,rui.lindqvist117@correo.es,CTY-LYO,FR,2026-01-13,PLAN-PAYG,true,active,1976
I,2026-04-01T00:00:00Z,RD-004026,OP-001,Emil,Martin,emil.martin9@correo.es,CTY-LYO,FR,2025-04-22,PLAN-PAYG,true,active,1963
I,2026-04-01T00:00:00Z,RD-004027,OP-001,Nils,Moreno,nils.moreno141@mail.com,CTY-LYO,FR,2025-08-17,PLAN-UNLIMITED,false,active,1985
I,2026-04-01T00:00:00Z,RD-004028,OP-001,Ines,Vidal,ines.vidal826@mail.com,CTY-LYO,FR,2024-05-27,PLAN-PAYG,false,active,1990
I,2026-04-01T00:00:00Z,RD-004029,OP-001,Chloe,Nilsson,chloe.nilsson573@gmx.de,CTY-LYO,FR,2025-03-17,PLAN-UNLIMITED,true,active,1971
I,2026-04-01T00:00:00Z,RD-004030,OP-001,Oskar,Fischer,oskar.fischer787@proton.me,CTY-LYO,FR,2024-03-03,PLAN-CORP,true,active,1998
I,2026-04-01T00:00:00Z,RD-004031,OP-001,Louis,Benali,louis.benali913@correo.es,CTY-LYO,FR,2026-01-03,PLAN-PAYG,false,active,2001
I,2026-04-01T00:00:00Z,RD-004033,OP-001,Oskar,Martin,oskar.martin993@outlook.com,CTY-LYO,FR,2025-11-08,PLAN-PAYG,true,active,1982
I,2026-04-01T00:00:00Z,RD-004034,OP-001,Chloe,Rossi,chloe.rossi102@outlook.com,CTY-LYO,FR,2025-07-04,PLAN-COMMUTE,false,active,1996
I,2026-04-01T00:00:00Z,RD-004035,OP-001,Karim,Fischer,karim.fischer270@gmx.de,CTY-LYO,FR,2026-02-04,PLAN-PAYG,false,active,2007
I,2026-04-01T00:00:00Z,RD-004036,OP-001,Astrid,Conti,astrid.conti799@mail.com,CTY-LYO,FR,2025-07-05,PLAN-STUDENT,false,active,1978
I,2026-04-01T00:00:00Z,RD-004037,OP-001,Diego,Serra,diego.serra267@mail.com,CTY-LYO,FR,2024-11-18,PLAN-UNLIMITED,false,active,1967
I,2026-04-01T00:00:00Z,RD-004038,OP-001,Nadia,Costa,nadia.costa334@proton.me,CTY-LYO,FR,2025-11-12,PLAN-PAYG,false,active,1962
I,2026-04-01T00:00:00Z,RD-004039,OP-001,Beatriz,Fischer,beatriz.fischer747@proton.me,CTY-LYO,FR,2024-04-29,PLAN-COMMUTE,false,active,2000
I,2026-04-01T00:00:00Z,RD-004040,OP-001,Thomas,Benali,thomas.benali947@mail.com,CTY-LYO,FR,2024-02-06,PLAN-PAYG,false,active,2002
I,2026-04-01T00:00:00Z,RD-004041,OP-001,Lucia,Nilsson,lucia.nilsson756@outlook.com,CTY-LYO,FR,2024-12-23,PLAN-PAYG,false,active,1963
I,2026-04-01T00:00:00Z,RD-004042,OP-001,Beatriz,Lopez,beatriz.lopez805@gmx.de,CTY-LYO,FR,2026-03-13,PLAN-CORP,false,active,1981
I,2026-04-01T00:00:00Z,RD-004043,OP-001,Ines,Berg,ines.berg14@mail.com,CTY-LYO,FR,2024-02-20,PLAN-UNLIMITED,true,active,1963
I,2026-04-01T00:00:00Z,RD-004045,OP-001,Antoine,Andersson,antoine.andersson830@proton.me,CTY-LYO,FR,2025-07-02,PLAN-PAYG,false,active,1988
I,2026-04-01T00:00:00Z,RD-004046,OP-001,Marta,Nilsson,marta.nilsson595@outlook.com,CTY-LYO,FR,2025-07-18,PLAN-PAYG,false,active,1987
I,2026-04-01T00:00:00Z,RD-004047,OP-001,Nils,Vidal,nils.vidal62@mail.com,CTY-LYO,FR,2025-03-08,PLAN-CORP,true,active,2006
I,2026-04-01T00:00:00Z,RD-004048,OP-001,Emil,Benali,emil.benali92@outlook.com,CTY-LYO,FR,2024-03-22,PLAN-PAYG,true,active,1986
I,2026-04-01T00:00:00Z,RD-004049,OP-001,Oskar,Serra,oskar.serra62@outlook.com,CTY-LYO,FR,2025-01-16,PLAN-COMMUTE,false,active,1998
I,2026-04-01T00:00:00Z,RD-004050,OP-001,Elin,Benali,elin.benali112@gmx.de,CTY-LYO,FR,2024-09-03,PLAN-UNLIMITED,false,active,1966
I,2026-04-01T00:00:00Z,RD-004051,OP-001,Manon,Martin,manon.martin444@gmx.de,CTY-LYO,FR,2025-10-09,PLAN-PAYG,false,active,2008
I,2026-04-01T00:00:00Z,RD-004053,OP-001,Chloe,Lindqvist,chloe.lindqvist412@proton.me,CTY-LYO,FR,2025-04-14,PLAN-PAYG,false,active,1981
I,2026-04-01T00:00:00Z,RD-004054,OP-001,Freja,Moreno,freja.moreno943@gmx.de,CTY-LYO,FR,2024-09-17,PLAN-PAYG,false,active,1980
I,2026-04-01T00:00:00Z,RD-004055,OP-001,Oskar,Weber,oskar.weber622@correo.es,CTY-LYO,FR,2025-06-01,PLAN-PAYG,false,active,1967
I,2026-04-01T00:00:00Z,RD-004056,OP-001,Louis,Roux,louis.roux917@mail.com,CTY-LYO,FR,2025-06-04,PLAN-UNLIMITED,true,active,1990
I,2026-04-01T00:00:00Z,RD-004057,OP-001,Camille,Vidal,camille.vidal700@gmx.de,CTY-LYO,FR,2026-02-02,PLAN-COMMUTE,true,active,1999
I,2026-04-01T00:00:00Z,RD-004058,OP-001,Astrid,Conti,astrid.conti95@gmx.de,CTY-LYO,FR,2025-08-11,PLAN-UNLIMITED,false,active,1995
I,2026-04-01T00:00:00Z,RD-004059,OP-001,Omar,Haddad,omar.haddad911@mail.com,CTY-LYO,FR,2024-01-21,PLAN-COMMUTE,false,active,1986
I,2026-04-01T00:00:00Z,RD-004060,OP-001,Elin,Weber,elin.weber919@proton.me,CTY-LYO,FR,2024-09-18,PLAN-PAYG,true,active,2003
I,2026-04-01T00:00:00Z,RD-004062,OP-001,Emil,Weber,emil.weber683@proton.me,CTY-LYO,FR,2025-02-10,PLAN-PAYG,false,active,1998
I,2026-04-01T00:00:00Z,RD-004063,OP-001,Emil,Andersson,emil.andersson330@correo.es,CTY-LYO,FR,2024-02-16,PLAN-PAYG,true,active,1984
I,2026-04-01T00:00:00Z,RD-004064,OP-001,Pablo,Haddad,pablo.haddad466@mail.com,CTY-LYO,FR,2025-07-04,PLAN-PAYG,false,active,1981
I,2026-04-01T00:00:00Z,RD-004065,OP-001,Astrid,Pereira,astrid.pereira436@proton.me,CTY-LYO,FR,2025-03-18,PLAN-COMMUTE,true,active,1999
I,2026-04-01T00:00:00Z,RD-004066,OP-001,Pablo,Benali,pablo.benali168@proton.me,CTY-LYO,FR,2025-01-08,PLAN-STUDENT,true,active,1983
I,2026-04-01T00:00:00Z,RD-004067,OP-001,Beatriz,Kowalski,beatriz.kowalski116@proton.me,CTY-LYO,FR,2024-08-03,PLAN-PAYG,false,active,1962
I,2026-04-01T00:00:00Z,RD-004068,OP-001,Ines,Fischer,ines.fischer878@proton.me,CTY-LYO,FR,2026-02-09,PLAN-PAYG,true,active,1963
I,2026-04-01T00:00:00Z,RD-004069,OP-001,Camille,Costa,camille.costa752@correo.es,CTY-LYO,FR,2025-03-22,PLAN-STUDENT,false,active,1993
I,2026-04-01T00:00:00Z,RD-004070,OP-001,Joan,Kowalski,joan.kowalski804@proton.me,CTY-LYO,FR,2024-10-11,PLAN-PAYG,false,active,1969
I,2026-04-01T00:00:00Z,RD-004071,OP-001,Sofia,Ferrer,sofia.ferrer867@proton.me,CTY-LYO,FR,2025-04-06,PLAN-CORP,true,active,1970
I,2026-04-01T00:00:00Z,RD-004072,OP-001,Oskar,Conti,oskar.conti369@gmx.de,CTY-LYO,FR,2024-03-28,PLAN-CORP,false,active,2001
I,2026-04-01T00:00:00Z,RD-004073,OP-001,Diego,Ferrer,diego.ferrer636@outlook.com,CTY-LYO,FR,2026-03-14,PLAN-UNLIMITED,false,active,1991
I,2026-04-01T00:00:00Z,RD-004074,OP-001,Antoine,Silva,antoine.silva646@correo.es,CTY-LYO,FR,2025-02-02,PLAN-PAYG,false,active,1997
I,2026-04-01T00:00:00Z,RD-004075,OP-001,Sofia,Costa,sofia.costa727@proton.me,CTY-LYO,FR,2024-12-10,PLAN-PAYG,false,active,1975
I,2026-04-01T00:00:00Z,RD-004076,OP-001,Ivan,Silva,ivan.silva4@gmx.de,CTY-LYO,FR,2024-07-07,PLAN-PAYG,false,active,1975
I,2026-04-01T00:00:00Z,RD-004077,OP-001,Manon,Garcia,manon.garcia482@proton.me,CTY-LYO,FR,2024-06-13,PLAN-PAYG,true,active,1992
I,2026-04-01T00:00:00Z,RD-004078,OP-001,Freja,Haddad,freja.haddad902@outlook.com,CTY-LYO,FR,2025-06-03,PLAN-PAYG,false,active,1972
I,2026-04-01T00:00:00Z,RD-004080,OP-001,Tiago,Garcia,tiago.garcia797@proton.me,CTY-LYO,FR,2024-07-10,PLAN-PAYG,false,active,1978
I,2026-04-01T00:00:00Z,RD-004081,OP-001,Tiago,Serra,tiago.serra615@gmx.de,CTY-LYO,FR,2026-02-27,PLAN-PAYG,false,active,1964
I,2026-04-01T00:00:00Z,RD-004082,OP-001,Joan,Martin,joan.martin822@mail.com,CTY-LYO,FR,2025-02-11,PLAN-PAYG,true,active,1992
I,2026-04-01T00:00:00Z,RD-004083,OP-001,Emil,Weber,emil.weber263@correo.es,CTY-LYO,FR,2025-06-22,PLAN-PAYG,true,active,1988
I,2026-04-01T00:00:00Z,RD-004084,OP-001,Diego,Haddad,diego.haddad115@proton.me,CTY-LYO,FR,2025-08-23,PLAN-PAYG,false,active,1999
I,2026-04-01T00:00:00Z,RD-004085,OP-001,Elin,Garcia,elin.garcia483@correo.es,CTY-LYO,FR,2025-12-04,PLAN-PAYG,true,active,1984
I,2026-04-01T00:00:00Z,RD-004086,OP-001,Joan,Moreno,joan.moreno358@proton.me,CTY-LYO,FR,2024-03-16,PLAN-COMMUTE,true,active,1992
I,2026-04-01T00:00:00Z,RD-004087,OP-001,Rui,Bernard,rui.bernard490@mail.com,CTY-LYO,FR,2024-02-24,PLAN-PAYG,true,active,1974
I,2026-04-01T00:00:00Z,RD-004088,OP-001,Nora,Weber,nora.weber845@outlook.com,CTY-LYO,FR,2024-11-11,PLAN-PAYG,true,active,1992
I,2026-04-01T00:00:00Z,RD-004089,OP-001,Diego,Lindqvist,diego.lindqvist588@correo.es,CTY-LYO,FR,2025-03-18,PLAN-COMMUTE,false,active,2001
I,2026-04-01T00:00:00Z,RD-004090,OP-001,Diego,Moreno,diego.moreno714@proton.me,CTY-LYO,FR,2024-04-02,PLAN-COMMUTE,false,active,2001
I,2026-04-01T00:00:00Z,RD-004091,OP-001,Rui,Moreno,rui.moreno179@outlook.com,CTY-LYO,FR,2025-12-11,PLAN-STUDENT,false,active,1978
I,2026-04-01T00:00:00Z,RD-004092,OP-001,Joan,Lindqvist,joan.lindqvist556@correo.es,CTY-LYO,FR,2024-04-19,PLAN-PAYG,true,active,1978
I,2026-04-01T00:00:00Z,RD-004093,OP-001,Nils,Costa,nils.costa85@correo.es,CTY-LYO,FR,2024-04-08,PLAN-PAYG,true,active,1976
I,2026-04-01T00:00:00Z,RD-004094,OP-001,Beatriz,Conti,beatriz.conti618@proton.me,CTY-LYO,FR,2025-01-11,PLAN-TOURIST,false,active,2003
I,2026-04-01T00:00:00Z,RD-004095,OP-001,Beatriz,Berg,beatriz.berg971@gmx.de,CTY-LYO,FR,2025-08-10,PLAN-STUDENT,true,active,2008
I,2026-04-01T00:00:00Z,RD-004096,OP-001,Emil,Costa,emil.costa764@gmx.de,CTY-LYO,FR,2025-11-23,PLAN-UNLIMITED,false,active,1986
I,2026-04-01T00:00:00Z,RD-004097,OP-001,Ivan,Martin,ivan.martin314@outlook.com,CTY-LYO,FR,2024-09-04,PLAN-COMMUTE,false,active,1965
I,2026-04-01T00:00:00Z,RD-004098,OP-001,Thomas,Lindqvist,thomas.lindqvist184@proton.me,CTY-LYO,FR,2026-01-18,PLAN-PAYG,true,active,2005
I,2026-04-01T00:00:00Z,RD-004099,OP-001,Antoine,Lopez,antoine.lopez210@mail.com,CTY-LYO,FR,2025-08-12,PLAN-PAYG,false,active,1964
I,2026-04-01T00:00:00Z,RD-004100,OP-001,Yasmin,Silva,yasmin.silva435@proton.me,CTY-LYO,FR,2024-06-10,PLAN-COMMUTE,true,active,1979
I,2026-04-01T00:00:00Z,RD-004101,OP-001,Karim,Novak,karim.novak793@outlook.com,CTY-LYO,FR,2025-11-22,PLAN-PAYG,false,active,1971
I,2026-04-01T00:00:00Z,RD-004102,OP-001,Freja,Roux,freja.roux725@proton.me,CTY-LYO,FR,2026-02-19,PLAN-COMMUTE,true,active,2008
I,2026-04-01T00:00:00Z,RD-004104,OP-001,Nils,Dubois,nils.dubois492@gmx.de,CTY-LYO,FR,2025-05-14,PLAN-PAYG,false,active,2001
I,2026-04-01T00:00:00Z,RD-004105,OP-001,Lucia,Ferrer,lucia.ferrer389@correo.es,CTY-LYO,FR,2025-03-29,PLAN-COMMUTE,false,active,1982
I,2026-04-01T00:00:00Z,RD-004106,OP-001,Hugo,Conti,hugo.conti325@proton.me,CTY-LYO,FR,2026-01-31,PLAN-PAYG,true,active,1971
I,2026-04-01T00:00:00Z,RD-004107,OP-001,Marta,Nilsson,marta.nilsson722@mail.com,CTY-LYO,FR,2024-03-20,PLAN-PAYG,true,active,1998
I,2026-04-01T00:00:00Z,RD-004109,OP-001,Joan,Serra,joan.serra542@mail.com,CTY-LYO,FR,2025-03-24,PLAN-PAYG,false,active,1976
I,2026-04-01T00:00:00Z,RD-004110,OP-001,Antoine,Costa,antoine.costa597@correo.es,CTY-LYO,FR,2024-03-21,PLAN-PAYG,true,active,2004
I,2026-04-01T00:00:00Z,RD-004111,OP-001,Lucia,Garcia,lucia.garcia332@outlook.com,CTY-LYO,FR,2026-01-06,PLAN-PAYG,false,active,1990
I,2026-04-01T00:00:00Z,RD-004112,OP-001,Yasmin,Lindqvist,yasmin.lindqvist833@correo.es,CTY-LYO,FR,2024-04-03,PLAN-PAYG,true,active,2008
I,2026-04-01T00:00:00Z,RD-004113,OP-001,Chloe,Rossi,chloe.rossi710@proton.me,CTY-LYO,FR,2025-11-11,PLAN-PAYG,true,active,1967
I,2026-04-01T00:00:00Z,RD-004114,OP-001,Nadia,Dubois,nadia.dubois822@proton.me,CTY-LYO,FR,2024-01-29,PLAN-TOURIST,true,active,1973
I,2026-04-01T00:00:00Z,RD-004116,OP-001,Yasmin,Benali,yasmin.benali675@mail.com,CTY-LYO,FR,2025-10-10,PLAN-PAYG,true,active,1968
I,2026-04-01T00:00:00Z,RD-004117,OP-001,Louis,Nilsson,louis.nilsson161@mail.com,CTY-LYO,FR,2025-02-27,PLAN-STUDENT,true,active,1972
I,2026-04-01T00:00:00Z,RD-004118,OP-001,Thomas,Kowalski,thomas.kowalski1@proton.me,CTY-LYO,FR,2024-01-16,PLAN-PAYG,false,active,1983
I,2026-04-01T00:00:00Z,RD-004119,OP-001,Sofia,Rossi,sofia.rossi55@correo.es,CTY-LYO,FR,2025-02-16,PLAN-UNLIMITED,false,active,1967
I,2026-04-01T00:00:00Z,RD-004120,OP-001,Sofia,Lindqvist,sofia.lindqvist43@gmx.de,CTY-LYO,FR,2026-01-09,PLAN-STUDENT,true,active,1966
I,2026-04-01T00:00:00Z,RD-004121,OP-001,Yasmin,Roux,yasmin.roux806@mail.com,CTY-LYO,FR,2024-02-01,PLAN-CORP,false,active,1965
I,2026-04-01T00:00:00Z,RD-004122,OP-001,Lucia,Silva,lucia.silva725@mail.com,CTY-LYO,FR,2024-03-12,PLAN-COMMUTE,false,active,2001
I,2026-04-01T00:00:00Z,RD-004124,OP-001,Karim,Berg,karim.berg507@proton.me,CTY-LYO,FR,2026-02-13,PLAN-COMMUTE,false,active,1965
I,2026-04-01T00:00:00Z,RD-004125,OP-001,Karim,Silva,karim.silva863@gmx.de,CTY-LYO,FR,2025-05-29,PLAN-PAYG,false,active,1992
I,2026-04-01T00:00:00Z,RD-004126,OP-001,Oskar,Garcia,oskar.garcia184@gmx.de,CTY-LYO,FR,2024-06-22,PLAN-PAYG,false,active,1965
I,2026-04-01T00:00:00Z,RD-004127,OP-001,Freja,Haddad,freja.haddad765@outlook.com,CTY-LYO,FR,2025-11-09,PLAN-PAYG,true,active,2008
I,2026-04-01T00:00:00Z,RD-004128,OP-001,Manon,Martin,manon.martin901@mail.com,CTY-LYO,FR,2024-09-21,PLAN-COMMUTE,true,active,1993
I,2026-04-01T00:00:00Z,RD-004129,OP-001,Manon,Martin,manon.martin308@outlook.com,CTY-LYO,FR,2024-04-28,PLAN-COMMUTE,true,active,1986
I,2026-04-01T00:00:00Z,RD-004130,OP-001,Joan,Costa,joan.costa970@mail.com,CTY-LYO,FR,2024-01-22,PLAN-COMMUTE,false,active,1984
I,2026-04-01T00:00:00Z,RD-004131,OP-001,Omar,Martin,omar.martin412@proton.me,CTY-LYO,FR,2024-06-23,PLAN-COMMUTE,false,active,1982
I,2026-04-01T00:00:00Z,RD-004132,OP-001,Nadia,Ferrer,nadia.ferrer297@mail.com,CTY-LYO,FR,2026-01-21,PLAN-UNLIMITED,false,active,1970
I,2026-04-01T00:00:00Z,RD-004133,OP-001,Rui,Berg,rui.berg415@proton.me,CTY-LYO,FR,2026-02-05,PLAN-COMMUTE,true,active,1995
I,2026-04-01T00:00:00Z,RD-004135,OP-001,Astrid,Kowalski,astrid.kowalski790@correo.es,CTY-LYO,FR,2025-03-01,PLAN-PAYG,false,active,2001
I,2026-04-01T00:00:00Z,RD-004136,OP-001,Astrid,Ferrer,astrid.ferrer65@proton.me,CTY-LYO,FR,2024-09-17,PLAN-COMMUTE,true,active,1980
I,2026-04-01T00:00:00Z,RD-004137,OP-001,Aina,Garcia,aina.garcia676@outlook.com,CTY-LYO,FR,2025-01-26,PLAN-PAYG,true,active,1964
I,2026-04-01T00:00:00Z,RD-004138,OP-001,Nils,Roux,nils.roux226@proton.me,CTY-LYO,FR,2024-09-28,PLAN-PAYG,false,active,1971
I,2026-04-01T00:00:00Z,RD-004139,OP-001,Louis,Lindqvist,louis.lindqvist806@proton.me,CTY-LYO,FR,2025-10-28,PLAN-PAYG,true,active,2005
I,2026-04-01T00:00:00Z,RD-004142,OP-001,Thomas,Roux,thomas.roux921@proton.me,CTY-LYO,FR,2024-01-06,PLAN-UNLIMITED,false,active,1973
I,2026-04-01T00:00:00Z,RD-004143,OP-001,Ines,Nilsson,ines.nilsson468@proton.me,CTY-LYO,FR,2025-01-06,PLAN-PAYG,false,active,1992
I,2026-04-01T00:00:00Z,RD-004144,OP-001,Emil,Fischer,emil.fischer500@correo.es,CTY-LYO,FR,2025-03-14,PLAN-COMMUTE,true,active,1973
I,2026-04-01T00:00:00Z,RD-004145,OP-001,Tiago,Weber,tiago.weber885@mail.com,CTY-LYO,FR,2025-08-23,PLAN-PAYG,true,active,2002
I,2026-04-01T00:00:00Z,RD-004146,OP-001,Beatriz,Fischer,beatriz.fischer163@proton.me,CTY-LYO,FR,2025-01-06,PLAN-CORP,false,active,2001
I,2026-04-01T00:00:00Z,RD-004147,OP-001,Emil,Roux,emil.roux977@proton.me,CTY-LYO,FR,2025-03-08,PLAN-UNLIMITED,false,active,2006
I,2026-04-01T00:00:00Z,RD-004148,OP-001,Joan,Bernard,joan.bernard175@mail.com,CTY-LYO,FR,2024-04-14,PLAN-PAYG,false,active,1980
I,2026-04-01T00:00:00Z,RD-004149,OP-001,Chloe,Dubois,chloe.dubois401@outlook.com,CTY-LYO,FR,2026-03-02,PLAN-COMMUTE,true,active,1967
I,2026-04-01T00:00:00Z,RD-004150,OP-001,Hugo,Kowalski,hugo.kowalski774@proton.me,CTY-LYO,FR,2024-12-16,PLAN-STUDENT,true,active,1996
I,2026-04-01T00:00:00Z,RD-004151,OP-001,Nora,Pereira,nora.pereira881@outlook.com,CTY-LYO,FR,2024-01-15,PLAN-PAYG,true,active,1984
I,2026-04-01T00:00:00Z,RD-004152,OP-001,Emil,Kowalski,emil.kowalski871@proton.me,CTY-LYO,FR,2024-03-12,PLAN-UNLIMITED,true,active,2007
I,2026-04-01T00:00:00Z,RD-004153,OP-001,Joan,Conti,joan.conti247@proton.me,CTY-LYO,FR,2026-01-05,PLAN-PAYG,false,active,1983
I,2026-04-01T00:00:00Z,RD-004154,OP-001,Rui,Costa,rui.costa109@gmx.de,CTY-LYO,FR,2025-09-29,PLAN-PAYG,false,active,1986
I,2026-04-01T00:00:00Z,RD-004155,OP-001,Manon,Lopez,manon.lopez156@outlook.com,CTY-LYO,FR,2025-02-27,PLAN-PAYG,false,active,1996
I,2026-04-01T00:00:00Z,RD-004156,OP-001,Karim,Almeida,karim.almeida198@proton.me,CTY-LYO,FR,2026-02-03,PLAN-UNLIMITED,true,active,1970
I,2026-04-01T00:00:00Z,RD-004159,OP-001,Rui,Berg,rui.berg573@proton.me,CTY-LYO,FR,2025-03-25,PLAN-STUDENT,false,active,1968
I,2026-04-01T00:00:00Z,RD-004160,OP-001,Yasmin,Roux,yasmin.roux911@gmx.de,CTY-LYO,FR,2025-10-13,PLAN-UNLIMITED,true,active,1965
I,2026-04-01T00:00:00Z,RD-004161,OP-001,Camille,Garcia,camille.garcia553@gmx.de,CTY-LYO,FR,2024-11-26,PLAN-PAYG,true,active,2007
I,2026-04-01T00:00:00Z,RD-004162,OP-001,Manon,Fischer,manon.fischer978@mail.com,CTY-LYO,FR,2024-08-24,PLAN-COMMUTE,false,active,1989
I,2026-04-01T00:00:00Z,RD-004163,OP-001,Joan,Lindqvist,joan.lindqvist857@proton.me,CTY-LYO,FR,2024-11-16,PLAN-PAYG,false,active,1964
I,2026-04-01T00:00:00Z,RD-004165,OP-001,Diego,Dubois,diego.dubois651@gmx.de,CTY-LYO,FR,2024-02-22,PLAN-COMMUTE,true,active,1965
I,2026-04-01T00:00:00Z,RD-004166,OP-001,Sofia,Martin,sofia.martin671@outlook.com,CTY-LYO,FR,2025-05-15,PLAN-COMMUTE,true,active,1991
I,2026-04-01T00:00:00Z,RD-004167,OP-001,Nils,Berg,nils.berg5@mail.com,CTY-LYO,FR,2024-07-11,PLAN-PAYG,true,active,1969
I,2026-04-01T00:00:00Z,RD-004168,OP-001,Nadia,Benali,nadia.benali938@proton.me,CTY-LYO,FR,2024-12-01,PLAN-PAYG,false,active,1975
I,2026-04-01T00:00:00Z,RD-004169,OP-001,Nadia,Roux,nadia.roux555@gmx.de,CTY-LYO,FR,2024-01-01,PLAN-PAYG,false,active,1963
I,2026-04-01T00:00:00Z,RD-004170,OP-001,Freja,Serra,freja.serra334@mail.com,CTY-LYO,FR,2025-05-28,PLAN-PAYG,false,active,1982
I,2026-04-01T00:00:00Z,RD-004171,OP-001,Ivan,Serra,ivan.serra144@outlook.com,CTY-LYO,FR,2025-12-11,PLAN-PAYG,false,active,1985
I,2026-04-01T00:00:00Z,RD-004172,OP-001,Nadia,Ferrer,nadia.ferrer161@gmx.de,CTY-LYO,FR,2024-12-03,PLAN-PAYG,true,active,1990
I,2026-04-01T00:00:00Z,RD-004173,OP-001,Tiago,Bernard,tiago.bernard794@gmx.de,CTY-LYO,FR,2026-02-18,PLAN-PAYG,false,active,1969
I,2026-04-01T00:00:00Z,RD-004174,OP-001,Nora,Benali,nora.benali899@outlook.com,CTY-LYO,FR,2024-05-03,PLAN-COMMUTE,true,active,1994
I,2026-04-01T00:00:00Z,RD-004176,OP-001,Sofia,Novak,sofia.novak753@gmx.de,CTY-LYO,FR,2024-10-08,PLAN-PAYG,false,active,1999
I,2026-04-01T00:00:00Z,RD-004177,OP-001,Rui,Andersson,rui.andersson158@proton.me,CTY-LYO,FR,2026-03-01,PLAN-PAYG,true,active,1986
I,2026-04-01T00:00:00Z,RD-004178,OP-001,Tiago,Haddad,tiago.haddad272@proton.me,CTY-LYO,FR,2025-08-20,PLAN-PAYG,false,active,2001
I,2026-04-01T00:00:00Z,RD-004179,OP-001,Nora,Ferrer,nora.ferrer691@gmx.de,CTY-LYO,FR,2024-06-03,PLAN-PAYG,true,active,2000
I,2026-04-01T00:00:00Z,RD-004180,OP-001,Joan,Almeida,joan.almeida423@correo.es,CTY-LYO,FR,2025-01-10,PLAN-PAYG,true,active,1990
I,2026-04-01T00:00:00Z,RD-004182,OP-001,Karim,Nilsson,karim.nilsson661@gmx.de,CTY-LYO,FR,2024-05-20,PLAN-PAYG,true,active,1998
I,2026-04-01T00:00:00Z,RD-004183,OP-001,Ivan,Pereira,ivan.pereira891@correo.es,CTY-LYO,FR,2024-10-21,PLAN-PAYG,true,active,1989
I,2026-04-01T00:00:00Z,RD-004184,OP-001,Oskar,Kowalski,oskar.kowalski674@gmx.de,CTY-LYO,FR,2024-03-27,PLAN-UNLIMITED,false,active,2006
I,2026-04-01T00:00:00Z,RD-004185,OP-001,Rui,Fischer,rui.fischer566@mail.com,CTY-LYO,FR,2025-03-06,PLAN-PAYG,false,active,1968
I,2026-04-01T00:00:00Z,RD-004186,OP-001,Omar,Nilsson,omar.nilsson809@mail.com,CTY-LYO,FR,2024-08-26,PLAN-PAYG,false,active,1988
I,2026-04-01T00:00:00Z,RD-004187,OP-001,Manon,Lindqvist,manon.lindqvist778@mail.com,CTY-LYO,FR,2025-11-20,PLAN-PAYG,true,active,1979
I,2026-04-01T00:00:00Z,RD-004188,OP-001,Aina,Fischer,aina.fischer833@correo.es,CTY-LYO,FR,2024-09-03,PLAN-COMMUTE,true,active,1968
I,2026-04-01T00:00:00Z,RD-004189,OP-001,Louis,Haddad,louis.haddad149@gmx.de,CTY-LYO,FR,2026-02-25,PLAN-PAYG,true,active,1993
I,2026-04-01T00:00:00Z,RD-004190,OP-001,Marta,Berg,marta.berg318@correo.es,CTY-LYO,FR,2026-03-07,PLAN-COMMUTE,false,active,1986
I,2026-04-01T00:00:00Z,RD-004191,OP-001,Nils,Bernard,nils.bernard832@proton.me,CTY-LYO,FR,2024-02-11,PLAN-COMMUTE,false,active,1964
I,2026-04-01T00:00:00Z,RD-004192,OP-001,Thomas,Serra,thomas.serra752@outlook.com,CTY-LYO,FR,2025-05-03,PLAN-COMMUTE,false,active,1974
I,2026-04-01T00:00:00Z,RD-004193,OP-001,Nils,Bernard,nils.bernard995@proton.me,CTY-LYO,FR,2024-07-29,PLAN-PAYG,true,active,1997
I,2026-04-01T00:00:00Z,RD-004194,OP-001,Manon,Bernard,manon.bernard207@correo.es,CTY-LYO,FR,2024-05-30,PLAN-UNLIMITED,true,active,1998
I,2026-04-01T00:00:00Z,RD-004195,OP-001,Astrid,Garcia,astrid.garcia595@outlook.com,CTY-LYO,FR,2026-03-27,PLAN-PAYG,false,active,1993
I,2026-04-01T00:00:00Z,RD-004196,OP-001,Joan,Novak,joan.novak102@outlook.com,CTY-LYO,FR,2025-01-05,PLAN-COMMUTE,false,active,1970
I,2026-04-01T00:00:00Z,RD-004197,OP-001,Pablo,Garcia,pablo.garcia641@proton.me,CTY-LYO,FR,2025-11-07,PLAN-STUDENT,false,active,1991
I,2026-04-01T00:00:00Z,RD-004198,OP-001,Ines,Kowalski,ines.kowalski666@mail.com,CTY-LYO,FR,2025-10-26,PLAN-UNLIMITED,false,active,1962
I,2026-04-01T00:00:00Z,RD-004199,OP-001,Marta,Almeida,marta.almeida875@outlook.com,CTY-LYO,FR,2025-02-12,PLAN-COMMUTE,true,active,1972
I,2026-04-01T00:00:00Z,RD-004200,OP-001,Emil,Haddad,emil.haddad887@correo.es,CTY-LYO,FR,2026-01-14,PLAN-PAYG,false,active,1986
I,2026-04-01T00:00:00Z,RD-004201,OP-001,Elin,Bernard,elin.bernard560@mail.com,CTY-LYO,FR,2025-03-08,PLAN-COMMUTE,true,active,1972
I,2026-04-01T00:00:00Z,RD-004202,OP-001,Camille,Nilsson,camille.nilsson625@proton.me,CTY-LYO,FR,2025-09-17,PLAN-TOURIST,false,active,1962
I,2026-04-01T00:00:00Z,RD-004203,OP-001,Nora,Moreno,nora.moreno544@correo.es,CTY-LYO,FR,2024-03-04,PLAN-PAYG,true,active,2001
I,2026-04-01T00:00:00Z,RD-004204,OP-001,Tiago,Costa,tiago.costa264@outlook.com,CTY-LYO,FR,2024-09-21,PLAN-TOURIST,true,active,1979
I,2026-04-01T00:00:00Z,RD-004205,OP-001,Nadia,Roux,nadia.roux427@gmx.de,CTY-LYO,FR,2024-09-18,PLAN-PAYG,false,active,2002
I,2026-04-01T00:00:00Z,RD-004206,OP-001,Aina,Almeida,aina.almeida222@mail.com,CTY-LYO,FR,2024-04-12,PLAN-COMMUTE,true,active,1989
I,2026-04-01T00:00:00Z,RD-004207,OP-001,Chloe,Pereira,chloe.pereira305@mail.com,CTY-LYO,FR,2025-02-28,PLAN-PAYG,false,active,2002
I,2026-04-01T00:00:00Z,RD-004208,OP-001,Louis,Nilsson,louis.nilsson544@proton.me,CTY-LYO,FR,2024-01-25,PLAN-COMMUTE,true,active,2006
I,2026-04-01T00:00:00Z,RD-004209,OP-001,Nora,Dubois,nora.dubois795@gmx.de,CTY-LYO,FR,2025-10-19,PLAN-COMMUTE,true,active,1990
I,2026-04-01T00:00:00Z,RD-004211,OP-001,Nadia,Lopez,nadia.lopez499@outlook.com,CTY-LYO,FR,2024-11-23,PLAN-CORP,true,active,1977
I,2026-04-01T00:00:00Z,RD-004212,OP-001,Camille,Conti,camille.conti80@gmx.de,CTY-LYO,FR,2026-01-01,PLAN-STUDENT,true,active,1992
I,2026-04-01T00:00:00Z,RD-004213,OP-001,Louis,Silva,louis.silva277@proton.me,CTY-LYO,FR,2024-05-20,PLAN-COMMUTE,false,active,2008
I,2026-04-01T00:00:00Z,RD-004214,OP-001,Sofia,Lindqvist,sofia.lindqvist509@outlook.com,CTY-LYO,FR,2024-04-23,PLAN-PAYG,true,active,2008
I,2026-04-01T00:00:00Z,RD-004216,OP-001,Ines,Nilsson,ines.nilsson534@gmx.de,CTY-LYO,FR,2025-03-27,PLAN-COMMUTE,false,active,1978
I,2026-04-01T00:00:00Z,RD-004217,OP-001,Nadia,Garcia,nadia.garcia453@proton.me,CTY-LYO,FR,2024-12-06,PLAN-PAYG,false,active,1970
I,2026-04-01T00:00:00Z,RD-004218,OP-001,Pablo,Benali,pablo.benali524@gmx.de,CTY-LYO,FR,2025-05-12,PLAN-STUDENT,false,active,2002
I,2026-04-01T00:00:00Z,RD-004219,OP-001,Aina,Silva,aina.silva875@gmx.de,CTY-LYO,FR,2025-11-10,PLAN-PAYG,false,active,1997
I,2026-04-01T00:00:00Z,RD-004220,OP-001,Antoine,Pereira,antoine.pereira625@correo.es,CTY-LYO,FR,2024-06-27,PLAN-COMMUTE,true,active,1991
I,2026-04-01T00:00:00Z,RD-004221,OP-001,Hugo,Vidal,hugo.vidal484@outlook.com,CTY-LYO,FR,2025-03-06,PLAN-PAYG,false,active,2004
I,2026-04-01T00:00:00Z,RD-004222,OP-001,Marta,Moreno,marta.moreno267@mail.com,CTY-LYO,FR,2026-03-03,PLAN-PAYG,true,active,1990
I,2026-04-01T00:00:00Z,RD-004223,OP-001,Chloe,Lindqvist,chloe.lindqvist551@outlook.com,CTY-LYO,FR,2025-11-18,PLAN-PAYG,true,active,2001
I,2026-04-01T00:00:00Z,RD-004224,OP-001,Aina,Fischer,aina.fischer683@outlook.com,CTY-LYO,FR,2025-07-03,PLAN-PAYG,true,active,1971
I,2026-04-01T00:00:00Z,RD-004225,OP-001,Oskar,Novak,oskar.novak665@outlook.com,CTY-LYO,FR,2025-03-09,PLAN-COMMUTE,true,active,1998
I,2026-04-01T00:00:00Z,RD-004226,OP-001,Nils,Pereira,nils.pereira233@gmx.de,CTY-LYO,FR,2024-03-02,PLAN-PAYG,false,active,1979
I,2026-04-01T00:00:00Z,RD-004227,OP-001,Camille,Roux,camille.roux206@proton.me,CTY-LYO,FR,2024-11-15,PLAN-COMMUTE,true,active,2007
I,2026-04-01T00:00:00Z,RD-004228,OP-001,Diego,Weber,diego.weber150@proton.me,CTY-LYO,FR,2025-02-24,PLAN-PAYG,false,active,1962
I,2026-04-01T00:00:00Z,RD-004229,OP-001,Camille,Almeida,camille.almeida80@correo.es,CTY-LYO,FR,2026-01-17,PLAN-STUDENT,false,active,1980
I,2026-04-01T00:00:00Z,RD-004230,OP-001,Karim,Almeida,karim.almeida600@proton.me,CTY-LYO,FR,2024-02-07,PLAN-PAYG,true,active,1998
I,2026-04-01T00:00:00Z,RD-004231,OP-001,Omar,Lopez,omar.lopez109@proton.me,CTY-LYO,FR,2025-09-03,PLAN-PAYG,false,active,1981
I,2026-04-01T00:00:00Z,RD-004232,OP-001,Elin,Nilsson,elin.nilsson40@mail.com,CTY-LYO,FR,2024-09-11,PLAN-PAYG,false,active,1987
I,2026-04-01T00:00:00Z,RD-004233,OP-001,Aina,Novak,aina.novak745@gmx.de,CTY-LYO,FR,2025-05-17,PLAN-UNLIMITED,true,active,1962
I,2026-04-01T00:00:00Z,RD-004235,OP-001,Omar,Andersson,omar.andersson982@correo.es,CTY-LYO,FR,2026-03-03,PLAN-PAYG,false,active,1987
I,2026-04-01T00:00:00Z,RD-004236,OP-001,Oskar,Weber,oskar.weber908@mail.com,CTY-LYO,FR,2025-08-06,PLAN-PAYG,false,active,1965
I,2026-04-01T00:00:00Z,RD-004237,OP-001,Camille,Roux,camille.roux770@mail.com,CTY-LYO,FR,2025-02-17,PLAN-UNLIMITED,false,active,1967
I,2026-04-01T00:00:00Z,RD-004238,OP-001,Nora,Kowalski,nora.kowalski655@correo.es,CTY-LYO,FR,2024-01-01,PLAN-PAYG,true,active,1988
I,2026-04-01T00:00:00Z,RD-004239,OP-001,Sofia,Serra,sofia.serra431@gmx.de,CTY-LYO,FR,2025-04-14,PLAN-PAYG,false,active,2004
I,2026-04-01T00:00:00Z,RD-004240,OP-001,Nils,Silva,nils.silva690@gmx.de,CTY-LYO,FR,2025-03-17,PLAN-PAYG,false,active,1974
I,2026-04-01T00:00:00Z,RD-004241,OP-001,Diego,Martin,diego.martin871@gmx.de,CTY-LYO,FR,2025-11-19,PLAN-PAYG,false,active,1962
I,2026-04-01T00:00:00Z,RD-004242,OP-001,Hugo,Bernard,hugo.bernard899@gmx.de,CTY-LYO,FR,2025-08-09,PLAN-PAYG,false,active,1983
I,2026-04-01T00:00:00Z,RD-004243,OP-001,Oskar,Benali,oskar.benali506@gmx.de,CTY-LYO,FR,2025-07-28,PLAN-COMMUTE,true,active,1965
I,2026-04-01T00:00:00Z,RD-004244,OP-001,Sofia,Conti,sofia.conti903@gmx.de,CTY-LYO,FR,2024-12-18,PLAN-PAYG,true,active,1976
I,2026-04-01T00:00:00Z,RD-004245,OP-001,Joan,Fischer,joan.fischer946@gmx.de,CTY-LYO,FR,2025-02-12,PLAN-COMMUTE,true,active,2004
I,2026-04-01T00:00:00Z,RD-004246,OP-001,Ivan,Novak,ivan.novak618@proton.me,CTY-LYO,FR,2024-05-17,PLAN-PAYG,false,active,1980
I,2026-04-01T00:00:00Z,RD-004247,OP-001,Camille,Weber,camille.weber795@correo.es,CTY-LYO,FR,2024-08-21,PLAN-COMMUTE,false,active,1984
I,2026-04-01T00:00:00Z,RD-004248,OP-001,Louis,Dubois,louis.dubois710@gmx.de,CTY-LYO,FR,2025-05-25,PLAN-UNLIMITED,true,active,1980
I,2026-04-01T00:00:00Z,RD-004249,OP-001,Karim,Martin,karim.martin269@proton.me,CTY-LYO,FR,2024-05-12,PLAN-COMMUTE,false,active,1971
I,2026-04-01T00:00:00Z,RD-004250,OP-001,Antoine,Fischer,antoine.fischer217@gmx.de,CTY-LYO,FR,2025-06-06,PLAN-PAYG,true,active,1988
I,2026-04-01T00:00:00Z,RD-004251,OP-001,Astrid,Novak,astrid.novak892@mail.com,CTY-LYO,FR,2025-11-05,PLAN-PAYG,false,active,1997
I,2026-04-01T00:00:00Z,RD-004252,OP-001,Diego,Nilsson,diego.nilsson521@correo.es,CTY-LYO,FR,2025-09-20,PLAN-COMMUTE,true,active,1966
I,2026-04-01T00:00:00Z,RD-004253,OP-001,Freja,Novak,freja.novak132@outlook.com,CTY-LYO,FR,2024-05-04,PLAN-PAYG,false,active,1994
I,2026-04-01T00:00:00Z,RD-004254,OP-001,Oskar,Benali,oskar.benali52@correo.es,CTY-LYO,FR,2026-03-04,PLAN-PAYG,true,active,1962
I,2026-04-01T00:00:00Z,RD-004255,OP-001,Elin,Novak,elin.novak587@outlook.com,CTY-LYO,FR,2025-07-31,PLAN-PAYG,false,active,1976
I,2026-04-01T00:00:00Z,RD-004256,OP-001,Sofia,Kowalski,sofia.kowalski359@mail.com,CTY-LYO,FR,2025-01-22,PLAN-COMMUTE,true,active,1980
I,2026-04-01T00:00:00Z,RD-004257,OP-001,Nora,Berg,nora.berg891@proton.me,CTY-LYO,FR,2026-01-03,PLAN-COMMUTE,true,active,1988
I,2026-04-01T00:00:00Z,RD-004258,OP-001,Karim,Novak,karim.novak246@outlook.com,CTY-LYO,FR,2026-01-21,PLAN-PAYG,false,active,1977
I,2026-04-01T00:00:00Z,RD-004259,OP-001,Elin,Dubois,elin.dubois672@gmx.de,CTY-LYO,FR,2026-03-13,PLAN-UNLIMITED,true,active,1992
I,2026-04-01T00:00:00Z,RD-004260,OP-001,Nora,Rossi,nora.rossi160@outlook.com,CTY-LYO,FR,2024-05-06,PLAN-PAYG,true,active,1966
I,2026-04-01T00:00:00Z,RD-004261,OP-001,Hugo,Almeida,hugo.almeida97@outlook.com,CTY-LYO,FR,2024-06-04,PLAN-PAYG,false,active,1978
I,2026-04-01T00:00:00Z,RD-004262,OP-001,Manon,Martin,manon.martin598@correo.es,CTY-LYO,FR,2025-06-01,PLAN-COMMUTE,false,active,1965
I,2026-04-01T00:00:00Z,RD-004263,OP-001,Emil,Ferrer,emil.ferrer455@mail.com,CTY-LYO,FR,2024-01-29,PLAN-COMMUTE,true,active,2002
I,2026-04-01T00:00:00Z,RD-004264,OP-001,Freja,Vidal,freja.vidal190@proton.me,CTY-LYO,FR,2024-08-10,PLAN-PAYG,false,active,2007
I,2026-04-01T00:00:00Z,RD-004265,OP-001,Louis,Weber,louis.weber134@proton.me,CTY-LYO,FR,2024-07-26,PLAN-PAYG,true,active,1962
I,2026-04-01T00:00:00Z,RD-004266,OP-001,Manon,Martin,manon.martin262@proton.me,CTY-LYO,FR,2024-02-23,PLAN-PAYG,true,active,1990
I,2026-04-01T00:00:00Z,RD-004267,OP-001,Rui,Bernard,rui.bernard337@correo.es,CTY-LYO,FR,2025-11-10,PLAN-COMMUTE,true,active,2001
I,2026-04-01T00:00:00Z,RD-004269,OP-001,Diego,Costa,diego.costa888@outlook.com,CTY-LYO,FR,2024-04-20,PLAN-PAYG,true,active,1994
I,2026-04-01T00:00:00Z,RD-004270,OP-001,Omar,Costa,omar.costa912@outlook.com,CTY-LYO,FR,2026-01-05,PLAN-PAYG,true,active,1987
I,2026-04-01T00:00:00Z,RD-004271,OP-001,Antoine,Vidal,antoine.vidal104@proton.me,CTY-LYO,FR,2024-01-19,PLAN-STUDENT,false,active,1968
I,2026-04-01T00:00:00Z,RD-004272,OP-001,Elin,Benali,elin.benali170@proton.me,CTY-LYO,FR,2024-11-17,PLAN-UNLIMITED,false,active,1996
I,2026-04-01T00:00:00Z,RD-004273,OP-001,Yasmin,Conti,yasmin.conti370@gmx.de,CTY-LYO,FR,2024-04-11,PLAN-COMMUTE,true,active,1975
I,2026-04-01T00:00:00Z,RD-004274,OP-001,Lucia,Novak,lucia.novak234@mail.com,CTY-LYO,FR,2026-03-03,PLAN-COMMUTE,true,active,2003
I,2026-04-01T00:00:00Z,RD-004275,OP-001,Diego,Martin,diego.martin901@mail.com,CTY-LYO,FR,2025-01-27,PLAN-COMMUTE,false,active,1968
I,2026-04-01T00:00:00Z,RD-004276,OP-001,Karim,Dubois,karim.dubois52@correo.es,CTY-LYO,FR,2025-10-07,PLAN-PAYG,true,active,1963
I,2026-04-01T00:00:00Z,RD-004277,OP-001,Antoine,Ferrer,antoine.ferrer435@gmx.de,CTY-LYO,FR,2025-06-25,PLAN-COMMUTE,false,active,1995
I,2026-04-01T00:00:00Z,RD-004278,OP-001,Louis,Weber,louis.weber58@mail.com,CTY-LYO,FR,2025-04-20,PLAN-PAYG,true,active,1982
I,2026-04-01T00:00:00Z,RD-004279,OP-001,Ivan,Bernard,ivan.bernard896@proton.me,CTY-LYO,FR,2024-02-24,PLAN-PAYG,true,active,1983
I,2026-04-01T00:00:00Z,RD-004281,OP-001,Thomas,Roux,thomas.roux929@correo.es,CTY-LYO,FR,2025-08-12,PLAN-COMMUTE,false,active,1980
I,2026-04-01T00:00:00Z,RD-004282,OP-001,Louis,Fischer,louis.fischer184@proton.me,CTY-LYO,FR,2024-07-10,PLAN-UNLIMITED,false,active,1982
I,2026-04-01T00:00:00Z,RD-004283,OP-001,Nora,Lopez,nora.lopez168@gmx.de,CTY-LYO,FR,2024-12-22,PLAN-COMMUTE,true,active,1996
I,2026-04-01T00:00:00Z,RD-004284,OP-001,Emil,Vidal,emil.vidal456@gmx.de,CTY-LYO,FR,2024-01-27,PLAN-PAYG,true,active,2008
I,2026-04-01T00:00:00Z,RD-004285,OP-001,Pablo,Nilsson,pablo.nilsson258@outlook.com,CTY-LYO,FR,2024-11-02,PLAN-PAYG,true,active,1999
I,2026-04-01T00:00:00Z,RD-004286,OP-001,Chloe,Haddad,chloe.haddad324@outlook.com,CTY-LYO,FR,2024-10-03,PLAN-TOURIST,false,active,1973
I,2026-04-01T00:00:00Z,RD-004287,OP-001,Camille,Berg,camille.berg285@mail.com,CTY-LYO,FR,2025-07-20,PLAN-CORP,true,active,1993
I,2026-04-01T00:00:00Z,RD-004288,OP-001,Astrid,Kowalski,astrid.kowalski462@correo.es,CTY-LYO,FR,2024-12-29,PLAN-COMMUTE,false,active,1995
I,2026-04-01T00:00:00Z,RD-004289,OP-001,Elin,Garcia,elin.garcia329@mail.com,CTY-LYO,FR,2024-03-01,PLAN-UNLIMITED,true,active,1984
I,2026-04-01T00:00:00Z,RD-004290,OP-001,Lucia,Novak,lucia.novak32@correo.es,CTY-LYO,FR,2026-03-20,PLAN-PAYG,false,active,1990
I,2026-04-01T00:00:00Z,RD-004291,OP-001,Aina,Garcia,aina.garcia108@gmx.de,CTY-LYO,FR,2025-08-15,PLAN-PAYG,false,active,1988
I,2026-04-01T00:00:00Z,RD-004293,OP-001,Thomas,Silva,thomas.silva241@gmx.de,CTY-LYO,FR,2024-10-03,PLAN-TOURIST,true,active,1962
I,2026-04-01T00:00:00Z,RD-004294,OP-001,Hugo,Almeida,hugo.almeida465@proton.me,CTY-LYO,FR,2024-12-16,PLAN-COMMUTE,false,active,1985
I,2026-04-01T00:00:00Z,RD-004296,OP-001,Thomas,Vidal,thomas.vidal492@gmx.de,CTY-LYO,FR,2025-05-03,PLAN-PAYG,true,active,1983
I,2026-04-01T00:00:00Z,RD-004297,OP-001,Marta,Pereira,marta.pereira22@correo.es,CTY-LYO,FR,2025-09-21,PLAN-PAYG,true,active,2001
I,2026-04-01T00:00:00Z,RD-004298,OP-001,Antoine,Nilsson,antoine.nilsson780@correo.es,CTY-LYO,FR,2025-03-12,PLAN-PAYG,false,active,2002
I,2026-04-01T00:00:00Z,RD-004300,OP-001,Yasmin,Fischer,yasmin.fischer795@gmx.de,CTY-LYO,FR,2024-07-27,PLAN-PAYG,true,active,1993
I,2026-04-01T00:00:00Z,RD-004302,OP-001,Antoine,Novak,antoine.novak889@mail.com,CTY-LYO,FR,2024-12-26,PLAN-PAYG,true,active,1989
I,2026-04-01T00:00:00Z,RD-004303,OP-001,Freja,Moreno,freja.moreno226@proton.me,CTY-LYO,FR,2024-02-25,PLAN-STUDENT,false,active,1965
I,2026-04-01T00:00:00Z,RD-004304,OP-001,Elin,Haddad,elin.haddad123@proton.me,CTY-LYO,FR,2024-05-01,PLAN-COMMUTE,false,active,1990
I,2026-04-01T00:00:00Z,RD-004305,OP-001,Rui,Pereira,rui.pereira609@outlook.com,CTY-LYO,FR,2024-04-16,PLAN-TOURIST,false,active,1990
I,2026-04-01T00:00:00Z,RD-004306,OP-001,Joan,Haddad,joan.haddad690@mail.com,CTY-LYO,FR,2025-01-31,PLAN-PAYG,false,active,2001
I,2026-04-01T00:00:00Z,RD-004307,OP-001,Nils,Lopez,nils.lopez620@outlook.com,CTY-LYO,FR,2024-06-02,PLAN-PAYG,false,active,1996
I,2026-04-01T00:00:00Z,RD-004308,OP-001,Ines,Nilsson,ines.nilsson870@outlook.com,CTY-LYO,FR,2025-04-08,PLAN-PAYG,true,active,1978
I,2026-04-01T00:00:00Z,RD-004309,OP-001,Manon,Andersson,manon.andersson413@outlook.com,CTY-LYO,FR,2025-09-28,PLAN-COMMUTE,false,active,1973
I,2026-04-01T00:00:00Z,RD-004310,OP-001,Astrid,Berg,astrid.berg962@correo.es,CTY-LYO,FR,2024-07-10,PLAN-PAYG,true,active,1998
I,2026-04-01T00:00:00Z,RD-004311,OP-001,Chloe,Dubois,chloe.dubois264@proton.me,CTY-LYO,FR,2024-11-28,PLAN-STUDENT,false,active,1963
I,2026-04-01T00:00:00Z,RD-004313,OP-001,Louis,Lopez,louis.lopez392@proton.me,CTY-LYO,FR,2024-12-01,PLAN-COMMUTE,true,active,1979
I,2026-04-01T00:00:00Z,RD-004314,OP-001,Marta,Roux,marta.roux187@gmx.de,CTY-LYO,FR,2025-07-01,PLAN-COMMUTE,false,active,1981
I,2026-04-01T00:00:00Z,RD-004315,OP-001,Rui,Novak,rui.novak831@mail.com,CTY-LYO,FR,2026-03-25,PLAN-COMMUTE,false,active,1967
I,2026-04-01T00:00:00Z,RD-004316,OP-001,Nils,Fischer,nils.fischer286@correo.es,CTY-LYO,FR,2025-08-04,PLAN-COMMUTE,true,active,2004
I,2026-04-01T00:00:00Z,RD-004317,OP-001,Pablo,Costa,pablo.costa655@correo.es,CTY-LYO,FR,2025-02-22,PLAN-PAYG,true,active,1976
I,2026-04-01T00:00:00Z,RD-004318,OP-001,Pablo,Novak,pablo.novak374@mail.com,CTY-LYO,FR,2024-03-05,PLAN-PAYG,true,active,2007
I,2026-04-01T00:00:00Z,RD-004320,OP-001,Joan,Nilsson,joan.nilsson289@outlook.com,CTY-LYO,FR,2024-11-08,PLAN-PAYG,false,active,2005
I,2026-04-01T00:00:00Z,RD-004321,OP-001,Antoine,Roux,antoine.roux620@correo.es,CTY-LYO,FR,2024-04-10,PLAN-COMMUTE,true,active,1993
I,2026-04-01T00:00:00Z,RD-004323,OP-001,Antoine,Roux,antoine.roux639@outlook.com,CTY-LYO,FR,2024-01-22,PLAN-STUDENT,false,active,2005
I,2026-04-01T00:00:00Z,RD-004324,OP-001,Joan,Novak,joan.novak75@gmx.de,CTY-LYO,FR,2025-06-19,PLAN-PAYG,true,active,1989
I,2026-04-01T00:00:00Z,RD-004325,OP-001,Nadia,Novak,nadia.novak399@mail.com,CTY-LYO,FR,2026-01-09,PLAN-PAYG,false,active,2005
I,2026-04-01T00:00:00Z,RD-004326,OP-001,Aina,Benali,aina.benali420@proton.me,CTY-LYO,FR,2024-01-03,PLAN-PAYG,true,active,1983
I,2026-04-01T00:00:00Z,RD-004327,OP-001,Thomas,Bernard,thomas.bernard568@correo.es,CTY-LYO,FR,2024-12-18,PLAN-PAYG,true,active,1978
I,2026-04-01T00:00:00Z,RD-004328,OP-001,Rui,Novak,rui.novak701@outlook.com,CTY-LYO,FR,2025-12-29,PLAN-TOURIST,false,active,2006
I,2026-04-01T00:00:00Z,RD-004329,OP-001,Emil,Serra,emil.serra35@correo.es,CTY-LYO,FR,2024-01-07,PLAN-PAYG,true,active,1985
I,2026-04-01T00:00:00Z,RD-004331,OP-001,Manon,Vidal,manon.vidal312@proton.me,CTY-LYO,FR,2025-09-17,PLAN-PAYG,true,active,2001
I,2026-04-01T00:00:00Z,RD-004332,OP-001,Sofia,Haddad,sofia.haddad885@outlook.com,CTY-LYO,FR,2024-12-20,PLAN-UNLIMITED,true,active,1985
I,2026-04-01T00:00:00Z,RD-004333,OP-001,Lucia,Benali,lucia.benali11@correo.es,CTY-LYO,FR,2024-03-25,PLAN-UNLIMITED,false,active,1976
I,2026-04-01T00:00:00Z,RD-004335,OP-001,Manon,Martin,manon.martin592@gmx.de,CTY-LYO,FR,2024-12-01,PLAN-UNLIMITED,true,active,1989
I,2026-04-01T00:00:00Z,RD-004336,OP-001,Ines,Serra,ines.serra762@gmx.de,CTY-LYO,FR,2025-11-05,PLAN-COMMUTE,false,active,1974
I,2026-04-01T00:00:00Z,RD-004337,OP-001,Chloe,Berg,chloe.berg187@mail.com,CTY-LYO,FR,2026-03-17,PLAN-PAYG,true,active,1969
I,2026-04-01T00:00:00Z,RD-004338,OP-001,Pablo,Silva,pablo.silva489@proton.me,CTY-LYO,FR,2024-12-13,PLAN-COMMUTE,true,active,2005
I,2026-04-01T00:00:00Z,RD-004339,OP-001,Oskar,Moreno,oskar.moreno782@gmx.de,CTY-LYO,FR,2025-07-12,PLAN-TOURIST,true,active,1972
I,2026-04-01T00:00:00Z,RD-004340,OP-001,Nadia,Andersson,nadia.andersson517@correo.es,CTY-LYO,FR,2024-01-15,PLAN-COMMUTE,true,active,1969
I,2026-04-01T00:00:00Z,RD-004342,OP-001,Sofia,Lindqvist,sofia.lindqvist99@correo.es,CTY-LYO,FR,2024-05-28,PLAN-COMMUTE,false,active,1998
I,2026-04-01T00:00:00Z,RD-004343,OP-001,Nadia,Pereira,nadia.pereira170@outlook.com,CTY-LYO,FR,2025-03-23,PLAN-PAYG,true,active,1976
I,2026-04-01T00:00:00Z,RD-004344,OP-001,Oskar,Garcia,oskar.garcia266@gmx.de,CTY-LYO,FR,2025-12-27,PLAN-COMMUTE,true,active,1981
I,2026-04-01T00:00:00Z,RD-004345,OP-001,Antoine,Bernard,antoine.bernard43@proton.me,CTY-LYO,FR,2024-10-26,PLAN-UNLIMITED,true,active,1995
I,2026-04-01T00:00:00Z,RD-004346,OP-001,Freja,Serra,freja.serra535@proton.me,CTY-LYO,FR,2024-12-21,PLAN-COMMUTE,true,active,2008
I,2026-04-01T00:00:00Z,RD-004347,OP-001,Thomas,Dubois,thomas.dubois898@correo.es,CTY-LYO,FR,2025-03-14,PLAN-COMMUTE,false,active,1994
I,2026-04-01T00:00:00Z,RD-004348,OP-001,Astrid,Conti,astrid.conti537@mail.com,CTY-LYO,FR,2024-01-20,PLAN-PAYG,true,active,2005
I,2026-04-01T00:00:00Z,RD-004349,OP-001,Aina,Pereira,aina.pereira960@mail.com,CTY-LYO,FR,2024-07-26,PLAN-TOURIST,false,active,1985
I,2026-04-01T00:00:00Z,RD-004350,OP-001,Karim,Garcia,karim.garcia203@correo.es,CTY-LYO,FR,2025-01-13,PLAN-COMMUTE,false,active,1963
I,2026-04-01T00:00:00Z,RD-004351,OP-001,Manon,Andersson,manon.andersson98@gmx.de,CTY-LYO,FR,2026-02-24,PLAN-UNLIMITED,false,active,1992
I,2026-04-01T00:00:00Z,RD-004353,OP-001,Thomas,Martin,thomas.martin605@outlook.com,CTY-LYO,FR,2025-03-26,PLAN-PAYG,true,active,1995
I,2026-04-01T00:00:00Z,RD-004355,OP-001,Chloe,Vidal,chloe.vidal229@outlook.com,CTY-LYO,FR,2026-03-06,PLAN-PAYG,false,active,1990
I,2026-04-01T00:00:00Z,RD-004356,OP-001,Chloe,Conti,chloe.conti778@proton.me,CTY-LYO,FR,2024-07-18,PLAN-COMMUTE,false,active,1979
I,2026-04-01T00:00:00Z,RD-004357,OP-001,Antoine,Nilsson,antoine.nilsson642@gmx.de,CTY-LYO,FR,2024-06-11,PLAN-UNLIMITED,true,active,1972
I,2026-04-01T00:00:00Z,RD-004359,OP-001,Louis,Berg,louis.berg603@outlook.com,CTY-LYO,FR,2024-05-14,PLAN-COMMUTE,false,active,1969
I,2026-04-01T00:00:00Z,RD-004360,OP-001,Nora,Bernard,nora.bernard573@proton.me,CTY-LYO,FR,2024-03-17,PLAN-PAYG,false,active,1998
I,2026-04-01T00:00:00Z,RD-004361,OP-001,Beatriz,Fischer,beatriz.fischer614@gmx.de,CTY-LYO,FR,2025-09-11,PLAN-PAYG,true,active,1986
I,2026-04-01T00:00:00Z,RD-004362,OP-001,Louis,Bernard,louis.bernard156@outlook.com,CTY-LYO,FR,2026-01-07,PLAN-PAYG,false,active,1971
I,2026-04-01T00:00:00Z,RD-004363,OP-001,Beatriz,Bernard,beatriz.bernard16@gmx.de,CTY-LYO,FR,2025-01-21,PLAN-COMMUTE,false,active,1994
I,2026-04-01T00:00:00Z,RD-004364,OP-001,Oskar,Rossi,oskar.rossi109@mail.com,CTY-LYO,FR,2026-03-28,PLAN-PAYG,true,active,2002
I,2026-04-01T00:00:00Z,RD-004365,OP-001,Marta,Costa,marta.costa667@proton.me,CTY-LYO,FR,2024-12-07,PLAN-UNLIMITED,false,active,2002
I,2026-04-01T00:00:00Z,RD-004366,OP-001,Joan,Kowalski,joan.kowalski308@mail.com,CTY-LYO,FR,2025-09-20,PLAN-PAYG,false,active,1972
I,2026-04-01T00:00:00Z,RD-004367,OP-001,Tiago,Bernard,tiago.bernard692@mail.com,CTY-LYO,FR,2025-08-19,PLAN-COMMUTE,false,active,1963
I,2026-04-01T00:00:00Z,RD-004368,OP-001,Ines,Lopez,ines.lopez472@mail.com,CTY-LYO,FR,2024-01-04,PLAN-PAYG,true,active,1975
I,2026-04-01T00:00:00Z,RD-004369,OP-001,Chloe,Almeida,chloe.almeida997@proton.me,CTY-LYO,FR,2026-03-09,PLAN-PAYG,false,active,1997
I,2026-04-01T00:00:00Z,RD-004370,OP-001,Louis,Bernard,louis.bernard789@gmx.de,CTY-LYO,FR,2026-03-11,PLAN-PAYG,false,active,1970
I,2026-04-01T00:00:00Z,RD-004371,OP-001,Manon,Moreno,manon.moreno442@proton.me,CTY-LYO,FR,2024-06-26,PLAN-TOURIST,false,active,1975
I,2026-04-01T00:00:00Z,RD-004372,OP-001,Karim,Roux,karim.roux795@mail.com,CTY-LYO,FR,2024-08-17,PLAN-COMMUTE,true,active,2005
I,2026-04-01T00:00:00Z,RD-004373,OP-001,Omar,Bernard,omar.bernard239@outlook.com,CTY-LYO,FR,2024-11-07,PLAN-UNLIMITED,true,active,1964
I,2026-04-01T00:00:00Z,RD-004374,OP-001,Manon,Haddad,manon.haddad992@proton.me,CTY-LYO,FR,2025-08-06,PLAN-PAYG,false,active,1994
I,2026-04-01T00:00:00Z,RD-004375,OP-001,Chloe,Fischer,chloe.fischer569@mail.com,CTY-LYO,FR,2024-04-30,PLAN-PAYG,true,active,1966
I,2026-04-01T00:00:00Z,RD-004376,OP-001,Antoine,Bernard,antoine.bernard286@proton.me,CTY-LYO,FR,2025-04-28,PLAN-PAYG,true,active,2007
I,2026-04-01T00:00:00Z,RD-004377,OP-001,Chloe,Lindqvist,chloe.lindqvist988@proton.me,CTY-LYO,FR,2024-06-12,PLAN-PAYG,false,active,1981
I,2026-04-01T00:00:00Z,RD-004378,OP-001,Freja,Garcia,freja.garcia703@correo.es,CTY-LYO,FR,2024-05-14,PLAN-PAYG,true,active,1993
I,2026-04-01T00:00:00Z,RD-004379,OP-001,Ines,Moreno,ines.moreno18@gmx.de,CTY-LYO,FR,2026-02-08,PLAN-PAYG,true,active,1970
I,2026-04-01T00:00:00Z,RD-004380,OP-001,Emil,Silva,emil.silva95@mail.com,CTY-LYO,FR,2025-07-18,PLAN-PAYG,true,active,1963
I,2026-04-01T00:00:00Z,RD-004381,OP-001,Nils,Andersson,nils.andersson120@proton.me,CTY-LYO,FR,2024-09-24,PLAN-PAYG,false,active,1972
I,2026-04-01T00:00:00Z,RD-004382,OP-001,Nadia,Almeida,nadia.almeida106@mail.com,CTY-LYO,FR,2025-08-03,PLAN-COMMUTE,true,active,1968
I,2026-04-01T00:00:00Z,RD-004384,OP-001,Lucia,Lindqvist,lucia.lindqvist174@correo.es,CTY-LYO,FR,2025-10-14,PLAN-PAYG,true,active,1966
I,2026-04-01T00:00:00Z,RD-004385,OP-001,Nora,Kowalski,nora.kowalski181@mail.com,CTY-LYO,FR,2024-02-02,PLAN-UNLIMITED,true,active,2000
I,2026-04-01T00:00:00Z,RD-004386,OP-001,Diego,Garcia,diego.garcia284@proton.me,CTY-LYO,FR,2026-02-12,PLAN-COMMUTE,true,active,2007
I,2026-04-01T00:00:00Z,RD-004387,OP-001,Ivan,Almeida,ivan.almeida508@correo.es,CTY-LYO,FR,2025-04-21,PLAN-UNLIMITED,true,active,1964
I,2026-04-01T00:00:00Z,RD-004388,OP-001,Camille,Conti,camille.conti713@outlook.com,CTY-LYO,FR,2024-02-19,PLAN-CORP,true,active,1989
I,2026-04-01T00:00:00Z,RD-004389,OP-001,Thomas,Andersson,thomas.andersson235@correo.es,CTY-LYO,FR,2024-12-25,PLAN-CORP,false,active,1963
I,2026-04-01T00:00:00Z,RD-004390,OP-001,Pablo,Almeida,pablo.almeida136@gmx.de,CTY-LYO,FR,2025-03-07,PLAN-TOURIST,true,active,1981
I,2026-04-01T00:00:00Z,RD-004391,OP-001,Yasmin,Haddad,yasmin.haddad497@correo.es,CTY-LYO,FR,2024-05-02,PLAN-PAYG,false,active,2004
I,2026-04-01T00:00:00Z,RD-004392,OP-001,Lucia,Fischer,lucia.fischer103@correo.es,CTY-LYO,FR,2024-12-12,PLAN-PAYG,true,active,1963
I,2026-04-01T00:00:00Z,RD-004393,OP-001,Beatriz,Almeida,beatriz.almeida886@outlook.com,CTY-LYO,FR,2024-02-26,PLAN-STUDENT,true,active,1980
I,2026-04-01T00:00:00Z,RD-004394,OP-001,Marta,Martin,marta.martin863@correo.es,CTY-LYO,FR,2025-10-15,PLAN-PAYG,false,active,1988
I,2026-04-01T00:00:00Z,RD-004395,OP-001,Elin,Lindqvist,elin.lindqvist228@proton.me,CTY-LYO,FR,2024-02-21,PLAN-PAYG,false,active,1992
I,2026-04-01T00:00:00Z,RD-004396,OP-001,Sofia,Andersson,sofia.andersson603@gmx.de,CTY-LYO,FR,2024-04-13,PLAN-UNLIMITED,true,active,2006
I,2026-04-01T00:00:00Z,RD-004397,OP-001,Marta,Garcia,marta.garcia105@proton.me,CTY-LYO,FR,2024-11-01,PLAN-PAYG,false,active,1993
I,2026-04-01T00:00:00Z,RD-004398,OP-001,Oskar,Ferrer,oskar.ferrer441@outlook.com,CTY-LYO,FR,2024-11-13,PLAN-PAYG,true,active,1979
I,2026-04-01T00:00:00Z,RD-004400,OP-001,Nadia,Costa,nadia.costa524@gmx.de,CTY-LYO,FR,2025-01-04,PLAN-PAYG,false,active,2003
I,2026-04-01T00:00:00Z,RD-004401,OP-001,Hugo,Ferrer,hugo.ferrer782@outlook.com,CTY-LYO,FR,2024-04-18,PLAN-PAYG,true,active,1972
I,2026-04-01T00:00:00Z,RD-004402,OP-001,Marta,Moreno,marta.moreno108@outlook.com,CTY-LYO,FR,2024-12-22,PLAN-PAYG,true,active,1987
I,2026-04-01T00:00:00Z,RD-004403,OP-001,Thomas,Garcia,thomas.garcia873@proton.me,CTY-LYO,FR,2024-04-24,PLAN-COMMUTE,true,active,1991
I,2026-04-01T00:00:00Z,RD-004404,OP-001,Elin,Moreno,elin.moreno593@correo.es,CTY-LYO,FR,2026-01-30,PLAN-PAYG,false,active,1992
I,2026-04-01T00:00:00Z,RD-004405,OP-001,Camille,Costa,camille.costa411@mail.com,CTY-LYO,FR,2024-10-14,PLAN-UNLIMITED,true,active,2004
I,2026-04-01T00:00:00Z,RD-004406,OP-001,Aina,Kowalski,aina.kowalski643@gmx.de,CTY-LYO,FR,2025-06-11,PLAN-TOURIST,false,active,1984
I,2026-04-01T00:00:00Z,RD-004408,OP-001,Marta,Vidal,marta.vidal866@outlook.com,CTY-LYO,FR,2024-09-20,PLAN-TOURIST,true,active,1963
I,2026-04-01T00:00:00Z,RD-004409,OP-001,Yasmin,Lindqvist,yasmin.lindqvist348@correo.es,CTY-LYO,FR,2025-11-20,PLAN-PAYG,false,active,1980
I,2026-04-01T00:00:00Z,RD-004410,OP-001,Lucia,Berg,lucia.berg740@proton.me,CTY-LYO,FR,2024-05-26,PLAN-PAYG,false,active,1980
I,2026-04-01T00:00:00Z,RD-004411,OP-001,Elin,Andersson,elin.andersson373@outlook.com,CTY-LYO,FR,2024-10-30,PLAN-PAYG,true,active,1997
I,2026-04-01T00:00:00Z,RD-004412,OP-001,Joan,Ferrer,joan.ferrer920@mail.com,CTY-LYO,FR,2025-09-24,PLAN-TOURIST,false,active,1981
I,2026-04-01T00:00:00Z,RD-004413,OP-001,Emil,Andersson,emil.andersson934@gmx.de,CTY-LYO,FR,2025-03-10,PLAN-PAYG,false,active,2006
I,2026-04-01T00:00:00Z,RD-004414,OP-001,Aina,Haddad,aina.haddad645@mail.com,CTY-LYO,FR,2025-02-26,PLAN-PAYG,true,active,1998
I,2026-04-01T00:00:00Z,RD-004415,OP-001,Ines,Serra,ines.serra661@outlook.com,CTY-LYO,FR,2024-02-28,PLAN-PAYG,false,active,2004
I,2026-04-01T00:00:00Z,RD-004417,OP-001,Emil,Ferrer,emil.ferrer172@correo.es,CTY-LYO,FR,2024-01-14,PLAN-PAYG,false,active,1982
I,2026-04-01T00:00:00Z,RD-004418,OP-001,Omar,Andersson,omar.andersson193@gmx.de,CTY-LYO,FR,2024-03-23,PLAN-COMMUTE,false,active,1988
I,2026-04-01T00:00:00Z,RD-004419,OP-001,Hugo,Serra,hugo.serra355@gmx.de,CTY-LYO,FR,2025-08-12,PLAN-UNLIMITED,false,active,1985
I,2026-04-01T00:00:00Z,RD-004420,OP-001,Sofia,Kowalski,sofia.kowalski254@proton.me,CTY-LYO,FR,2025-02-01,PLAN-COMMUTE,false,active,1997
I,2026-04-01T00:00:00Z,RD-004421,OP-001,Sofia,Roux,sofia.roux457@correo.es,CTY-LYO,FR,2024-04-26,PLAN-COMMUTE,true,active,2001
I,2026-04-01T00:00:00Z,RD-004422,OP-001,Thomas,Almeida,thomas.almeida27@outlook.com,CTY-LYO,FR,2024-04-15,PLAN-PAYG,false,active,2003
I,2026-04-01T00:00:00Z,RD-004423,OP-001,Louis,Costa,louis.costa140@mail.com,CTY-LYO,FR,2024-04-21,PLAN-COMMUTE,false,active,1980
I,2026-04-01T00:00:00Z,RD-004425,OP-001,Yasmin,Costa,yasmin.costa921@mail.com,CTY-LYO,FR,2024-12-04,PLAN-PAYG,false,active,1965
I,2026-04-01T00:00:00Z,RD-004427,OP-001,Astrid,Garcia,astrid.garcia906@correo.es,CTY-LYO,FR,2025-08-15,PLAN-PAYG,true,active,1962
I,2026-04-01T00:00:00Z,RD-004428,OP-001,Aina,Bernard,aina.bernard784@mail.com,CTY-LYO,FR,2024-12-08,PLAN-PAYG,true,active,1982
I,2026-04-01T00:00:00Z,RD-004429,OP-001,Louis,Silva,louis.silva191@outlook.com,CTY-LYO,FR,2024-09-09,PLAN-COMMUTE,false,active,1998
I,2026-04-01T00:00:00Z,RD-004430,OP-001,Pablo,Roux,pablo.roux882@outlook.com,CTY-LYO,FR,2024-05-05,PLAN-COMMUTE,true,active,1984
I,2026-04-01T00:00:00Z,RD-004432,OP-001,Marta,Pereira,marta.pereira752@outlook.com,CTY-LYO,FR,2024-01-16,PLAN-PAYG,true,active,1976
I,2026-04-01T00:00:00Z,RD-004433,OP-001,Tiago,Bernard,tiago.bernard756@proton.me,CTY-LYO,FR,2024-04-17,PLAN-COMMUTE,false,active,1987
I,2026-04-01T00:00:00Z,RD-004435,OP-001,Elin,Garcia,elin.garcia593@proton.me,CTY-LYO,FR,2024-04-13,PLAN-PAYG,false,active,1993
I,2026-04-01T00:00:00Z,RD-004436,OP-001,Diego,Weber,diego.weber285@mail.com,CTY-LYO,FR,2025-12-24,PLAN-UNLIMITED,true,active,1981
I,2026-04-01T00:00:00Z,RD-004437,OP-001,Ivan,Bernard,ivan.bernard483@correo.es,CTY-LYO,FR,2025-03-20,PLAN-PAYG,false,active,1977
I,2026-04-01T00:00:00Z,RD-004438,OP-001,Pablo,Weber,pablo.weber326@gmx.de,CTY-LYO,FR,2025-10-10,PLAN-PAYG,false,active,2000
I,2026-04-01T00:00:00Z,RD-004439,OP-001,Elin,Benali,elin.benali168@outlook.com,CTY-LYO,FR,2025-10-01,PLAN-PAYG,false,active,1976
I,2026-04-01T00:00:00Z,RD-004440,OP-001,Hugo,Rossi,hugo.rossi987@gmx.de,CTY-LYO,FR,2024-06-20,PLAN-CORP,false,active,1964
I,2026-04-01T00:00:00Z,RD-004441,OP-001,Nora,Kowalski,nora.kowalski81@outlook.com,CTY-LYO,FR,2025-09-22,PLAN-COMMUTE,true,active,1982
I,2026-04-01T00:00:00Z,RD-004442,OP-001,Nils,Almeida,nils.almeida826@mail.com,CTY-LYO,FR,2025-11-30,PLAN-UNLIMITED,false,active,1966
I,2026-04-01T00:00:00Z,RD-004443,OP-001,Louis,Lindqvist,louis.lindqvist915@proton.me,CTY-LYO,FR,2024-01-22,PLAN-PAYG,true,active,1971
I,2026-04-01T00:00:00Z,RD-004444,OP-001,Beatriz,Weber,beatriz.weber831@outlook.com,CTY-LYO,FR,2025-01-28,PLAN-PAYG,false,active,1964
I,2026-04-01T00:00:00Z,RD-004445,OP-001,Omar,Costa,omar.costa89@outlook.com,CTY-LYO,FR,2025-10-04,PLAN-PAYG,true,active,1972
I,2026-04-01T00:00:00Z,RD-004446,OP-001,Louis,Berg,louis.berg439@correo.es,CTY-LYO,FR,2024-08-31,PLAN-PAYG,true,active,1991
I,2026-04-01T00:00:00Z,RD-004447,OP-001,Ivan,Roux,ivan.roux994@mail.com,CTY-LYO,FR,2024-08-11,PLAN-PAYG,false,active,1974
I,2026-04-01T00:00:00Z,RD-004449,OP-001,Aina,Pereira,aina.pereira759@gmx.de,CTY-LYO,FR,2024-04-21,PLAN-PAYG,true,active,1963
I,2026-04-01T00:00:00Z,RD-004450,OP-001,Astrid,Andersson,astrid.andersson494@correo.es,CTY-LYO,FR,2025-07-05,PLAN-COMMUTE,false,active,1969
I,2026-04-01T00:00:00Z,RD-004451,OP-001,Sofia,Silva,sofia.silva957@proton.me,CTY-LYO,FR,2026-03-23,PLAN-UNLIMITED,false,active,1974
I,2026-04-01T00:00:00Z,RD-004452,OP-001,Lucia,Novak,lucia.novak525@outlook.com,CTY-LYO,FR,2025-02-09,PLAN-PAYG,true,active,1987
I,2026-04-01T00:00:00Z,RD-004453,OP-001,Freja,Lindqvist,freja.lindqvist20@mail.com,CTY-LYO,FR,2026-01-13,PLAN-PAYG,false,active,1976
I,2026-04-01T00:00:00Z,RD-004454,OP-001,Tiago,Andersson,tiago.andersson561@gmx.de,CTY-LYO,FR,2024-11-01,PLAN-PAYG,true,active,1987
I,2026-04-01T00:00:00Z,RD-004455,OP-001,Oskar,Pereira,oskar.pereira992@mail.com,CTY-LYO,FR,2025-06-26,PLAN-UNLIMITED,false,active,1966
I,2026-04-01T00:00:00Z,RD-004456,OP-001,Ines,Kowalski,ines.kowalski973@correo.es,CTY-LYO,FR,2026-02-08,PLAN-PAYG,false,active,2007
I,2026-04-01T00:00:00Z,RD-004457,OP-001,Hugo,Roux,hugo.roux443@mail.com,CTY-LYO,FR,2024-06-23,PLAN-PAYG,false,active,2006
I,2026-04-01T00:00:00Z,RD-004459,OP-001,Lucia,Berg,lucia.berg96@outlook.com,CTY-LYO,FR,2025-12-07,PLAN-PAYG,false,active,1970
I,2026-04-01T00:00:00Z,RD-004460,OP-001,Manon,Vidal,manon.vidal533@mail.com,CTY-LYO,FR,2024-07-25,PLAN-PAYG,true,active,2003
I,2026-04-01T00:00:00Z,RD-004461,OP-001,Ivan,Garcia,ivan.garcia538@correo.es,CTY-LYO,FR,2025-10-19,PLAN-PAYG,true,active,2003
I,2026-04-01T00:00:00Z,RD-004462,OP-001,Lucia,Almeida,lucia.almeida262@outlook.com,CTY-LYO,FR,2025-02-26,PLAN-PAYG,false,active,1974
I,2026-04-01T00:00:00Z,RD-004463,OP-001,Tiago,Rossi,tiago.rossi830@mail.com,CTY-LYO,FR,2025-07-22,PLAN-PAYG,true,active,2008
I,2026-04-01T00:00:00Z,RD-004464,OP-001,Emil,Novak,emil.novak166@proton.me,CTY-LYO,FR,2025-12-16,PLAN-STUDENT,true,active,1997
I,2026-04-01T00:00:00Z,RD-004465,OP-001,Lucia,Costa,lucia.costa675@outlook.com,CTY-LYO,FR,2024-07-31,PLAN-PAYG,true,active,1964
I,2026-04-01T00:00:00Z,RD-004466,OP-001,Omar,Serra,omar.serra499@mail.com,CTY-LYO,FR,2025-02-11,PLAN-PAYG,true,active,1977
I,2026-04-01T00:00:00Z,RD-004467,OP-001,Ines,Nilsson,ines.nilsson485@outlook.com,CTY-LYO,FR,2026-01-13,PLAN-PAYG,true,active,1971
I,2026-04-01T00:00:00Z,RD-004468,OP-001,Ines,Martin,ines.martin484@correo.es,CTY-LYO,FR,2024-01-15,PLAN-PAYG,false,active,1995
I,2026-04-01T00:00:00Z,RD-004469,OP-001,Ines,Lopez,ines.lopez32@correo.es,CTY-LYO,FR,2025-12-12,PLAN-COMMUTE,false,active,1992
I,2026-04-01T00:00:00Z,RD-004470,OP-001,Tiago,Lopez,tiago.lopez686@correo.es,CTY-LYO,FR,2025-06-06,PLAN-PAYG,true,active,2000
I,2026-04-01T00:00:00Z,RD-004471,OP-001,Camille,Roux,camille.roux581@correo.es,CTY-LYO,FR,2025-10-11,PLAN-CORP,true,active,1997
I,2026-04-01T00:00:00Z,RD-004472,OP-001,Nadia,Vidal,nadia.vidal189@proton.me,CTY-LYO,FR,2026-03-22,PLAN-COMMUTE,true,active,1979
I,2026-04-01T00:00:00Z,RD-004473,OP-001,Nils,Haddad,nils.haddad325@correo.es,CTY-LYO,FR,2025-08-30,PLAN-STUDENT,false,active,1999
I,2026-04-01T00:00:00Z,RD-004474,OP-001,Ines,Conti,ines.conti179@mail.com,CTY-LYO,FR,2026-03-05,PLAN-PAYG,false,active,1994
I,2026-04-01T00:00:00Z,RD-004475,OP-001,Nils,Moreno,nils.moreno349@proton.me,CTY-LYO,FR,2024-03-28,PLAN-STUDENT,true,active,1976
I,2026-04-01T00:00:00Z,RD-004476,OP-001,Joan,Rossi,joan.rossi31@mail.com,CTY-LYO,FR,2025-07-19,PLAN-COMMUTE,false,active,1986
I,2026-04-01T00:00:00Z,RD-004477,OP-001,Emil,Ferrer,emil.ferrer721@mail.com,CTY-LYO,FR,2024-10-10,PLAN-UNLIMITED,true,active,1978
I,2026-04-01T00:00:00Z,RD-004479,OP-001,Aina,Nilsson,aina.nilsson516@gmx.de,CTY-LYO,FR,2024-11-10,PLAN-PAYG,true,active,1990
I,2026-04-01T00:00:00Z,RD-004480,OP-001,Tiago,Novak,tiago.novak720@mail.com,CTY-LYO,FR,2025-03-11,PLAN-PAYG,true,active,1970
I,2026-04-01T00:00:00Z,RD-004481,OP-001,Antoine,Dubois,antoine.dubois26@proton.me,CTY-LYO,FR,2025-02-21,PLAN-TOURIST,true,active,2001
I,2026-04-01T00:00:00Z,RD-004482,OP-001,Nadia,Novak,nadia.novak68@correo.es,CTY-LYO,FR,2025-10-17,PLAN-PAYG,true,active,1989
I,2026-04-01T00:00:00Z,RD-004483,OP-001,Oskar,Weber,oskar.weber715@proton.me,CTY-LYO,FR,2024-03-17,PLAN-COMMUTE,false,active,2003
I,2026-04-01T00:00:00Z,RD-004484,OP-001,Ivan,Pereira,ivan.pereira250@correo.es,CTY-LYO,FR,2025-12-26,PLAN-PAYG,false,active,1988
I,2026-04-01T00:00:00Z,RD-004485,OP-001,Manon,Lopez,manon.lopez279@gmx.de,CTY-LYO,FR,2025-06-03,PLAN-PAYG,false,active,1990
I,2026-04-01T00:00:00Z,RD-004486,OP-001,Emil,Rossi,emil.rossi371@outlook.com,CTY-LYO,FR,2025-06-21,PLAN-PAYG,false,active,1983
I,2026-04-01T00:00:00Z,RD-004487,OP-001,Ines,Lindqvist,ines.lindqvist997@outlook.com,CTY-LYO,FR,2025-07-02,PLAN-UNLIMITED,true,active,1990
I,2026-04-01T00:00:00Z,RD-004488,OP-001,Diego,Nilsson,diego.nilsson926@correo.es,CTY-LYO,FR,2025-08-02,PLAN-PAYG,false,active,1964
I,2026-04-01T00:00:00Z,RD-004489,OP-001,Diego,Vidal,diego.vidal5@correo.es,CTY-LYO,FR,2024-11-28,PLAN-PAYG,false,active,1993
I,2026-04-01T00:00:00Z,RD-004490,OP-001,Camille,Ferrer,camille.ferrer832@outlook.com,CTY-LYO,FR,2025-05-05,PLAN-PAYG,false,active,1999
I,2026-04-01T00:00:00Z,RD-004491,OP-001,Tiago,Roux,tiago.roux778@mail.com,CTY-LYO,FR,2025-02-11,PLAN-COMMUTE,true,active,1990
I,2026-04-01T00:00:00Z,RD-004492,OP-001,Thomas,Pereira,thomas.pereira604@gmx.de,CTY-LYO,FR,2024-06-14,PLAN-PAYG,true,active,1981
I,2026-04-01T00:00:00Z,RD-004493,OP-001,Nora,Martin,nora.martin161@proton.me,CTY-LYO,FR,2025-10-02,PLAN-COMMUTE,true,active,1994
I,2026-04-01T00:00:00Z,RD-004495,OP-001,Yasmin,Haddad,yasmin.haddad888@proton.me,CTY-LYO,FR,2024-01-04,PLAN-UNLIMITED,true,active,2001
I,2026-04-01T00:00:00Z,RD-004496,OP-001,Antoine,Andersson,antoine.andersson131@outlook.com,CTY-LYO,FR,2024-08-28,PLAN-PAYG,true,active,2005
I,2026-04-01T00:00:00Z,RD-004497,OP-001,Emil,Fischer,emil.fischer186@gmx.de,CTY-LYO,FR,2024-10-24,PLAN-UNLIMITED,true,active,1987
I,2026-04-01T00:00:00Z,RD-004498,OP-001,Oskar,Dubois,oskar.dubois487@gmx.de,CTY-LYO,FR,2024-11-23,PLAN-PAYG,true,active,2002
I,2026-04-01T00:00:00Z,RD-004499,OP-001,Aina,Roux,aina.roux702@proton.me,CTY-LYO,FR,2024-01-12,PLAN-COMMUTE,true,active,1983
I,2026-04-01T00:00:00Z,RD-004500,OP-001,Freja,Ferrer,freja.ferrer323@proton.me,CTY-LYO,FR,2024-12-11,PLAN-PAYG,false,active,1969
I,2026-04-01T00:00:00Z,RD-004501,OP-001,Joan,Haddad,joan.haddad30@proton.me,CTY-LYO,FR,2026-03-08,PLAN-UNLIMITED,true,active,1988
I,2026-04-01T00:00:00Z,RD-004502,OP-001,Nadia,Fischer,nadia.fischer676@gmx.de,CTY-LYO,FR,2024-03-09,PLAN-PAYG,true,active,1990
I,2026-04-01T00:00:00Z,RD-004503,OP-001,Freja,Almeida,freja.almeida169@gmx.de,CTY-LYO,FR,2025-12-10,PLAN-PAYG,false,active,1986
I,2026-04-01T00:00:00Z,RD-004504,OP-001,Rui,Dubois,rui.dubois523@mail.com,CTY-LYO,FR,2024-04-03,PLAN-PAYG,true,active,2006
I,2026-04-01T00:00:00Z,RD-004505,OP-001,Nadia,Almeida,nadia.almeida337@proton.me,CTY-LYO,FR,2025-04-07,PLAN-PAYG,false,active,1978
I,2026-04-01T00:00:00Z,RD-004506,OP-001,Freja,Fischer,freja.fischer196@gmx.de,CTY-LYO,FR,2025-07-23,PLAN-COMMUTE,true,active,1988
I,2026-04-01T00:00:00Z,RD-004508,OP-001,Chloe,Haddad,chloe.haddad410@proton.me,CTY-LYO,FR,2025-08-25,PLAN-COMMUTE,true,active,1994
I,2026-04-01T00:00:00Z,RD-004509,OP-001,Astrid,Weber,astrid.weber38@gmx.de,CTY-LYO,FR,2025-07-23,PLAN-PAYG,true,active,1974
I,2026-04-01T00:00:00Z,RD-004510,OP-001,Nils,Lindqvist,nils.lindqvist456@gmx.de,CTY-LYO,FR,2025-06-23,PLAN-PAYG,true,active,1986
I,2026-04-01T00:00:00Z,RD-004512,OP-001,Camille,Conti,camille.conti901@mail.com,CTY-LYO,FR,2024-08-01,PLAN-COMMUTE,false,active,1980
I,2026-04-01T00:00:00Z,RD-004513,OP-001,Nora,Lopez,nora.lopez811@correo.es,CTY-LYO,FR,2024-03-27,PLAN-PAYG,false,active,1983
I,2026-04-01T00:00:00Z,RD-004514,OP-001,Yasmin,Dubois,yasmin.dubois32@mail.com,CTY-LYO,FR,2025-09-02,PLAN-PAYG,false,active,1987
I,2026-04-01T00:00:00Z,RD-004515,OP-001,Freja,Fischer,freja.fischer571@proton.me,CTY-LYO,FR,2026-02-12,PLAN-PAYG,true,active,1965
I,2026-04-01T00:00:00Z,RD-004516,OP-001,Freja,Novak,freja.novak357@proton.me,CTY-LYO,FR,2025-03-05,PLAN-UNLIMITED,true,active,1990
I,2026-04-01T00:00:00Z,RD-004517,OP-001,Chloe,Lopez,chloe.lopez112@mail.com,CTY-LYO,FR,2025-01-14,PLAN-PAYG,true,active,1987
I,2026-04-01T00:00:00Z,RD-004518,OP-001,Emil,Dubois,emil.dubois499@outlook.com,CTY-LYO,FR,2025-01-23,PLAN-PAYG,true,active,1970
I,2026-04-01T00:00:00Z,RD-004519,OP-001,Thomas,Vidal,thomas.vidal393@proton.me,CTY-LYO,FR,2025-09-07,PLAN-PAYG,true,active,1999
I,2026-04-01T00:00:00Z,RD-004520,OP-001,Nils,Martin,nils.martin463@outlook.com,CTY-LYO,FR,2026-03-09,PLAN-TOURIST,true,active,1963
I,2026-04-01T00:00:00Z,RD-004521,OP-001,Yasmin,Benali,yasmin.benali687@mail.com,CTY-LYO,FR,2024-09-27,PLAN-UNLIMITED,false,active,1981
I,2026-04-01T00:00:00Z,RD-004522,OP-001,Nora,Roux,nora.roux142@proton.me,CTY-LYO,FR,2025-06-25,PLAN-STUDENT,false,active,1987
I,2026-04-01T00:00:00Z,RD-004523,OP-001,Beatriz,Berg,beatriz.berg692@proton.me,CTY-LYO,FR,2024-08-29,PLAN-PAYG,false,active,1996
I,2026-04-01T00:00:00Z,RD-004524,OP-001,Ines,Pereira,ines.pereira598@proton.me,CTY-LYO,FR,2025-09-10,PLAN-COMMUTE,true,active,1995
I,2026-04-01T00:00:00Z,RD-004525,OP-001,Manon,Martin,manon.martin579@mail.com,CTY-LYO,FR,2024-08-25,PLAN-TOURIST,false,active,1969
I,2026-04-01T00:00:00Z,RD-004526,OP-001,Tiago,Rossi,tiago.rossi40@outlook.com,CTY-LYO,FR,2025-08-21,PLAN-PAYG,true,active,2005
I,2026-04-01T00:00:00Z,RD-004527,OP-001,Diego,Fischer,diego.fischer286@correo.es,CTY-LYO,FR,2025-04-22,PLAN-PAYG,false,active,1970
I,2026-04-01T00:00:00Z,RD-004528,OP-001,Oskar,Nilsson,oskar.nilsson155@proton.me,CTY-LYO,FR,2026-01-13,PLAN-COMMUTE,true,active,1965
I,2026-04-01T00:00:00Z,RD-004531,OP-001,Antoine,Garcia,antoine.garcia173@outlook.com,CTY-LYO,FR,2025-07-13,PLAN-CORP,true,active,1976
I,2026-04-01T00:00:00Z,RD-004532,OP-001,Elin,Pereira,elin.pereira624@mail.com,CTY-LYO,FR,2025-09-04,PLAN-COMMUTE,true,active,1997
I,2026-04-01T00:00:00Z,RD-004533,OP-001,Camille,Novak,camille.novak492@proton.me,CTY-LYO,FR,2025-05-21,PLAN-PAYG,false,active,1984
I,2026-04-01T00:00:00Z,RD-004534,OP-001,Marta,Moreno,marta.moreno689@outlook.com,CTY-LYO,FR,2025-10-31,PLAN-PAYG,true,active,1982
I,2026-04-01T00:00:00Z,RD-004535,OP-001,Freja,Dubois,freja.dubois709@gmx.de,CTY-LYO,FR,2025-05-04,PLAN-COMMUTE,false,active,1977
I,2026-04-01T00:00:00Z,RD-004536,OP-001,Lucia,Weber,lucia.weber494@mail.com,CTY-LYO,FR,2026-03-07,PLAN-PAYG,true,active,1988
I,2026-04-01T00:00:00Z,RD-004537,OP-001,Nils,Conti,nils.conti872@outlook.com,CTY-LYO,FR,2026-02-22,PLAN-PAYG,false,active,1976
I,2026-04-01T00:00:00Z,RD-004538,OP-001,Antoine,Lindqvist,antoine.lindqvist213@outlook.com,CTY-LYO,FR,2025-02-05,PLAN-PAYG,true,active,1974
I,2026-04-01T00:00:00Z,RD-004539,OP-001,Aina,Conti,aina.conti311@outlook.com,CTY-LYO,FR,2024-05-12,PLAN-PAYG,false,active,1963
I,2026-04-01T00:00:00Z,RD-004540,OP-001,Rui,Berg,rui.berg829@gmx.de,CTY-LYO,FR,2025-01-10,PLAN-COMMUTE,false,active,1963
I,2026-04-01T00:00:00Z,RD-004541,OP-001,Manon,Silva,manon.silva276@correo.es,CTY-LYO,FR,2024-10-31,PLAN-STUDENT,false,active,1980
I,2026-04-01T00:00:00Z,RD-004542,OP-001,Pablo,Vidal,pablo.vidal390@correo.es,CTY-LYO,FR,2025-04-21,PLAN-PAYG,true,active,1966
I,2026-04-01T00:00:00Z,RD-004543,OP-001,Chloe,Serra,chloe.serra256@gmx.de,CTY-LYO,FR,2025-09-22,PLAN-UNLIMITED,true,active,1996
I,2026-04-01T00:00:00Z,RD-004544,OP-001,Marta,Garcia,marta.garcia167@mail.com,CTY-LYO,FR,2025-08-26,PLAN-PAYG,false,active,1982
I,2026-04-01T00:00:00Z,RD-004545,OP-001,Marta,Nilsson,marta.nilsson538@proton.me,CTY-LYO,FR,2025-02-12,PLAN-COMMUTE,true,active,1964
I,2026-04-01T00:00:00Z,RD-004547,OP-001,Antoine,Nilsson,antoine.nilsson914@mail.com,CTY-LYO,FR,2024-10-05,PLAN-UNLIMITED,false,active,1982
I,2026-04-01T00:00:00Z,RD-004548,OP-001,Ines,Rossi,ines.rossi149@proton.me,CTY-LYO,FR,2026-03-31,PLAN-PAYG,false,active,1967
I,2026-04-01T00:00:00Z,RD-004549,OP-001,Camille,Fischer,camille.fischer834@outlook.com,CTY-LYO,FR,2025-04-04,PLAN-COMMUTE,true,active,1977
I,2026-04-01T00:00:00Z,RD-004550,OP-001,Ivan,Lindqvist,ivan.lindqvist962@outlook.com,CTY-LYO,FR,2025-03-22,PLAN-PAYG,true,active,1963
I,2026-04-01T00:00:00Z,RD-004551,OP-001,Lucia,Roux,lucia.roux329@proton.me,CTY-LYO,FR,2026-03-26,PLAN-PAYG,false,active,1967
I,2026-04-01T00:00:00Z,RD-004552,OP-001,Nils,Rossi,nils.rossi906@outlook.com,CTY-LYO,FR,2024-06-28,PLAN-STUDENT,false,active,1965
I,2026-04-01T00:00:00Z,RD-004553,OP-001,Thomas,Pereira,thomas.pereira219@mail.com,CTY-LYO,FR,2024-01-15,PLAN-PAYG,true,active,2002
I,2026-04-01T00:00:00Z,RD-004554,OP-001,Camille,Martin,camille.martin185@proton.me,CTY-LYO,FR,2025-11-15,PLAN-PAYG,true,active,1975
I,2026-04-01T00:00:00Z,RD-004555,OP-001,Sofia,Novak,sofia.novak718@gmx.de,CTY-LYO,FR,2025-01-13,PLAN-PAYG,true,active,1970
I,2026-04-01T00:00:00Z,RD-004556,OP-001,Yasmin,Kowalski,yasmin.kowalski780@outlook.com,CTY-LYO,FR,2024-08-13,PLAN-PAYG,false,active,1991
I,2026-04-01T00:00:00Z,RD-004557,OP-001,Louis,Serra,louis.serra692@mail.com,CTY-LYO,FR,2024-11-05,PLAN-PAYG,true,active,2007
I,2026-04-01T00:00:00Z,RD-004558,OP-001,Ines,Benali,ines.benali696@correo.es,CTY-LYO,FR,2024-11-03,PLAN-STUDENT,true,active,1983
I,2026-04-01T00:00:00Z,RD-004559,OP-001,Nadia,Novak,nadia.novak352@proton.me,CTY-LYO,FR,2024-07-03,PLAN-PAYG,false,active,2003
I,2026-04-01T00:00:00Z,RD-004560,OP-001,Marta,Martin,marta.martin87@correo.es,CTY-LYO,FR,2025-06-07,PLAN-COMMUTE,false,active,2007
I,2026-04-01T00:00:00Z,RD-004561,OP-001,Astrid,Fischer,astrid.fischer251@gmx.de,CTY-LYO,FR,2024-03-15,PLAN-COMMUTE,false,active,2005
I,2026-04-01T00:00:00Z,RD-004563,OP-001,Sofia,Ferrer,sofia.ferrer957@gmx.de,CTY-LYO,FR,2025-11-18,PLAN-COMMUTE,false,active,2007
I,2026-04-01T00:00:00Z,RD-004564,OP-001,Oskar,Lopez,oskar.lopez632@mail.com,CTY-LYO,FR,2025-02-15,PLAN-COMMUTE,false,active,1968
I,2026-04-01T00:00:00Z,RD-004565,OP-001,Pablo,Benali,pablo.benali358@outlook.com,CTY-LYO,FR,2026-01-09,PLAN-PAYG,false,active,1971
I,2026-04-01T00:00:00Z,RD-004566,OP-001,Elin,Lindqvist,elin.lindqvist122@gmx.de,CTY-LYO,FR,2024-08-25,PLAN-PAYG,false,active,1981
I,2026-04-01T00:00:00Z,RD-004567,OP-001,Ivan,Weber,ivan.weber278@correo.es,CTY-LYO,FR,2024-09-13,PLAN-PAYG,false,active,1978
I,2026-04-01T00:00:00Z,RD-004568,OP-001,Louis,Garcia,louis.garcia799@correo.es,CTY-LYO,FR,2024-06-17,PLAN-PAYG,false,active,1965
I,2026-04-01T00:00:00Z,RD-004569,OP-001,Emil,Roux,emil.roux902@gmx.de,CTY-LYO,FR,2024-01-16,PLAN-COMMUTE,true,active,1964
I,2026-04-01T00:00:00Z,RD-004570,OP-001,Ivan,Weber,ivan.weber782@correo.es,CTY-LYO,FR,2026-01-18,PLAN-CORP,true,active,1986
I,2026-04-01T00:00:00Z,RD-004571,OP-001,Aina,Garcia,aina.garcia374@gmx.de,CTY-LYO,FR,2025-11-28,PLAN-COMMUTE,false,active,1971
I,2026-04-01T00:00:00Z,RD-004572,OP-001,Nadia,Bernard,nadia.bernard381@proton.me,CTY-LYO,FR,2025-05-24,PLAN-STUDENT,false,active,1996
I,2026-04-01T00:00:00Z,RD-004574,OP-001,Lucia,Garcia,lucia.garcia82@outlook.com,CTY-LYO,FR,2024-12-25,PLAN-PAYG,false,active,1990
I,2026-04-01T00:00:00Z,RD-004575,OP-001,Tiago,Dubois,tiago.dubois805@outlook.com,CTY-LYO,FR,2024-07-10,PLAN-UNLIMITED,true,active,2005
I,2026-04-01T00:00:00Z,RD-004576,OP-001,Karim,Haddad,karim.haddad744@outlook.com,CTY-LYO,FR,2024-07-03,PLAN-PAYG,false,active,1995
I,2026-04-01T00:00:00Z,RD-004577,OP-001,Nora,Garcia,nora.garcia575@outlook.com,CTY-LYO,FR,2024-03-13,PLAN-COMMUTE,false,active,2002
I,2026-04-01T00:00:00Z,RD-004578,OP-001,Camille,Haddad,camille.haddad536@gmx.de,CTY-LYO,FR,2025-11-27,PLAN-PAYG,true,active,1990
I,2026-04-01T00:00:00Z,RD-004579,OP-001,Manon,Nilsson,manon.nilsson162@gmx.de,CTY-LYO,FR,2025-03-05,PLAN-COMMUTE,false,active,2002
I,2026-04-01T00:00:00Z,RD-004580,OP-001,Astrid,Garcia,astrid.garcia459@mail.com,CTY-LYO,FR,2024-06-09,PLAN-UNLIMITED,false,active,1984
I,2026-04-01T00:00:00Z,RD-004581,OP-001,Ines,Dubois,ines.dubois814@outlook.com,CTY-LYO,FR,2024-02-24,PLAN-PAYG,true,active,2004
I,2026-04-01T00:00:00Z,RD-004582,OP-001,Aina,Ferrer,aina.ferrer929@correo.es,CTY-LYO,FR,2025-11-09,PLAN-PAYG,false,active,1999
I,2026-04-01T00:00:00Z,RD-004583,OP-001,Omar,Ferrer,omar.ferrer214@outlook.com,CTY-LYO,FR,2024-10-21,PLAN-PAYG,false,active,1978
I,2026-04-01T00:00:00Z,RD-004584,OP-001,Omar,Roux,omar.roux195@outlook.com,CTY-LYO,FR,2025-05-21,PLAN-PAYG,true,active,1981
I,2026-04-01T00:00:00Z,RD-004585,OP-001,Camille,Fischer,camille.fischer276@mail.com,CTY-LYO,FR,2026-03-08,PLAN-COMMUTE,true,active,2002
I,2026-04-01T00:00:00Z,RD-004586,OP-001,Pablo,Haddad,pablo.haddad669@outlook.com,CTY-LYO,FR,2025-07-08,PLAN-COMMUTE,true,active,1969
I,2026-04-01T00:00:00Z,RD-004587,OP-001,Lucia,Serra,lucia.serra776@proton.me,CTY-LYO,FR,2024-07-19,PLAN-PAYG,true,active,2001
I,2026-04-01T00:00:00Z,RD-004588,OP-001,Louis,Novak,louis.novak634@gmx.de,CTY-LYO,FR,2025-02-08,PLAN-UNLIMITED,false,active,1967
I,2026-04-01T00:00:00Z,RD-004589,OP-001,Camille,Weber,camille.weber679@proton.me,CTY-LYO,FR,2025-03-01,PLAN-PAYG,true,active,1963
I,2026-04-01T00:00:00Z,RD-004590,OP-001,Emil,Rossi,emil.rossi188@proton.me,CTY-LYO,FR,2024-12-20,PLAN-PAYG,false,active,1970
I,2026-04-01T00:00:00Z,RD-004591,OP-001,Chloe,Rossi,chloe.rossi109@correo.es,CTY-LYO,FR,2024-09-10,PLAN-PAYG,true,active,1966
I,2026-04-01T00:00:00Z,RD-004593,OP-001,Beatriz,Ferrer,beatriz.ferrer303@mail.com,CTY-LYO,FR,2025-05-19,PLAN-STUDENT,false,active,1986
I,2026-04-01T00:00:00Z,RD-004594,OP-001,Chloe,Rossi,chloe.rossi564@proton.me,CTY-LYO,FR,2024-02-08,PLAN-PAYG,false,active,1971
I,2026-04-01T00:00:00Z,RD-004595,OP-001,Tiago,Kowalski,tiago.kowalski503@correo.es,CTY-LYO,FR,2025-02-11,PLAN-PAYG,false,active,1986
I,2026-04-01T00:00:00Z,RD-004596,OP-001,Yasmin,Conti,yasmin.conti486@mail.com,CTY-LYO,FR,2024-10-14,PLAN-PAYG,true,active,1987
I,2026-04-01T00:00:00Z,RD-004597,OP-001,Joan,Pereira,joan.pereira243@proton.me,CTY-LYO,FR,2025-10-21,PLAN-UNLIMITED,true,active,1966
I,2026-04-01T00:00:00Z,RD-004598,OP-001,Sofia,Moreno,sofia.moreno62@proton.me,CTY-LYO,FR,2024-02-10,PLAN-PAYG,true,active,1994
I,2026-04-01T00:00:00Z,RD-004600,OP-001,Pablo,Dubois,pablo.dubois786@proton.me,CTY-LYO,FR,2024-12-19,PLAN-PAYG,false,active,1983
I,2026-04-01T00:00:00Z,RD-004601,OP-001,Tiago,Novak,tiago.novak374@proton.me,CTY-LYO,FR,2026-02-13,PLAN-COMMUTE,true,active,2008
I,2026-04-01T00:00:00Z,RD-004605,OP-001,Marta,Nilsson,marta.nilsson199@gmx.de,CTY-LYO,FR,2024-08-07,PLAN-UNLIMITED,true,active,1978
I,2026-04-01T00:00:00Z,RD-004606,OP-001,Rui,Roux,rui.roux475@mail.com,CTY-LYO,FR,2026-03-17,PLAN-PAYG,true,active,1987
I,2026-04-01T00:00:00Z,RD-004607,OP-001,Manon,Dubois,manon.dubois458@gmx.de,CTY-LYO,FR,2024-09-25,PLAN-PAYG,false,active,1980
I,2026-04-01T00:00:00Z,RD-004608,OP-001,Antoine,Rossi,antoine.rossi216@outlook.com,CTY-LYO,FR,2025-03-10,PLAN-PAYG,true,active,1968
I,2026-04-01T00:00:00Z,RD-004609,OP-001,Emil,Vidal,emil.vidal208@mail.com,CTY-LYO,FR,2025-10-11,PLAN-PAYG,false,active,1994
I,2026-04-01T00:00:00Z,RD-004610,OP-001,Hugo,Lopez,hugo.lopez398@correo.es,CTY-LYO,FR,2024-06-28,PLAN-COMMUTE,true,active,1996
I,2026-04-01T00:00:00Z,RD-004611,OP-001,Manon,Ferrer,manon.ferrer941@gmx.de,CTY-LYO,FR,2026-02-05,PLAN-PAYG,true,active,1996
I,2026-04-01T00:00:00Z,RD-004612,OP-001,Nadia,Rossi,nadia.rossi902@mail.com,CTY-LYO,FR,2025-03-15,PLAN-PAYG,false,active,1994
I,2026-04-01T00:00:00Z,RD-004614,OP-001,Yasmin,Weber,yasmin.weber130@mail.com,CTY-LYO,FR,2025-05-10,PLAN-PAYG,false,active,1968
I,2026-04-01T00:00:00Z,RD-004615,OP-001,Chloe,Almeida,chloe.almeida579@outlook.com,CTY-LYO,FR,2024-01-01,PLAN-UNLIMITED,false,active,1988
I,2026-04-01T00:00:00Z,RD-004616,OP-001,Nadia,Pereira,nadia.pereira132@mail.com,CTY-LYO,FR,2025-01-11,PLAN-PAYG,false,active,1992
I,2026-04-01T00:00:00Z,RD-004617,OP-001,Nora,Novak,nora.novak13@proton.me,CTY-LYO,FR,2024-03-15,PLAN-COMMUTE,false,active,1996
I,2026-04-01T00:00:00Z,RD-004618,OP-001,Nils,Bernard,nils.bernard430@gmx.de,CTY-LYO,FR,2024-10-07,PLAN-PAYG,false,active,1977
I,2026-04-01T00:00:00Z,RD-004619,OP-001,Oskar,Benali,oskar.benali563@outlook.com,CTY-LYO,FR,2025-03-13,PLAN-PAYG,false,active,1980
I,2026-04-01T00:00:00Z,RD-004620,OP-001,Hugo,Silva,hugo.silva455@proton.me,CTY-LYO,FR,2025-04-15,PLAN-PAYG,false,active,2007
I,2026-04-01T00:00:00Z,RD-004621,OP-001,Emil,Fischer,emil.fischer850@outlook.com,CTY-LYO,FR,2025-11-27,PLAN-PAYG,false,active,2002
I,2026-04-01T00:00:00Z,RD-004622,OP-001,Nadia,Almeida,nadia.almeida165@correo.es,CTY-LYO,FR,2026-01-12,PLAN-COMMUTE,true,active,1968
I,2026-04-01T00:00:00Z,RD-004623,OP-001,Sofia,Kowalski,sofia.kowalski362@mail.com,CTY-LYO,FR,2025-09-21,PLAN-COMMUTE,true,active,1984
I,2026-04-01T00:00:00Z,RD-004624,OP-001,Camille,Weber,camille.weber969@proton.me,CTY-LYO,FR,2025-09-16,PLAN-COMMUTE,true,active,1971
I,2026-04-01T00:00:00Z,RD-004625,OP-001,Ivan,Ferrer,ivan.ferrer933@proton.me,CTY-LYO,FR,2025-05-14,PLAN-PAYG,false,active,1966
I,2026-04-01T00:00:00Z,RD-004626,OP-001,Chloe,Lopez,chloe.lopez624@gmx.de,CTY-LYO,FR,2025-10-19,PLAN-COMMUTE,true,active,1976
I,2026-04-01T00:00:00Z,RD-004627,OP-001,Antoine,Weber,antoine.weber94@proton.me,CTY-LYO,FR,2024-10-25,PLAN-PAYG,true,active,1989
I,2026-04-01T00:00:00Z,RD-004628,OP-001,Hugo,Roux,hugo.roux90@gmx.de,CTY-LYO,FR,2025-06-05,PLAN-COMMUTE,false,active,1987
I,2026-04-01T00:00:00Z,RD-004629,OP-001,Joan,Kowalski,joan.kowalski28@outlook.com,CTY-LYO,FR,2024-07-16,PLAN-PAYG,false,active,1967
I,2026-04-01T00:00:00Z,RD-004630,OP-001,Camille,Bernard,camille.bernard281@outlook.com,CTY-LYO,FR,2024-07-23,PLAN-PAYG,true,active,1982
I,2026-04-01T00:00:00Z,RD-004631,OP-001,Nils,Bernard,nils.bernard511@proton.me,CTY-LYO,FR,2025-06-18,PLAN-COMMUTE,true,active,1980
I,2026-04-01T00:00:00Z,RD-004632,OP-001,Emil,Vidal,emil.vidal267@mail.com,CTY-LYO,FR,2025-12-19,PLAN-COMMUTE,false,active,1986
I,2026-04-01T00:00:00Z,RD-004633,OP-001,Aina,Moreno,aina.moreno764@gmx.de,CTY-LYO,FR,2025-05-17,PLAN-PAYG,false,active,1980
I,2026-04-01T00:00:00Z,RD-004634,OP-001,Emil,Nilsson,emil.nilsson206@correo.es,CTY-LYO,FR,2025-10-17,PLAN-PAYG,true,active,2008
I,2026-04-01T00:00:00Z,RD-004635,OP-001,Diego,Bernard,diego.bernard737@correo.es,CTY-LYO,FR,2025-09-10,PLAN-COMMUTE,false,active,1968
I,2026-04-01T00:00:00Z,RD-004636,OP-001,Nils,Kowalski,nils.kowalski604@mail.com,CTY-LYO,FR,2025-12-27,PLAN-COMMUTE,false,active,1978
I,2026-04-01T00:00:00Z,RD-004637,OP-001,Ines,Fischer,ines.fischer449@proton.me,CTY-LYO,FR,2024-05-23,PLAN-UNLIMITED,true,active,1968
I,2026-04-01T00:00:00Z,RD-004638,OP-001,Karim,Serra,karim.serra134@outlook.com,CTY-LYO,FR,2024-04-08,PLAN-UNLIMITED,false,active,1987
I,2026-04-01T00:00:00Z,RD-004639,OP-001,Ivan,Berg,ivan.berg107@outlook.com,CTY-LYO,FR,2026-03-27,PLAN-PAYG,false,active,1978
I,2026-04-01T00:00:00Z,RD-004640,OP-001,Omar,Dubois,omar.dubois187@correo.es,CTY-LYO,FR,2026-01-02,PLAN-PAYG,false,active,1995
I,2026-04-01T00:00:00Z,RD-004641,OP-001,Antoine,Silva,antoine.silva423@outlook.com,CTY-LYO,FR,2024-04-27,PLAN-PAYG,false,active,1985
I,2026-04-01T00:00:00Z,RD-004642,OP-001,Lucia,Dubois,lucia.dubois705@correo.es,CTY-LYO,FR,2025-01-15,PLAN-COMMUTE,false,active,1982
I,2026-04-01T00:00:00Z,RD-004643,OP-001,Sofia,Novak,sofia.novak642@gmx.de,CTY-LYO,FR,2025-12-29,PLAN-PAYG,true,active,1984
I,2026-04-01T00:00:00Z,RD-004644,OP-001,Antoine,Dubois,antoine.dubois727@outlook.com,CTY-LYO,FR,2024-12-06,PLAN-CORP,false,active,1988
I,2026-04-01T00:00:00Z,RD-004645,OP-001,Nils,Nilsson,nils.nilsson306@mail.com,CTY-LYO,FR,2025-06-14,PLAN-PAYG,true,active,1969
I,2026-04-01T00:00:00Z,RD-004646,OP-001,Hugo,Dubois,hugo.dubois549@correo.es,CTY-LYO,FR,2025-05-22,PLAN-PAYG,false,active,1996
I,2026-04-01T00:00:00Z,RD-004647,OP-001,Hugo,Novak,hugo.novak131@gmx.de,CTY-LYO,FR,2026-03-11,PLAN-PAYG,false,active,1996
I,2026-04-01T00:00:00Z,RD-004648,OP-001,Tiago,Moreno,tiago.moreno680@correo.es,CTY-LYO,FR,2024-01-16,PLAN-UNLIMITED,true,active,1981
I,2026-04-01T00:00:00Z,RD-004650,OP-001,Pablo,Novak,pablo.novak112@mail.com,CTY-LYO,FR,2025-11-02,PLAN-COMMUTE,false,active,2005
I,2026-04-01T00:00:00Z,RD-004651,OP-001,Manon,Dubois,manon.dubois657@mail.com,CTY-LYO,FR,2025-08-04,PLAN-COMMUTE,true,active,1982
I,2026-04-01T00:00:00Z,RD-004652,OP-001,Ines,Berg,ines.berg9@mail.com,CTY-LYO,FR,2025-12-28,PLAN-PAYG,false,active,1966
I,2026-04-01T00:00:00Z,RD-004653,OP-001,Aina,Dubois,aina.dubois108@gmx.de,CTY-LYO,FR,2025-12-15,PLAN-PAYG,false,active,1974
I,2026-04-01T00:00:00Z,RD-004654,OP-001,Yasmin,Benali,yasmin.benali99@proton.me,CTY-LYO,FR,2025-08-27,PLAN-PAYG,false,active,1998
I,2026-04-01T00:00:00Z,RD-004655,OP-001,Omar,Berg,omar.berg3@correo.es,CTY-LYO,FR,2025-06-22,PLAN-PAYG,true,active,1972
I,2026-04-01T00:00:00Z,RD-004656,OP-001,Beatriz,Novak,beatriz.novak268@mail.com,CTY-LYO,FR,2025-02-16,PLAN-COMMUTE,false,active,1982
I,2026-04-01T00:00:00Z,RD-004657,OP-001,Tiago,Conti,tiago.conti712@outlook.com,CTY-LYO,FR,2024-06-07,PLAN-PAYG,false,active,1978
I,2026-04-01T00:00:00Z,RD-004658,OP-001,Elin,Vidal,elin.vidal327@outlook.com,CTY-LYO,FR,2025-10-17,PLAN-PAYG,true,active,1995
I,2026-04-01T00:00:00Z,RD-004660,OP-001,Marta,Roux,marta.roux557@mail.com,CTY-LYO,FR,2025-08-16,PLAN-COMMUTE,true,active,1995
I,2026-04-01T00:00:00Z,RD-004661,OP-001,Manon,Roux,manon.roux716@correo.es,CTY-LYO,FR,2024-01-08,PLAN-PAYG,false,active,1974
I,2026-04-01T00:00:00Z,RD-004662,OP-001,Astrid,Roux,astrid.roux887@outlook.com,CTY-LYO,FR,2025-02-10,PLAN-COMMUTE,true,active,2008
I,2026-04-01T00:00:00Z,RD-004663,OP-001,Camille,Novak,camille.novak196@mail.com,CTY-LYO,FR,2026-02-12,PLAN-PAYG,true,active,1996
I,2026-04-01T00:00:00Z,RD-004664,OP-001,Lucia,Weber,lucia.weber175@correo.es,CTY-LYO,FR,2026-01-25,PLAN-PAYG,false,active,1986
I,2026-04-01T00:00:00Z,RD-004665,OP-001,Camille,Almeida,camille.almeida276@mail.com,CTY-LYO,FR,2025-01-10,PLAN-PAYG,true,active,1999
I,2026-04-01T00:00:00Z,RD-004667,OP-001,Louis,Serra,louis.serra609@gmx.de,CTY-LYO,FR,2025-12-12,PLAN-UNLIMITED,true,active,2004
I,2026-04-01T00:00:00Z,RD-004668,OP-001,Tiago,Pereira,tiago.pereira788@correo.es,CTY-LYO,FR,2025-07-04,PLAN-PAYG,true,active,2007
I,2026-04-01T00:00:00Z,RD-004669,OP-001,Nadia,Almeida,nadia.almeida790@outlook.com,CTY-LYO,FR,2025-08-19,PLAN-PAYG,false,active,2001
I,2026-04-01T00:00:00Z,RD-004670,OP-001,Elin,Costa,elin.costa625@correo.es,CTY-LYO,FR,2024-02-24,PLAN-COMMUTE,true,active,1977
I,2026-04-01T00:00:00Z,RD-004671,OP-001,Oskar,Costa,oskar.costa357@proton.me,CTY-LYO,FR,2025-05-31,PLAN-STUDENT,true,active,1994
I,2026-04-01T00:00:00Z,RD-004672,OP-001,Camille,Lindqvist,camille.lindqvist221@outlook.com,CTY-LYO,FR,2025-11-01,PLAN-STUDENT,true,active,1989
I,2026-04-01T00:00:00Z,RD-004673,OP-001,Lucia,Kowalski,lucia.kowalski329@outlook.com,CTY-LYO,FR,2024-12-24,PLAN-PAYG,true,active,1963
I,2026-04-01T00:00:00Z,RD-004674,OP-001,Chloe,Novak,chloe.novak89@gmx.de,CTY-LYO,FR,2025-02-23,PLAN-COMMUTE,true,active,2005
I,2026-04-01T00:00:00Z,RD-004675,OP-001,Karim,Benali,karim.benali480@outlook.com,CTY-LYO,FR,2025-03-14,PLAN-PAYG,true,active,2003
I,2026-04-01T00:00:00Z,RD-004676,OP-001,Joan,Serra,joan.serra939@outlook.com,CTY-LYO,FR,2026-03-10,PLAN-COMMUTE,true,active,1979
I,2026-04-01T00:00:00Z,RD-004677,OP-001,Elin,Berg,elin.berg830@mail.com,CTY-LYO,FR,2024-03-23,PLAN-COMMUTE,true,active,1992
I,2026-04-01T00:00:00Z,RD-004678,OP-001,Camille,Serra,camille.serra802@outlook.com,CTY-LYO,FR,2024-12-11,PLAN-PAYG,false,active,1979
I,2026-04-01T00:00:00Z,RD-004679,OP-001,Beatriz,Berg,beatriz.berg591@correo.es,CTY-LYO,FR,2024-02-15,PLAN-PAYG,false,active,1984
I,2026-04-01T00:00:00Z,RD-004680,OP-001,Thomas,Roux,thomas.roux673@correo.es,CTY-LYO,FR,2025-05-20,PLAN-TOURIST,true,active,1997
I,2026-04-01T00:00:00Z,RD-004681,OP-001,Camille,Kowalski,camille.kowalski822@mail.com,CTY-LYO,FR,2025-04-12,PLAN-PAYG,false,active,1980
I,2026-04-01T00:00:00Z,RD-004682,OP-001,Karim,Andersson,karim.andersson681@gmx.de,CTY-LYO,FR,2025-11-04,PLAN-PAYG,true,active,2004
I,2026-04-01T00:00:00Z,RD-004683,OP-001,Omar,Benali,omar.benali839@gmx.de,CTY-LYO,FR,2024-12-18,PLAN-UNLIMITED,false,active,1994
I,2026-04-01T00:00:00Z,RD-004684,OP-001,Marta,Rossi,marta.rossi435@outlook.com,CTY-LYO,FR,2024-10-01,PLAN-COMMUTE,true,active,1968
I,2026-04-01T00:00:00Z,RD-004685,OP-001,Elin,Rossi,elin.rossi131@correo.es,CTY-LYO,FR,2024-04-23,PLAN-PAYG,true,active,1979
I,2026-04-01T00:00:00Z,RD-004686,OP-001,Chloe,Serra,chloe.serra700@gmx.de,CTY-LYO,FR,2025-10-23,PLAN-COMMUTE,true,active,1962
I,2026-04-01T00:00:00Z,RD-004687,OP-001,Aina,Costa,aina.costa41@proton.me,CTY-LYO,FR,2025-12-10,PLAN-UNLIMITED,false,active,1970
I,2026-04-01T00:00:00Z,RD-004688,OP-001,Diego,Rossi,diego.rossi52@outlook.com,CTY-LYO,FR,2025-03-11,PLAN-UNLIMITED,false,active,2006
I,2026-04-01T00:00:00Z,RD-004689,OP-001,Emil,Serra,emil.serra491@proton.me,CTY-LYO,FR,2025-06-29,PLAN-PAYG,false,active,1977
I,2026-04-01T00:00:00Z,RD-004690,OP-001,Nadia,Ferrer,nadia.ferrer218@gmx.de,CTY-LYO,FR,2025-06-28,PLAN-PAYG,true,active,2001
I,2026-04-01T00:00:00Z,RD-004691,OP-001,Pablo,Fischer,pablo.fischer734@proton.me,CTY-LYO,FR,2024-02-07,PLAN-PAYG,false,active,1981
I,2026-04-01T00:00:00Z,RD-004692,OP-001,Camille,Weber,camille.weber15@gmx.de,CTY-LYO,FR,2025-06-01,PLAN-UNLIMITED,true,active,1964
I,2026-04-01T00:00:00Z,RD-004693,OP-001,Louis,Vidal,louis.vidal324@outlook.com,CTY-LYO,FR,2024-01-16,PLAN-PAYG,false,active,1991
I,2026-04-01T00:00:00Z,RD-004695,OP-001,Karim,Martin,karim.martin369@gmx.de,CTY-LYO,FR,2025-04-05,PLAN-PAYG,false,active,1994
I,2026-04-01T00:00:00Z,RD-004696,OP-001,Nils,Roux,nils.roux898@outlook.com,CTY-LYO,FR,2025-01-28,PLAN-PAYG,false,active,1986
I,2026-04-01T00:00:00Z,RD-004697,OP-001,Sofia,Bernard,sofia.bernard674@proton.me,CTY-LYO,FR,2024-06-20,PLAN-PAYG,false,active,1969
I,2026-04-01T00:00:00Z,RD-004698,OP-001,Ivan,Ferrer,ivan.ferrer352@gmx.de,CTY-LYO,FR,2024-06-28,PLAN-PAYG,false,active,1983
I,2026-04-01T00:00:00Z,RD-004699,OP-001,Karim,Lindqvist,karim.lindqvist637@outlook.com,CTY-LYO,FR,2025-03-31,PLAN-PAYG,false,active,2002
I,2026-04-01T00:00:00Z,RD-004700,OP-001,Camille,Bernard,camille.bernard7@gmx.de,CTY-LYO,FR,2025-04-11,PLAN-STUDENT,false,active,1985
I,2026-04-01T00:00:00Z,RD-004701,OP-001,Joan,Silva,joan.silva218@correo.es,CTY-LYO,FR,2025-01-29,PLAN-PAYG,false,active,2000
I,2026-04-01T00:00:00Z,RD-004703,OP-001,Pablo,Andersson,pablo.andersson877@gmx.de,CTY-LYO,FR,2025-03-27,PLAN-COMMUTE,false,active,1982
I,2026-04-01T00:00:00Z,RD-004704,OP-001,Beatriz,Berg,beatriz.berg538@mail.com,CTY-LYO,FR,2025-08-11,PLAN-COMMUTE,true,active,2003
I,2026-04-01T00:00:00Z,RD-004705,OP-001,Aina,Nilsson,aina.nilsson630@proton.me,CTY-LYO,FR,2025-11-14,PLAN-STUDENT,false,active,2008
I,2026-04-01T00:00:00Z,RD-004708,OP-001,Ines,Silva,ines.silva102@gmx.de,CTY-LYO,FR,2025-03-25,PLAN-PAYG,false,active,1998
I,2026-04-01T00:00:00Z,RD-004709,OP-001,Manon,Berg,manon.berg211@gmx.de,CTY-LYO,FR,2025-09-10,PLAN-COMMUTE,false,active,2006
I,2026-04-01T00:00:00Z,RD-004710,OP-001,Ines,Roux,ines.roux518@proton.me,CTY-LYO,FR,2026-01-02,PLAN-PAYG,true,active,2006
I,2026-04-01T00:00:00Z,RD-004712,OP-001,Louis,Ferrer,louis.ferrer84@outlook.com,CTY-LYO,FR,2024-07-12,PLAN-PAYG,false,active,1972
I,2026-04-01T00:00:00Z,RD-004713,OP-001,Thomas,Lopez,thomas.lopez858@outlook.com,CTY-LYO,FR,2025-04-02,PLAN-COMMUTE,true,active,1982
I,2026-04-01T00:00:00Z,RD-004714,OP-001,Nora,Kowalski,nora.kowalski21@gmx.de,CTY-LYO,FR,2025-03-05,PLAN-PAYG,false,active,1981
I,2026-04-01T00:00:00Z,RD-004715,OP-001,Joan,Vidal,joan.vidal545@gmx.de,CTY-LYO,FR,2026-03-29,PLAN-UNLIMITED,false,active,1996
I,2026-04-01T00:00:00Z,RD-004716,OP-001,Manon,Dubois,manon.dubois384@outlook.com,CTY-LYO,FR,2024-11-24,PLAN-UNLIMITED,true,active,2002
I,2026-04-01T00:00:00Z,RD-004717,OP-001,Hugo,Pereira,hugo.pereira36@proton.me,CTY-LYO,FR,2024-08-20,PLAN-PAYG,false,active,1975
I,2026-04-01T00:00:00Z,RD-004718,OP-001,Pablo,Fischer,pablo.fischer248@gmx.de,CTY-LYO,FR,2025-12-07,PLAN-COMMUTE,false,active,1968
I,2026-04-01T00:00:00Z,RD-004719,OP-001,Hugo,Conti,hugo.conti268@gmx.de,CTY-LYO,FR,2026-01-31,PLAN-COMMUTE,true,active,1974
I,2026-04-01T00:00:00Z,RD-004720,OP-001,Hugo,Fischer,hugo.fischer58@correo.es,CTY-LYO,FR,2025-06-12,PLAN-PAYG,false,active,1993
I,2026-04-01T00:00:00Z,RD-004721,OP-001,Lucia,Moreno,lucia.moreno831@proton.me,CTY-LYO,FR,2024-07-02,PLAN-PAYG,true,active,1983
I,2026-04-01T00:00:00Z,RD-004722,OP-001,Pablo,Fischer,pablo.fischer527@proton.me,CTY-LYO,FR,2024-05-08,PLAN-PAYG,false,active,2006
I,2026-04-01T00:00:00Z,RD-004723,OP-001,Joan,Vidal,joan.vidal263@mail.com,CTY-LYO,FR,2025-04-20,PLAN-PAYG,true,active,1964
I,2026-04-01T00:00:00Z,RD-004725,OP-001,Nora,Andersson,nora.andersson3@correo.es,CTY-LYO,FR,2025-03-01,PLAN-COMMUTE,false,active,1975
I,2026-04-01T00:00:00Z,RD-004726,OP-001,Ivan,Conti,ivan.conti76@proton.me,CTY-LYO,FR,2024-10-11,PLAN-COMMUTE,false,active,1964
I,2026-04-01T00:00:00Z,RD-004727,OP-001,Antoine,Serra,antoine.serra369@mail.com,CTY-LYO,FR,2024-04-06,PLAN-PAYG,true,active,1984
I,2026-04-01T00:00:00Z,RD-004728,OP-001,Karim,Moreno,karim.moreno203@proton.me,CTY-LYO,FR,2025-10-27,PLAN-UNLIMITED,false,active,1964
I,2026-04-01T00:00:00Z,RD-004729,OP-001,Sofia,Conti,sofia.conti320@outlook.com,CTY-LYO,FR,2025-11-05,PLAN-PAYG,false,active,1965
I,2026-04-01T00:00:00Z,RD-004730,OP-001,Camille,Weber,camille.weber252@gmx.de,CTY-LYO,FR,2026-01-09,PLAN-PAYG,false,active,1971
I,2026-04-01T00:00:00Z,RD-004731,OP-001,Nadia,Serra,nadia.serra950@gmx.de,CTY-LYO,FR,2024-11-23,PLAN-STUDENT,true,active,1964
I,2026-04-01T00:00:00Z,RD-004732,OP-001,Manon,Almeida,manon.almeida232@outlook.com,CTY-LYO,FR,2024-04-28,PLAN-PAYG,false,active,1985
I,2026-04-01T00:00:00Z,RD-004733,OP-001,Camille,Bernard,camille.bernard485@gmx.de,CTY-LYO,FR,2024-05-18,PLAN-STUDENT,true,active,1974
I,2026-04-01T00:00:00Z,RD-004734,OP-001,Sofia,Ferrer,sofia.ferrer771@gmx.de,CTY-LYO,FR,2024-02-06,PLAN-PAYG,true,active,1976
I,2026-04-01T00:00:00Z,RD-004735,OP-001,Elin,Costa,elin.costa246@outlook.com,CTY-LYO,FR,2025-02-15,PLAN-PAYG,true,active,1995
I,2026-04-01T00:00:00Z,RD-004736,OP-001,Manon,Vidal,manon.vidal628@outlook.com,CTY-LYO,FR,2024-08-02,PLAN-COMMUTE,false,active,1995
I,2026-04-01T00:00:00Z,RD-004737,OP-001,Antoine,Almeida,antoine.almeida45@gmx.de,CTY-LYO,FR,2024-02-13,PLAN-COMMUTE,false,active,2007
I,2026-04-01T00:00:00Z,RD-004738,OP-001,Nora,Andersson,nora.andersson472@outlook.com,CTY-LYO,FR,2024-01-04,PLAN-TOURIST,true,active,1987
I,2026-04-01T00:00:00Z,RD-004739,OP-001,Camille,Almeida,camille.almeida296@mail.com,CTY-LYO,FR,2025-11-20,PLAN-PAYG,false,active,1985
I,2026-04-01T00:00:00Z,RD-004740,OP-001,Marta,Moreno,marta.moreno16@gmx.de,CTY-LYO,FR,2024-11-18,PLAN-PAYG,false,active,1984
I,2026-04-01T00:00:00Z,RD-004741,OP-001,Antoine,Silva,antoine.silva627@mail.com,CTY-LYO,FR,2026-02-22,PLAN-COMMUTE,false,active,1996
I,2026-04-01T00:00:00Z,RD-004742,OP-001,Omar,Almeida,omar.almeida887@correo.es,CTY-LYO,FR,2025-05-23,PLAN-PAYG,true,active,1980
I,2026-04-01T00:00:00Z,RD-004743,OP-001,Hugo,Ferrer,hugo.ferrer63@proton.me,CTY-LYO,FR,2024-01-19,PLAN-PAYG,true,active,1998
I,2026-04-01T00:00:00Z,RD-004745,OP-001,Freja,Weber,freja.weber81@mail.com,CTY-LYO,FR,2025-08-28,PLAN-STUDENT,true,active,1965
I,2026-04-01T00:00:00Z,RD-004746,OP-001,Yasmin,Vidal,yasmin.vidal137@correo.es,CTY-LYO,FR,2024-04-21,PLAN-PAYG,false,active,2005
I,2026-04-01T00:00:00Z,RD-004747,OP-001,Karim,Weber,karim.weber733@correo.es,CTY-LYO,FR,2024-01-03,PLAN-COMMUTE,false,active,1981
I,2026-04-01T00:00:00Z,RD-004748,OP-001,Aina,Vidal,aina.vidal160@correo.es,CTY-LYO,FR,2025-08-31,PLAN-PAYG,true,active,1971
I,2026-04-01T00:00:00Z,RD-004749,OP-001,Ivan,Rossi,ivan.rossi58@mail.com,CTY-LYO,FR,2025-12-20,PLAN-PAYG,true,active,1970
I,2026-04-01T00:00:00Z,RD-004750,OP-001,Astrid,Bernard,astrid.bernard558@correo.es,CTY-LYO,FR,2024-06-24,PLAN-PAYG,true,active,1983
I,2026-04-01T00:00:00Z,RD-004751,OP-001,Joan,Novak,joan.novak581@mail.com,CTY-LYO,FR,2025-05-15,PLAN-COMMUTE,true,active,1983
I,2026-04-01T00:00:00Z,RD-004752,OP-001,Ivan,Weber,ivan.weber997@proton.me,CTY-LYO,FR,2024-11-26,PLAN-PAYG,false,active,1988
I,2026-04-01T00:00:00Z,RD-004753,OP-001,Hugo,Haddad,hugo.haddad714@outlook.com,CTY-LYO,FR,2026-01-24,PLAN-PAYG,false,active,1986
I,2026-04-01T00:00:00Z,RD-004754,OP-001,Diego,Ferrer,diego.ferrer772@outlook.com,CTY-LYO,FR,2025-07-04,PLAN-UNLIMITED,false,active,1999
I,2026-04-01T00:00:00Z,RD-004755,OP-001,Omar,Costa,omar.costa927@gmx.de,CTY-LYO,FR,2024-03-11,PLAN-PAYG,true,active,1962
I,2026-04-01T00:00:00Z,RD-004756,OP-001,Camille,Dubois,camille.dubois402@correo.es,CTY-LYO,FR,2024-02-25,PLAN-UNLIMITED,true,active,1986
I,2026-04-01T00:00:00Z,RD-004757,OP-001,Joan,Vidal,joan.vidal932@mail.com,CTY-LYO,FR,2024-07-11,PLAN-COMMUTE,false,active,1989
I,2026-04-01T00:00:00Z,RD-004758,OP-001,Emil,Conti,emil.conti502@correo.es,CTY-LYO,FR,2024-03-11,PLAN-PAYG,true,active,1980
I,2026-04-01T00:00:00Z,RD-004759,OP-001,Elin,Fischer,elin.fischer586@proton.me,CTY-LYO,FR,2025-07-12,PLAN-COMMUTE,false,active,1974
I,2026-04-01T00:00:00Z,RD-004760,OP-001,Tiago,Conti,tiago.conti308@correo.es,CTY-LYO,FR,2025-12-08,PLAN-CORP,true,active,1966
I,2026-04-01T00:00:00Z,RD-004761,OP-001,Sofia,Pereira,sofia.pereira170@correo.es,CTY-LYO,FR,2024-06-12,PLAN-TOURIST,true,active,1974
I,2026-04-01T00:00:00Z,RD-004762,OP-001,Ines,Conti,ines.conti513@gmx.de,CTY-LYO,FR,2024-07-20,PLAN-PAYG,true,active,1975
I,2026-04-01T00:00:00Z,RD-004763,OP-001,Elin,Benali,elin.benali149@proton.me,CTY-LYO,FR,2025-01-29,PLAN-COMMUTE,false,active,1964
I,2026-04-01T00:00:00Z,RD-004764,OP-001,Nadia,Conti,nadia.conti307@mail.com,CTY-LYO,FR,2024-10-11,PLAN-PAYG,false,active,1972
I,2026-04-01T00:00:00Z,RD-004765,OP-001,Hugo,Haddad,hugo.haddad831@gmx.de,CTY-LYO,FR,2024-09-14,PLAN-PAYG,true,active,1995
I,2026-04-01T00:00:00Z,RD-004766,OP-001,Louis,Novak,louis.novak724@correo.es,CTY-LYO,FR,2025-08-12,PLAN-UNLIMITED,false,active,1964
I,2026-04-01T00:00:00Z,RD-004767,OP-001,Sofia,Pereira,sofia.pereira989@outlook.com,CTY-LYO,FR,2025-12-11,PLAN-COMMUTE,true,active,2003
I,2026-04-01T00:00:00Z,RD-004768,OP-001,Astrid,Berg,astrid.berg880@gmx.de,CTY-LYO,FR,2024-07-20,PLAN-PAYG,true,active,1975
I,2026-04-01T00:00:00Z,RD-004769,OP-001,Chloe,Bernard,chloe.bernard966@outlook.com,CTY-LYO,FR,2025-10-21,PLAN-PAYG,true,active,2008
I,2026-04-01T00:00:00Z,RD-004770,OP-001,Nadia,Fischer,nadia.fischer349@correo.es,CTY-LYO,FR,2024-01-23,PLAN-COMMUTE,false,active,1983
I,2026-04-01T00:00:00Z,RD-004771,OP-001,Tiago,Martin,tiago.martin61@outlook.com,CTY-LYO,FR,2024-12-19,PLAN-COMMUTE,true,active,1984
I,2026-04-01T00:00:00Z,RD-004772,OP-001,Antoine,Martin,antoine.martin759@correo.es,CTY-LYO,FR,2024-07-05,PLAN-PAYG,false,active,1962
I,2026-04-01T00:00:00Z,RD-004773,OP-001,Tiago,Pereira,tiago.pereira571@proton.me,CTY-LYO,FR,2024-03-12,PLAN-COMMUTE,false,active,1994
I,2026-04-01T00:00:00Z,RD-004774,OP-001,Yasmin,Nilsson,yasmin.nilsson292@proton.me,CTY-LYO,FR,2025-04-12,PLAN-COMMUTE,false,active,1972
I,2026-04-01T00:00:00Z,RD-004775,OP-001,Thomas,Benali,thomas.benali256@gmx.de,CTY-LYO,FR,2025-07-14,PLAN-CORP,false,active,1985
I,2026-04-01T00:00:00Z,RD-004776,OP-001,Joan,Roux,joan.roux586@correo.es,CTY-LYO,FR,2025-01-25,PLAN-COMMUTE,true,active,1991
I,2026-04-01T00:00:00Z,RD-004777,OP-001,Karim,Kowalski,karim.kowalski341@correo.es,CTY-LYO,FR,2024-06-25,PLAN-COMMUTE,false,active,2002
I,2026-04-01T00:00:00Z,RD-004778,OP-001,Louis,Rossi,louis.rossi106@mail.com,CTY-LYO,FR,2025-10-02,PLAN-COMMUTE,true,active,1985
I,2026-04-01T00:00:00Z,RD-004779,OP-001,Oskar,Conti,oskar.conti311@mail.com,CTY-LYO,FR,2025-10-31,PLAN-PAYG,false,active,1990
I,2026-04-01T00:00:00Z,RD-004780,OP-001,Nils,Novak,nils.novak663@outlook.com,CTY-LYO,FR,2026-03-15,PLAN-STUDENT,true,active,1982
I,2026-04-01T00:00:00Z,RD-004781,OP-001,Beatriz,Almeida,beatriz.almeida255@correo.es,CTY-LYO,FR,2024-02-06,PLAN-PAYG,false,active,1972
I,2026-04-01T00:00:00Z,RD-004782,OP-001,Yasmin,Nilsson,yasmin.nilsson778@correo.es,CTY-LYO,FR,2024-11-28,PLAN-TOURIST,true,active,1963
I,2026-04-01T00:00:00Z,RD-004783,OP-001,Nils,Silva,nils.silva751@correo.es,CTY-LYO,FR,2026-01-13,PLAN-PAYG,false,active,2002
I,2026-04-01T00:00:00Z,RD-004784,OP-001,Lucia,Nilsson,lucia.nilsson890@mail.com,CTY-LYO,FR,2024-11-01,PLAN-COMMUTE,true,active,1992
I,2026-04-01T00:00:00Z,RD-004787,OP-001,Omar,Conti,omar.conti992@mail.com,CTY-LYO,FR,2026-01-14,PLAN-COMMUTE,true,active,1972
I,2026-04-01T00:00:00Z,RD-004788,OP-001,Oskar,Serra,oskar.serra412@gmx.de,CTY-LYO,FR,2026-02-28,PLAN-COMMUTE,false,active,1990
I,2026-04-01T00:00:00Z,RD-004789,OP-001,Tiago,Dubois,tiago.dubois667@proton.me,CTY-LYO,FR,2025-03-24,PLAN-PAYG,true,active,1994
I,2026-04-01T00:00:00Z,RD-004790,OP-001,Nils,Novak,nils.novak38@proton.me,CTY-LYO,FR,2024-08-26,PLAN-TOURIST,true,active,1991
I,2026-04-01T00:00:00Z,RD-004791,OP-001,Ines,Lopez,ines.lopez71@mail.com,CTY-LYO,FR,2026-01-19,PLAN-PAYG,false,active,1980
I,2026-04-01T00:00:00Z,RD-004792,OP-001,Ines,Weber,ines.weber621@gmx.de,CTY-LYO,FR,2025-02-05,PLAN-CORP,true,active,1969
I,2026-04-01T00:00:00Z,RD-004793,OP-001,Thomas,Bernard,thomas.bernard601@mail.com,CTY-LYO,FR,2026-01-03,PLAN-PAYG,false,active,1999
I,2026-04-01T00:00:00Z,RD-004794,OP-001,Lucia,Ferrer,lucia.ferrer741@mail.com,CTY-LYO,FR,2026-03-08,PLAN-PAYG,true,active,2006
I,2026-04-01T00:00:00Z,RD-004795,OP-001,Lucia,Conti,lucia.conti940@outlook.com,CTY-LYO,FR,2024-10-27,PLAN-PAYG,true,active,1980
I,2026-04-01T00:00:00Z,RD-004796,OP-001,Beatriz,Benali,beatriz.benali981@proton.me,CTY-LYO,FR,2025-12-31,PLAN-PAYG,false,active,1967
I,2026-04-01T00:00:00Z,RD-004797,OP-001,Aina,Lopez,aina.lopez688@gmx.de,CTY-LYO,FR,2024-02-11,PLAN-COMMUTE,true,active,1966
I,2026-04-01T00:00:00Z,RD-004798,OP-001,Marta,Fischer,marta.fischer10@correo.es,CTY-LYO,FR,2026-03-15,PLAN-PAYG,false,active,1997
I,2026-04-01T00:00:00Z,RD-004799,OP-001,Elin,Ferrer,elin.ferrer790@proton.me,CTY-LYO,FR,2024-01-16,PLAN-PAYG,false,active,2003
I,2026-04-01T00:00:00Z,RD-004800,OP-001,Pablo,Berg,pablo.berg234@gmx.de,CTY-LYO,FR,2025-06-18,PLAN-UNLIMITED,false,active,1987
I,2026-04-01T00:00:00Z,RD-004801,OP-001,Marta,Haddad,marta.haddad737@correo.es,CTY-LYO,FR,2024-09-29,PLAN-UNLIMITED,false,active,1965
I,2026-04-01T00:00:00Z,RD-004802,OP-001,Louis,Vidal,louis.vidal236@outlook.com,CTY-LYO,FR,2026-03-08,PLAN-PAYG,true,active,1983
I,2026-04-01T00:00:00Z,RD-004803,OP-001,Pablo,Moreno,pablo.moreno445@correo.es,CTY-LYO,FR,2025-12-27,PLAN-UNLIMITED,false,active,1968
I,2026-04-01T00:00:00Z,RD-004804,OP-001,Sofia,Andersson,sofia.andersson198@gmx.de,CTY-LYO,FR,2025-09-23,PLAN-PAYG,false,active,1968
I,2026-04-01T00:00:00Z,RD-004805,OP-001,Camille,Pereira,camille.pereira647@gmx.de,CTY-LYO,FR,2024-01-11,PLAN-CORP,false,active,1973
I,2026-04-01T00:00:00Z,RD-004807,OP-001,Hugo,Vidal,hugo.vidal330@mail.com,CTY-LYO,FR,2024-05-28,PLAN-PAYG,false,active,1982
I,2026-04-01T00:00:00Z,RD-004808,OP-001,Yasmin,Conti,yasmin.conti949@mail.com,CTY-LYO,FR,2024-11-03,PLAN-PAYG,false,active,2008
I,2026-04-01T00:00:00Z,RD-004809,OP-001,Antoine,Ferrer,antoine.ferrer691@outlook.com,CTY-LYO,FR,2025-03-14,PLAN-PAYG,true,active,1977
I,2026-04-01T00:00:00Z,RD-004810,OP-001,Nils,Ferrer,nils.ferrer945@outlook.com,CTY-LYO,FR,2024-01-16,PLAN-COMMUTE,true,active,1966
I,2026-04-01T00:00:00Z,RD-004811,OP-001,Yasmin,Haddad,yasmin.haddad723@gmx.de,CTY-LYO,FR,2026-03-02,PLAN-COMMUTE,true,active,2000
I,2026-04-01T00:00:00Z,RD-004812,OP-001,Rui,Kowalski,rui.kowalski855@outlook.com,CTY-LYO,FR,2024-06-17,PLAN-PAYG,true,active,1999
I,2026-04-01T00:00:00Z,RD-004813,OP-001,Aina,Kowalski,aina.kowalski659@correo.es,CTY-LYO,FR,2026-03-22,PLAN-PAYG,false,active,1981
I,2026-04-01T00:00:00Z,RD-004814,OP-001,Thomas,Lopez,thomas.lopez885@gmx.de,CTY-LYO,FR,2025-08-28,PLAN-COMMUTE,false,active,1978
I,2026-04-01T00:00:00Z,RD-004815,OP-001,Camille,Andersson,camille.andersson841@mail.com,CTY-LYO,FR,2024-12-04,PLAN-PAYG,false,active,1978
I,2026-04-01T00:00:00Z,RD-004816,OP-001,Camille,Serra,camille.serra960@proton.me,CTY-LYO,FR,2025-06-29,PLAN-COMMUTE,false,active,1989
I,2026-04-01T00:00:00Z,RD-004819,OP-001,Thomas,Pereira,thomas.pereira633@outlook.com,CTY-LYO,FR,2025-05-24,PLAN-PAYG,false,active,1991
I,2026-04-01T00:00:00Z,RD-004820,OP-001,Astrid,Bernard,astrid.bernard4@outlook.com,CTY-LYO,FR,2025-05-20,PLAN-COMMUTE,true,active,1978
I,2026-04-01T00:00:00Z,RD-004821,OP-001,Joan,Bernard,joan.bernard649@gmx.de,CTY-LYO,FR,2024-08-16,PLAN-PAYG,true,active,1974
I,2026-04-01T00:00:00Z,RD-004822,OP-001,Thomas,Weber,thomas.weber466@outlook.com,CTY-LYO,FR,2024-12-29,PLAN-PAYG,true,active,2004
I,2026-04-01T00:00:00Z,RD-004823,OP-001,Ivan,Fischer,ivan.fischer849@proton.me,CTY-LYO,FR,2024-03-26,PLAN-COMMUTE,true,active,1967
I,2026-04-01T00:00:00Z,RD-004824,OP-001,Astrid,Vidal,astrid.vidal752@mail.com,CTY-LYO,FR,2024-11-29,PLAN-COMMUTE,false,active,2003
I,2026-04-01T00:00:00Z,RD-004825,OP-001,Yasmin,Almeida,yasmin.almeida576@proton.me,CTY-LYO,FR,2025-11-29,PLAN-CORP,false,active,1969
I,2026-04-01T00:00:00Z,RD-004826,OP-001,Lucia,Garcia,lucia.garcia690@correo.es,CTY-LYO,FR,2024-01-02,PLAN-COMMUTE,true,active,2004
I,2026-04-01T00:00:00Z,RD-004827,OP-001,Camille,Kowalski,camille.kowalski401@proton.me,CTY-LYO,FR,2025-05-03,PLAN-PAYG,false,active,1963
I,2026-04-01T00:00:00Z,RD-004829,OP-001,Freja,Almeida,freja.almeida506@proton.me,CTY-LYO,FR,2025-10-20,PLAN-PAYG,false,active,1984
I,2026-04-01T00:00:00Z,RD-004830,OP-001,Marta,Bernard,marta.bernard38@gmx.de,CTY-LYO,FR,2025-10-26,PLAN-STUDENT,true,active,2005
I,2026-04-01T00:00:00Z,RD-004831,OP-001,Rui,Ferrer,rui.ferrer427@outlook.com,CTY-LYO,FR,2024-02-14,PLAN-PAYG,true,active,2006
I,2026-04-01T00:00:00Z,RD-004833,OP-001,Omar,Nilsson,omar.nilsson600@outlook.com,CTY-LYO,FR,2024-03-20,PLAN-COMMUTE,true,active,1970
I,2026-04-01T00:00:00Z,RD-004834,OP-001,Sofia,Andersson,sofia.andersson50@gmx.de,CTY-LYO,FR,2025-02-05,PLAN-PAYG,true,active,2000
I,2026-04-01T00:00:00Z,RD-004835,OP-001,Camille,Weber,camille.weber992@mail.com,CTY-LYO,FR,2025-09-16,PLAN-PAYG,true,active,1999
I,2026-04-01T00:00:00Z,RD-004836,OP-001,Pablo,Weber,pablo.weber760@gmx.de,CTY-LYO,FR,2024-04-22,PLAN-COMMUTE,true,active,1988
I,2026-04-01T00:00:00Z,RD-004837,OP-001,Emil,Bernard,emil.bernard243@correo.es,CTY-LYO,FR,2024-01-15,PLAN-STUDENT,true,active,1990
I,2026-04-01T00:00:00Z,RD-004838,OP-001,Astrid,Berg,astrid.berg96@mail.com,CTY-LYO,FR,2025-12-13,PLAN-COMMUTE,false,active,1990
I,2026-04-01T00:00:00Z,RD-004839,OP-001,Elin,Costa,elin.costa684@mail.com,CTY-LYO,FR,2025-12-10,PLAN-PAYG,false,active,1983
I,2026-04-01T00:00:00Z,RD-004840,OP-001,Camille,Andersson,camille.andersson341@proton.me,CTY-LYO,FR,2024-04-17,PLAN-PAYG,true,active,1973
I,2026-04-01T00:00:00Z,RD-004841,OP-001,Rui,Silva,rui.silva254@outlook.com,CTY-LYO,FR,2025-07-05,PLAN-PAYG,true,active,1999
I,2026-04-01T00:00:00Z,RD-004842,OP-001,Joan,Andersson,joan.andersson569@proton.me,CTY-LYO,FR,2024-10-25,PLAN-PAYG,false,active,1987
I,2026-04-01T00:00:00Z,RD-004843,OP-001,Emil,Costa,emil.costa814@gmx.de,CTY-LYO,FR,2026-03-01,PLAN-CORP,false,active,1977
I,2026-04-01T00:00:00Z,RD-004844,OP-001,Sofia,Kowalski,sofia.kowalski292@correo.es,CTY-LYO,FR,2025-05-20,PLAN-COMMUTE,true,active,1993
I,2026-04-01T00:00:00Z,RD-004845,OP-001,Marta,Bernard,marta.bernard470@outlook.com,CTY-LYO,FR,2024-02-28,PLAN-PAYG,true,active,1975
I,2026-04-01T00:00:00Z,RD-004846,OP-001,Emil,Roux,emil.roux119@mail.com,CTY-LYO,FR,2024-01-03,PLAN-PAYG,true,active,1962
I,2026-04-01T00:00:00Z,RD-004847,OP-001,Ines,Vidal,ines.vidal929@mail.com,CTY-LYO,FR,2024-09-20,PLAN-STUDENT,false,active,1962
I,2026-04-01T00:00:00Z,RD-004848,OP-001,Rui,Kowalski,rui.kowalski476@gmx.de,CTY-LYO,FR,2025-08-13,PLAN-PAYG,false,active,1969
I,2026-04-01T00:00:00Z,RD-004849,OP-001,Nadia,Almeida,nadia.almeida19@proton.me,CTY-LYO,FR,2025-07-30,PLAN-UNLIMITED,false,active,1981
I,2026-04-01T00:00:00Z,RD-004850,OP-001,Sofia,Benali,sofia.benali803@outlook.com,CTY-LYO,FR,2024-08-16,PLAN-PAYG,false,active,2007
I,2026-04-01T00:00:00Z,RD-004851,OP-001,Lucia,Pereira,lucia.pereira129@correo.es,CTY-LYO,FR,2024-05-24,PLAN-TOURIST,false,active,1970
I,2026-04-01T00:00:00Z,RD-004852,OP-001,Nils,Moreno,nils.moreno800@mail.com,CTY-LYO,FR,2024-10-02,PLAN-PAYG,false,active,1963
I,2026-04-01T00:00:00Z,RD-004853,OP-001,Thomas,Serra,thomas.serra872@proton.me,CTY-LYO,FR,2024-11-05,PLAN-PAYG,false,active,1999
I,2026-04-01T00:00:00Z,RD-004854,OP-001,Aina,Lopez,aina.lopez325@proton.me,CTY-LYO,FR,2025-08-24,PLAN-PAYG,false,active,1978
I,2026-04-01T00:00:00Z,RD-004855,OP-001,Karim,Benali,karim.benali871@correo.es,CTY-LYO,FR,2024-08-10,PLAN-COMMUTE,false,active,1979
I,2026-04-01T00:00:00Z,RD-004856,OP-001,Oskar,Andersson,oskar.andersson546@mail.com,CTY-LYO,FR,2024-03-05,PLAN-PAYG,false,active,1997
I,2026-04-01T00:00:00Z,RD-004857,OP-001,Astrid,Pereira,astrid.pereira312@gmx.de,CTY-LYO,FR,2025-10-16,PLAN-PAYG,true,active,2004
I,2026-04-01T00:00:00Z,RD-004858,OP-001,Louis,Weber,louis.weber387@mail.com,CTY-LYO,FR,2024-08-25,PLAN-COMMUTE,true,active,1994
I,2026-04-01T00:00:00Z,RD-004859,OP-001,Elin,Dubois,elin.dubois756@proton.me,CTY-LYO,FR,2026-03-07,PLAN-COMMUTE,false,active,1987
I,2026-04-01T00:00:00Z,RD-004860,OP-001,Manon,Andersson,manon.andersson224@gmx.de,CTY-LYO,FR,2026-01-02,PLAN-PAYG,true,active,1962
I,2026-04-01T00:00:00Z,RD-004861,OP-001,Hugo,Nilsson,hugo.nilsson658@proton.me,CTY-LYO,FR,2024-06-18,PLAN-PAYG,false,active,1972
I,2026-04-01T00:00:00Z,RD-004862,OP-001,Karim,Andersson,karim.andersson974@mail.com,CTY-LYO,FR,2026-01-11,PLAN-PAYG,true,active,1969
I,2026-04-01T00:00:00Z,RD-004863,OP-001,Manon,Pereira,manon.pereira5@outlook.com,CTY-LYO,FR,2026-01-22,PLAN-UNLIMITED,false,active,1964
I,2026-04-01T00:00:00Z,RD-004864,OP-001,Lucia,Garcia,lucia.garcia895@gmx.de,CTY-LYO,FR,2025-03-13,PLAN-PAYG,false,active,1994
I,2026-04-01T00:00:00Z,RD-004865,OP-001,Louis,Serra,louis.serra753@gmx.de,CTY-LYO,FR,2024-05-12,PLAN-STUDENT,false,active,1997
I,2026-04-01T00:00:00Z,RD-004866,OP-001,Aina,Weber,aina.weber838@gmx.de,CTY-LYO,FR,2025-07-24,PLAN-PAYG,true,active,2002
I,2026-04-01T00:00:00Z,RD-004867,OP-001,Louis,Nilsson,louis.nilsson345@mail.com,CTY-LYO,FR,2025-10-03,PLAN-COMMUTE,false,active,1974
I,2026-04-01T00:00:00Z,RD-004868,OP-001,Ines,Andersson,ines.andersson972@proton.me,CTY-LYO,FR,2025-01-21,PLAN-COMMUTE,true,active,1995
I,2026-04-01T00:00:00Z,RD-004869,OP-001,Pablo,Berg,pablo.berg401@mail.com,CTY-LYO,FR,2025-06-27,PLAN-PAYG,false,active,1983
I,2026-04-01T00:00:00Z,RD-004870,OP-001,Ivan,Serra,ivan.serra914@correo.es,CTY-LYO,FR,2025-12-27,PLAN-UNLIMITED,false,active,2004
I,2026-04-01T00:00:00Z,RD-004871,OP-001,Omar,Andersson,omar.andersson478@outlook.com,CTY-LYO,FR,2024-01-18,PLAN-STUDENT,true,active,2001
I,2026-04-01T00:00:00Z,RD-004872,OP-001,Joan,Fischer,joan.fischer713@proton.me,CTY-LYO,FR,2025-06-23,PLAN-PAYG,true,active,1966
I,2026-04-01T00:00:00Z,RD-004873,OP-001,Oskar,Ferrer,oskar.ferrer653@correo.es,CTY-LYO,FR,2026-02-22,PLAN-UNLIMITED,true,active,1979
I,2026-04-01T00:00:00Z,RD-004874,OP-001,Antoine,Silva,antoine.silva541@correo.es,CTY-LYO,FR,2025-09-12,PLAN-COMMUTE,false,active,1984
I,2026-04-01T00:00:00Z,RD-004875,OP-001,Sofia,Weber,sofia.weber205@proton.me,CTY-LYO,FR,2024-08-01,PLAN-COMMUTE,true,active,1981
I,2026-04-01T00:00:00Z,RD-004876,OP-001,Camille,Martin,camille.martin315@correo.es,CTY-LYO,FR,2025-12-26,PLAN-UNLIMITED,true,active,1991
I,2026-04-01T00:00:00Z,RD-004878,OP-001,Joan,Novak,joan.novak454@outlook.com,CTY-LYO,FR,2024-02-26,PLAN-PAYG,false,active,1983
I,2026-04-01T00:00:00Z,RD-004879,OP-001,Elin,Garcia,elin.garcia195@gmx.de,CTY-LYO,FR,2024-11-24,PLAN-PAYG,false,active,2007
I,2026-04-01T00:00:00Z,RD-004881,OP-001,Sofia,Serra,sofia.serra288@mail.com,CTY-LYO,FR,2025-04-28,PLAN-TOURIST,true,active,1989
I,2026-04-01T00:00:00Z,RD-004882,OP-001,Thomas,Lindqvist,thomas.lindqvist448@proton.me,CTY-LYO,FR,2024-11-19,PLAN-COMMUTE,false,active,1994
I,2026-04-01T00:00:00Z,RD-004883,OP-001,Nadia,Weber,nadia.weber161@gmx.de,CTY-LYO,FR,2025-12-08,PLAN-COMMUTE,false,active,1981
I,2026-04-01T00:00:00Z,RD-004884,OP-001,Tiago,Silva,tiago.silva166@proton.me,CTY-LYO,FR,2025-06-24,PLAN-COMMUTE,false,active,1992
I,2026-04-01T00:00:00Z,RD-004885,OP-001,Nora,Ferrer,nora.ferrer267@proton.me,CTY-LYO,FR,2024-03-10,PLAN-PAYG,false,active,2004
I,2026-04-01T00:00:00Z,RD-004886,OP-001,Sofia,Weber,sofia.weber314@mail.com,CTY-LYO,FR,2025-01-21,PLAN-UNLIMITED,true,active,1965
I,2026-04-01T00:00:00Z,RD-004887,OP-001,Yasmin,Conti,yasmin.conti423@outlook.com,CTY-LYO,FR,2024-12-01,PLAN-COMMUTE,false,active,2000
I,2026-04-01T00:00:00Z,RD-004888,OP-001,Camille,Pereira,camille.pereira533@correo.es,CTY-LYO,FR,2025-04-01,PLAN-COMMUTE,false,active,1992
I,2026-04-01T00:00:00Z,RD-004889,OP-001,Emil,Almeida,emil.almeida138@correo.es,CTY-LYO,FR,2024-01-01,PLAN-PAYG,false,active,1969
I,2026-04-01T00:00:00Z,RD-004890,OP-001,Diego,Costa,diego.costa463@gmx.de,CTY-LYO,FR,2024-07-16,PLAN-COMMUTE,true,active,1970
I,2026-04-01T00:00:00Z,RD-004891,OP-001,Tiago,Novak,tiago.novak839@gmx.de,CTY-LYO,FR,2025-03-04,PLAN-STUDENT,false,active,1983
I,2026-04-01T00:00:00Z,RD-004892,OP-001,Hugo,Haddad,hugo.haddad386@proton.me,CTY-LYO,FR,2025-11-14,PLAN-PAYG,true,active,1991
I,2026-04-01T00:00:00Z,RD-004893,OP-001,Oskar,Weber,oskar.weber845@gmx.de,CTY-LYO,FR,2025-11-21,PLAN-PAYG,false,active,1999
I,2026-04-01T00:00:00Z,RD-004894,OP-001,Camille,Bernard,camille.bernard253@outlook.com,CTY-LYO,FR,2025-08-09,PLAN-PAYG,false,active,1983
I,2026-04-01T00:00:00Z,RD-004895,OP-001,Ivan,Almeida,ivan.almeida962@correo.es,CTY-LYO,FR,2025-10-05,PLAN-PAYG,true,active,1999
I,2026-04-01T00:00:00Z,RD-004896,OP-001,Sofia,Dubois,sofia.dubois907@gmx.de,CTY-LYO,FR,2024-09-20,PLAN-PAYG,false,active,1984
I,2026-04-01T00:00:00Z,RD-004897,OP-001,Ines,Rossi,ines.rossi678@mail.com,CTY-LYO,FR,2025-09-16,PLAN-PAYG,false,active,1986
I,2026-04-01T00:00:00Z,RD-004898,OP-001,Manon,Rossi,manon.rossi855@proton.me,CTY-LYO,FR,2024-06-17,PLAN-PAYG,true,active,1994
I,2026-04-01T00:00:00Z,RD-004899,OP-001,Tiago,Silva,tiago.silva887@outlook.com,CTY-LYO,FR,2024-05-30,PLAN-PAYG,false,active,2006
I,2026-04-01T00:00:00Z,RD-004900,OP-001,Ines,Lindqvist,ines.lindqvist797@gmx.de,CTY-LYO,FR,2025-10-26,PLAN-PAYG,true,active,1999
I,2026-04-01T00:00:00Z,RD-004901,OP-001,Rui,Rossi,rui.rossi246@outlook.com,CTY-LYO,FR,2026-01-04,PLAN-PAYG,false,active,1973
I,2026-04-01T00:00:00Z,RD-004902,OP-001,Antoine,Berg,antoine.berg919@gmx.de,CTY-LYO,FR,2025-09-22,PLAN-STUDENT,true,active,1981
I,2026-04-01T00:00:00Z,RD-004903,OP-001,Chloe,Pereira,chloe.pereira720@outlook.com,CTY-LYO,FR,2025-01-29,PLAN-COMMUTE,true,active,1996
I,2026-04-01T00:00:00Z,RD-004905,OP-001,Antoine,Dubois,antoine.dubois457@outlook.com,CTY-LYO,FR,2024-12-25,PLAN-PAYG,false,active,1996
I,2026-04-01T00:00:00Z,RD-004906,OP-001,Lucia,Silva,lucia.silva860@proton.me,CTY-LYO,FR,2024-05-05,PLAN-PAYG,false,active,1975
I,2026-04-01T00:00:00Z,RD-004907,OP-001,Freja,Martin,freja.martin760@outlook.com,CTY-LYO,FR,2024-08-28,PLAN-COMMUTE,true,active,1966
I,2026-04-01T00:00:00Z,RD-004908,OP-001,Diego,Garcia,diego.garcia928@mail.com,CTY-LYO,FR,2024-08-08,PLAN-COMMUTE,true,active,1987
I,2026-04-01T00:00:00Z,RD-004909,OP-001,Nils,Pereira,nils.pereira124@proton.me,CTY-LYO,FR,2026-01-05,PLAN-PAYG,false,active,2001
I,2026-04-01T00:00:00Z,RD-004910,OP-001,Thomas,Roux,thomas.roux659@proton.me,CTY-LYO,FR,2025-08-14,PLAN-PAYG,false,active,1973
I,2026-04-01T00:00:00Z,RD-004911,OP-001,Omar,Conti,omar.conti185@gmx.de,CTY-LYO,FR,2024-05-21,PLAN-PAYG,true,active,1970
I,2026-04-01T00:00:00Z,RD-004912,OP-001,Sofia,Martin,sofia.martin434@proton.me,CTY-LYO,FR,2025-07-19,PLAN-PAYG,false,active,1968
I,2026-04-01T00:00:00Z,RD-004913,OP-001,Freja,Dubois,freja.dubois532@outlook.com,CTY-LYO,FR,2024-10-01,PLAN-PAYG,true,active,1983
I,2026-04-01T00:00:00Z,RD-004914,OP-001,Astrid,Roux,astrid.roux197@gmx.de,CTY-LYO,FR,2024-06-25,PLAN-TOURIST,true,active,1963
I,2026-04-01T00:00:00Z,RD-004915,OP-001,Antoine,Benali,antoine.benali72@correo.es,CTY-LYO,FR,2026-02-15,PLAN-COMMUTE,true,active,1978
I,2026-04-01T00:00:00Z,RD-004916,OP-001,Elin,Berg,elin.berg490@mail.com,CTY-LYO,FR,2024-10-19,PLAN-CORP,false,active,1982
I,2026-04-01T00:00:00Z,RD-004917,OP-001,Ines,Serra,ines.serra571@mail.com,CTY-LYO,FR,2024-03-08,PLAN-STUDENT,false,active,1967
I,2026-04-01T00:00:00Z,RD-004918,OP-001,Astrid,Lopez,astrid.lopez462@mail.com,CTY-LYO,FR,2024-01-02,PLAN-PAYG,false,active,2003
I,2026-04-01T00:00:00Z,RD-004920,OP-001,Elin,Lindqvist,elin.lindqvist410@gmx.de,CTY-LYO,FR,2024-07-16,PLAN-PAYG,false,active,1962
I,2026-04-01T00:00:00Z,RD-004921,OP-001,Karim,Lindqvist,karim.lindqvist249@correo.es,CTY-LYO,FR,2024-09-07,PLAN-STUDENT,true,active,1964
I,2026-04-01T00:00:00Z,RD-004922,OP-001,Pablo,Serra,pablo.serra715@proton.me,CTY-LYO,FR,2024-11-03,PLAN-PAYG,true,active,1980
I,2026-04-01T00:00:00Z,RD-004923,OP-001,Beatriz,Haddad,beatriz.haddad870@outlook.com,CTY-LYO,FR,2025-01-01,PLAN-COMMUTE,false,active,1992
I,2026-04-01T00:00:00Z,RD-004925,OP-001,Tiago,Andersson,tiago.andersson921@gmx.de,CTY-LYO,FR,2024-03-09,PLAN-STUDENT,true,active,1983
I,2026-04-01T00:00:00Z,RD-004927,OP-001,Ines,Pereira,ines.pereira873@gmx.de,CTY-LYO,FR,2025-10-09,PLAN-TOURIST,false,active,2008
I,2026-04-01T00:00:00Z,RD-004928,OP-001,Diego,Haddad,diego.haddad32@proton.me,CTY-LYO,FR,2024-04-29,PLAN-UNLIMITED,true,active,1970
I,2026-04-01T00:00:00Z,RD-004929,OP-001,Antoine,Pereira,antoine.pereira198@outlook.com,CTY-LYO,FR,2026-02-18,PLAN-PAYG,true,active,1986
I,2026-04-01T00:00:00Z,RD-004930,OP-001,Yasmin,Rossi,yasmin.rossi144@outlook.com,CTY-LYO,FR,2024-10-08,PLAN-PAYG,true,active,1966
I,2026-04-01T00:00:00Z,RD-004931,OP-001,Lucia,Benali,lucia.benali458@gmx.de,CTY-LYO,FR,2024-09-29,PLAN-CORP,false,active,1965
I,2026-04-01T00:00:00Z,RD-004932,OP-001,Nils,Benali,nils.benali922@correo.es,CTY-LYO,FR,2025-07-08,PLAN-PAYG,true,active,1994
I,2026-04-01T00:00:00Z,RD-004933,OP-001,Emil,Vidal,emil.vidal142@mail.com,CTY-LYO,FR,2024-04-06,PLAN-PAYG,true,active,2008
I,2026-04-01T00:00:00Z,RD-004934,OP-001,Beatriz,Benali,beatriz.benali775@outlook.com,CTY-LYO,FR,2025-08-24,PLAN-UNLIMITED,true,active,1968
I,2026-04-01T00:00:00Z,RD-004935,OP-001,Oskar,Garcia,oskar.garcia694@gmx.de,CTY-TLS,fra,2026-03-10,PLAN-COMMUTE,false,active,1993
I,2026-04-01T00:00:00Z,RD-004936,OP-001,Nils,Lopez,nils.lopez63@proton.me,CTY-TLS,fra,2026-02-09,PLAN-PAYG,true,active,1964
I,2026-04-01T00:00:00Z,RD-004937,OP-001,Diego,Conti,diego.conti7@gmx.de,CTY-TLS,fra,2024-02-01,PLAN-COMMUTE,false,active,1988
I,2026-04-01T00:00:00Z,RD-004938,OP-001,Ines,Garcia,ines.garcia788@correo.es,CTY-TLS,fra,2025-12-18,PLAN-PAYG,false,active,1975
I,2026-04-01T00:00:00Z,RD-004939,OP-001,Omar,Lindqvist,omar.lindqvist506@gmx.de,CTY-TLS,fra,2025-01-01,PLAN-PAYG,true,active,1968
I,2026-04-01T00:00:00Z,RD-004940,OP-001,Pablo,Costa,pablo.costa635@outlook.com,CTY-TLS,fra,2024-12-06,PLAN-PAYG,true,active,2005
I,2026-04-01T00:00:00Z,RD-004941,OP-001,Emil,Benali,emil.benali611@proton.me,CTY-TLS,fra,2024-04-20,PLAN-STUDENT,true,active,2000
I,2026-04-01T00:00:00Z,RD-004942,OP-001,Karim,Lopez,karim.lopez68@proton.me,CTY-TLS,fra,2024-10-26,PLAN-COMMUTE,false,active,2006
I,2026-04-01T00:00:00Z,RD-004944,OP-001,Camille,Andersson,camille.andersson923@outlook.com,CTY-TLS,fra,2024-01-26,PLAN-TOURIST,true,active,1988
I,2026-04-01T00:00:00Z,RD-004945,OP-001,Yasmin,Bernard,yasmin.bernard85@gmx.de,CTY-TLS,fra,2026-02-13,PLAN-UNLIMITED,true,active,1988
I,2026-04-01T00:00:00Z,RD-004946,OP-001,Marta,Benali,marta.benali624@gmx.de,CTY-TLS,fra,2024-08-03,PLAN-PAYG,true,active,2003
I,2026-04-01T00:00:00Z,RD-004947,OP-001,Sofia,Benali,sofia.benali61@mail.com,CTY-TLS,fra,2024-05-09,PLAN-UNLIMITED,false,active,1964
I,2026-04-01T00:00:00Z,RD-004948,OP-001,Pablo,Costa,pablo.costa824@mail.com,CTY-TLS,fra,2024-07-25,PLAN-PAYG,true,active,1984
I,2026-04-01T00:00:00Z,RD-004949,OP-001,Nils,Conti,nils.conti694@outlook.com,CTY-TLS,fra,2024-11-11,PLAN-PAYG,true,active,1981
I,2026-04-01T00:00:00Z,RD-004950,OP-001,Rui,Martin,rui.martin283@outlook.com,CTY-TLS,fra,2025-02-25,PLAN-UNLIMITED,false,active,1982
I,2026-04-01T00:00:00Z,RD-004951,OP-001,Oskar,Moreno,oskar.moreno750@correo.es,CTY-TLS,fra,2025-08-06,PLAN-PAYG,false,active,1964
I,2026-04-01T00:00:00Z,RD-004952,OP-001,Yasmin,Silva,yasmin.silva915@proton.me,CTY-TLS,fra,2025-10-15,PLAN-COMMUTE,false,active,1968
I,2026-04-01T00:00:00Z,RD-004953,OP-001,Lucia,Novak,lucia.novak204@outlook.com,CTY-TLS,fra,2025-01-13,PLAN-PAYG,true,active,1977
I,2026-04-01T00:00:00Z,RD-004954,OP-001,Ines,Novak,ines.novak711@proton.me,CTY-TLS,fra,2024-03-16,PLAN-STUDENT,false,active,1993
I,2026-04-01T00:00:00Z,RD-004956,OP-001,Ines,Almeida,ines.almeida44@gmx.de,CTY-TLS,fra,2026-01-03,PLAN-COMMUTE,true,active,2000
I,2026-04-01T00:00:00Z,RD-004957,OP-001,Sofia,Vidal,sofia.vidal812@outlook.com,CTY-TLS,fra,2024-02-03,PLAN-COMMUTE,true,active,1982
I,2026-04-01T00:00:00Z,RD-004958,OP-001,Manon,Fischer,manon.fischer333@proton.me,CTY-TLS,fra,2025-10-11,PLAN-PAYG,true,active,2000
I,2026-04-01T00:00:00Z,RD-004959,OP-001,Chloe,Roux,chloe.roux25@correo.es,CTY-TLS,fra,2025-05-04,PLAN-PAYG,true,active,1967
I,2026-04-01T00:00:00Z,RD-004960,OP-001,Aina,Ferrer,aina.ferrer810@outlook.com,CTY-TLS,fra,2025-07-19,PLAN-PAYG,false,active,1995
I,2026-04-01T00:00:00Z,RD-004961,OP-001,Oskar,Andersson,oskar.andersson259@outlook.com,CTY-TLS,fra,2025-04-12,PLAN-PAYG,true,active,1974
I,2026-04-01T00:00:00Z,RD-004962,OP-001,Sofia,Garcia,sofia.garcia708@mail.com,CTY-TLS,fra,2024-12-23,PLAN-UNLIMITED,true,active,1982
I,2026-04-01T00:00:00Z,RD-004963,OP-001,Joan,Conti,joan.conti249@proton.me,CTY-TLS,fra,2024-04-13,PLAN-PAYG,true,active,1962
I,2026-04-01T00:00:00Z,RD-004964,OP-001,Joan,Berg,joan.berg312@mail.com,CTY-TLS,fra,2025-01-01,PLAN-COMMUTE,true,active,2005
I,2026-04-01T00:00:00Z,RD-004965,OP-001,Nora,Kowalski,nora.kowalski9@outlook.com,CTY-TLS,fra,2024-04-16,PLAN-PAYG,false,active,1972
I,2026-04-01T00:00:00Z,RD-004966,OP-001,Elin,Silva,elin.silva586@proton.me,CTY-TLS,fra,2025-12-17,PLAN-PAYG,false,active,1989
I,2026-04-01T00:00:00Z,RD-004967,OP-001,Lucia,Berg,lucia.berg680@outlook.com,CTY-TLS,fra,2024-06-08,PLAN-PAYG,true,active,1966
I,2026-04-01T00:00:00Z,RD-004968,OP-001,Omar,Ferrer,omar.ferrer133@mail.com,CTY-TLS,fra,2025-11-08,PLAN-PAYG,false,active,1968
I,2026-04-01T00:00:00Z,RD-004969,OP-001,Emil,Fischer,emil.fischer99@gmx.de,CTY-TLS,fra,2024-04-23,PLAN-PAYG,true,active,1972
I,2026-04-01T00:00:00Z,RD-004970,OP-001,Sofia,Weber,sofia.weber416@gmx.de,CTY-TLS,fra,2025-09-05,PLAN-UNLIMITED,true,active,2005
I,2026-04-01T00:00:00Z,RD-004971,OP-001,Nils,Lopez,nils.lopez838@proton.me,CTY-TLS,fra,2025-02-01,PLAN-TOURIST,false,active,1995
I,2026-04-01T00:00:00Z,RD-004972,OP-001,Lucia,Rossi,lucia.rossi2@mail.com,CTY-TLS,fra,2024-03-02,PLAN-PAYG,true,active,1976
I,2026-04-01T00:00:00Z,RD-004973,OP-001,Chloe,Garcia,chloe.garcia594@proton.me,CTY-TLS,fra,2025-04-10,PLAN-PAYG,false,active,2002
I,2026-04-01T00:00:00Z,RD-004974,OP-001,Freja,Novak,freja.novak192@correo.es,CTY-TLS,fra,2024-09-08,PLAN-PAYG,true,active,1986
I,2026-04-01T00:00:00Z,RD-004975,OP-001,Ines,Nilsson,ines.nilsson315@gmx.de,CTY-TLS,fra,2024-09-03,PLAN-PAYG,true,active,1973
I,2026-04-01T00:00:00Z,RD-004976,OP-001,Antoine,Bernard,antoine.bernard271@outlook.com,CTY-TLS,fra,2025-05-13,PLAN-COMMUTE,false,active,1974
I,2026-04-01T00:00:00Z,RD-004977,OP-001,Ines,Kowalski,ines.kowalski586@mail.com,CTY-TLS,fra,2026-01-17,PLAN-PAYG,false,active,1962
I,2026-04-01T00:00:00Z,RD-004978,OP-001,Rui,Weber,rui.weber994@gmx.de,CTY-TLS,fra,2026-01-16,PLAN-PAYG,true,active,1989
I,2026-04-01T00:00:00Z,RD-004979,OP-001,Tiago,Lindqvist,tiago.lindqvist976@proton.me,CTY-TLS,fra,2024-12-05,PLAN-PAYG,true,active,1963
I,2026-04-01T00:00:00Z,RD-004980,OP-001,Chloe,Bernard,chloe.bernard294@mail.com,CTY-TLS,fra,2025-04-23,PLAN-CORP,false,active,1999
I,2026-04-01T00:00:00Z,RD-004982,OP-001,Elin,Silva,elin.silva608@gmx.de,CTY-TLS,fra,2024-11-15,PLAN-COMMUTE,false,active,1972
I,2026-04-01T00:00:00Z,RD-004983,OP-001,Rui,Pereira,rui.pereira326@correo.es,CTY-TLS,fra,2025-10-03,PLAN-PAYG,false,active,1974
I,2026-04-01T00:00:00Z,RD-004984,OP-001,Aina,Roux,aina.roux796@outlook.com,CTY-TLS,fra,2024-09-27,PLAN-PAYG,true,active,1998
I,2026-04-01T00:00:00Z,RD-004985,OP-001,Tiago,Ferrer,tiago.ferrer913@correo.es,CTY-TLS,fra,2024-01-24,PLAN-COMMUTE,false,active,1973
I,2026-04-01T00:00:00Z,RD-004986,OP-001,Freja,Silva,freja.silva664@correo.es,CTY-TLS,fra,2025-10-31,PLAN-COMMUTE,true,active,1964
I,2026-04-01T00:00:00Z,RD-004987,OP-001,Diego,Novak,diego.novak529@mail.com,CTY-TLS,fra,2025-05-17,PLAN-TOURIST,true,active,1968
I,2026-04-01T00:00:00Z,RD-004989,OP-001,Nora,Ferrer,nora.ferrer871@mail.com,CTY-TLS,fra,2024-10-14,PLAN-PAYG,true,active,1969
I,2026-04-01T00:00:00Z,RD-004990,OP-001,Pablo,Andersson,pablo.andersson310@gmx.de,CTY-TLS,fra,2025-03-10,PLAN-PAYG,false,active,1977
I,2026-04-01T00:00:00Z,RD-004991,OP-001,Astrid,Novak,astrid.novak896@mail.com,CTY-TLS,fra,2025-11-25,PLAN-CORP,false,active,1983
I,2026-04-01T00:00:00Z,RD-004992,OP-001,Louis,Benali,louis.benali913@proton.me,CTY-TLS,fra,2024-05-16,PLAN-CORP,true,active,2004
I,2026-04-01T00:00:00Z,RD-004993,OP-001,Aina,Pereira,aina.pereira577@proton.me,CTY-TLS,fra,2024-11-09,PLAN-PAYG,false,active,2001
I,2026-04-01T00:00:00Z,RD-004994,OP-001,Beatriz,Conti,beatriz.conti713@correo.es,CTY-TLS,fra,2025-04-05,PLAN-PAYG,false,active,2003
I,2026-04-01T00:00:00Z,RD-004995,OP-001,Manon,Nilsson,manon.nilsson357@mail.com,CTY-TLS,fra,2024-08-04,PLAN-UNLIMITED,false,active,1980
I,2026-04-01T00:00:00Z,RD-004996,OP-001,Rui,Benali,rui.benali718@proton.me,CTY-TLS,fra,2024-06-20,PLAN-COMMUTE,true,active,1975
I,2026-04-01T00:00:00Z,RD-004997,OP-001,Beatriz,Pereira,beatriz.pereira454@mail.com,CTY-TLS,fra,2024-02-11,PLAN-UNLIMITED,false,active,1993
I,2026-04-01T00:00:00Z,RD-004998,OP-001,Elin,Ferrer,elin.ferrer365@correo.es,CTY-TLS,fra,2026-03-10,PLAN-PAYG,true,active,1966
I,2026-04-01T00:00:00Z,RD-005000,OP-001,Chloe,Costa,chloe.costa229@correo.es,CTY-TLS,fra,2026-01-12,PLAN-COMMUTE,true,active,1975
I,2026-04-01T00:00:00Z,RD-005001,OP-001,Manon,Roux,manon.roux238@correo.es,CTY-TLS,fra,2024-11-07,PLAN-PAYG,true,active,1989
I,2026-04-01T00:00:00Z,RD-005003,OP-001,Beatriz,Martin,beatriz.martin115@outlook.com,CTY-TLS,fra,2024-04-27,PLAN-TOURIST,false,active,1966
I,2026-04-01T00:00:00Z,RD-005004,OP-001,Antoine,Moreno,antoine.moreno559@proton.me,CTY-TLS,fra,2025-05-20,PLAN-PAYG,true,active,1974
I,2026-04-01T00:00:00Z,RD-005005,OP-001,Emil,Moreno,emil.moreno959@outlook.com,CTY-TLS,fra,2025-01-12,PLAN-PAYG,true,active,1987
I,2026-04-01T00:00:00Z,RD-005007,OP-001,Freja,Conti,freja.conti457@mail.com,CTY-TLS,fra,2024-07-30,PLAN-STUDENT,false,active,2003
I,2026-04-01T00:00:00Z,RD-005008,OP-001,Tiago,Martin,tiago.martin532@mail.com,CTY-TLS,fra,2024-01-27,PLAN-PAYG,false,active,2002
I,2026-04-01T00:00:00Z,RD-005010,OP-001,Joan,Ferrer,joan.ferrer846@gmx.de,CTY-TLS,fra,2025-05-14,PLAN-COMMUTE,false,active,1972
I,2026-04-01T00:00:00Z,RD-005011,OP-001,Sofia,Nilsson,sofia.nilsson623@correo.es,CTY-TLS,fra,2025-03-28,PLAN-PAYG,false,active,1965
I,2026-04-01T00:00:00Z,RD-005012,OP-001,Diego,Nilsson,diego.nilsson805@proton.me,CTY-TLS,fra,2025-02-10,PLAN-PAYG,true,active,1988
I,2026-04-01T00:00:00Z,RD-005013,OP-001,Lucia,Bernard,lucia.bernard735@proton.me,CTY-TLS,fra,2025-05-16,PLAN-COMMUTE,false,active,1990
I,2026-04-01T00:00:00Z,RD-005014,OP-001,Astrid,Nilsson,astrid.nilsson996@outlook.com,CTY-TLS,fra,2025-03-24,PLAN-COMMUTE,false,active,2006
I,2026-04-01T00:00:00Z,RD-005015,OP-001,Aina,Dubois,aina.dubois249@mail.com,CTY-TLS,fra,2025-12-09,PLAN-COMMUTE,true,active,1982
I,2026-04-01T00:00:00Z,RD-005016,OP-001,Nils,Martin,nils.martin124@correo.es,CTY-TLS,fra,2024-10-18,PLAN-COMMUTE,false,active,2002
I,2026-04-01T00:00:00Z,RD-005017,OP-001,Manon,Novak,manon.novak449@outlook.com,CTY-TLS,fra,2025-11-08,PLAN-PAYG,true,active,2008
I,2026-04-01T00:00:00Z,RD-005018,OP-001,Astrid,Benali,astrid.benali488@proton.me,CTY-TLS,fra,2024-03-03,PLAN-COMMUTE,false,active,2002
I,2026-04-01T00:00:00Z,RD-005019,OP-001,Camille,Costa,camille.costa28@mail.com,CTY-TLS,fra,2024-08-03,PLAN-PAYG,true,active,1968
I,2026-04-01T00:00:00Z,RD-005020,OP-001,Manon,Berg,manon.berg177@gmx.de,CTY-TLS,fra,2025-04-27,PLAN-COMMUTE,true,active,2002
I,2026-04-01T00:00:00Z,RD-005021,OP-001,Hugo,Haddad,hugo.haddad392@proton.me,CTY-TLS,fra,2024-12-31,PLAN-COMMUTE,false,active,1965
I,2026-04-01T00:00:00Z,RD-005022,OP-001,Oskar,Costa,oskar.costa938@correo.es,CTY-TLS,fra,2025-10-23,PLAN-PAYG,true,active,1993
I,2026-04-01T00:00:00Z,RD-005023,OP-001,Emil,Nilsson,emil.nilsson442@gmx.de,CTY-TLS,fra,2024-12-29,PLAN-PAYG,false,active,1981
I,2026-04-01T00:00:00Z,RD-005024,OP-001,Omar,Vidal,omar.vidal277@correo.es,CTY-TLS,fra,2026-02-05,PLAN-PAYG,true,active,1994
I,2026-04-01T00:00:00Z,RD-005025,OP-001,Thomas,Vidal,thomas.vidal190@correo.es,CTY-TLS,fra,2024-01-25,PLAN-PAYG,true,active,1962
I,2026-04-01T00:00:00Z,RD-005026,OP-001,Nils,Nilsson,nils.nilsson43@proton.me,CTY-TLS,fra,2025-02-19,PLAN-PAYG,false,active,1972
I,2026-04-01T00:00:00Z,RD-005028,OP-001,Joan,Benali,joan.benali450@correo.es,CTY-TLS,fra,2024-08-25,PLAN-PAYG,true,active,1998
I,2026-04-01T00:00:00Z,RD-005029,OP-001,Ivan,Serra,ivan.serra587@gmx.de,CTY-TLS,fra,2026-01-22,PLAN-PAYG,true,active,1973
I,2026-04-01T00:00:00Z,RD-005030,OP-001,Joan,Costa,joan.costa746@gmx.de,CTY-TLS,fra,2025-03-08,PLAN-PAYG,false,active,2002
I,2026-04-01T00:00:00Z,RD-005031,OP-001,Pablo,Kowalski,pablo.kowalski938@outlook.com,CTY-TLS,fra,2024-12-09,PLAN-PAYG,false,active,2004
I,2026-04-01T00:00:00Z,RD-005032,OP-001,Oskar,Vidal,oskar.vidal595@gmx.de,CTY-TLS,fra,2024-09-13,PLAN-PAYG,true,active,1964
I,2026-04-01T00:00:00Z,RD-005033,OP-001,Antoine,Kowalski,antoine.kowalski584@proton.me,CTY-TLS,fra,2025-07-04,PLAN-PAYG,true,active,1981
I,2026-04-01T00:00:00Z,RD-005034,OP-001,Joan,Fischer,joan.fischer969@correo.es,CTY-TLS,fra,2024-09-07,PLAN-PAYG,false,active,1969
I,2026-04-01T00:00:00Z,RD-005035,OP-001,Chloe,Dubois,chloe.dubois386@proton.me,CTY-TLS,fra,2025-09-08,PLAN-COMMUTE,true,active,1998
I,2026-04-01T00:00:00Z,RD-005036,OP-001,Nils,Garcia,nils.garcia363@correo.es,CTY-TLS,fra,2025-03-16,PLAN-PAYG,false,active,2005
I,2026-04-01T00:00:00Z,RD-005037,OP-001,Antoine,Andersson,antoine.andersson184@mail.com,CTY-TLS,fra,2024-07-01,PLAN-PAYG,true,active,1980
I,2026-04-01T00:00:00Z,RD-005038,OP-001,Nora,Lopez,nora.lopez955@proton.me,CTY-TLS,fra,2024-02-16,PLAN-PAYG,true,active,1971
I,2026-04-01T00:00:00Z,RD-005039,OP-001,Tiago,Dubois,tiago.dubois892@gmx.de,CTY-TLS,fra,2025-09-03,PLAN-UNLIMITED,true,active,2008
I,2026-04-01T00:00:00Z,RD-005040,OP-001,Freja,Martin,freja.martin554@proton.me,CTY-TLS,fra,2024-06-17,PLAN-PAYG,false,active,1987
I,2026-04-01T00:00:00Z,RD-005041,OP-001,Nadia,Rossi,nadia.rossi888@outlook.com,CTY-TLS,fra,2025-11-14,PLAN-PAYG,true,active,1994
I,2026-04-01T00:00:00Z,RD-005042,OP-001,Manon,Bernard,manon.bernard66@correo.es,CTY-TLS,fra,2024-04-16,PLAN-PAYG,false,active,1973
I,2026-04-01T00:00:00Z,RD-005043,OP-001,Louis,Haddad,louis.haddad543@correo.es,CTY-TLS,fra,2024-07-31,PLAN-PAYG,true,active,1971
I,2026-04-01T00:00:00Z,RD-005044,OP-001,Nora,Dubois,nora.dubois277@gmx.de,CTY-TLS,fra,2024-02-15,PLAN-STUDENT,true,active,1987
I,2026-04-01T00:00:00Z,RD-005045,OP-001,Camille,Lindqvist,camille.lindqvist286@outlook.com,CTY-TLS,fra,2024-09-27,PLAN-COMMUTE,false,active,1997
I,2026-04-01T00:00:00Z,RD-005047,OP-001,Thomas,Costa,thomas.costa133@proton.me,CTY-TLS,fra,2024-11-14,PLAN-COMMUTE,true,active,2004
I,2026-04-01T00:00:00Z,RD-005048,OP-001,Beatriz,Haddad,beatriz.haddad124@gmx.de,CTY-TLS,fra,2024-05-15,PLAN-COMMUTE,true,active,1986
I,2026-04-01T00:00:00Z,RD-005049,OP-001,Rui,Conti,rui.conti485@proton.me,CTY-TLS,fra,2024-11-15,PLAN-PAYG,true,active,2001
I,2026-04-01T00:00:00Z,RD-005050,OP-001,Karim,Pereira,karim.pereira665@gmx.de,CTY-TLS,fra,2025-10-26,PLAN-PAYG,true,active,1999
I,2026-04-01T00:00:00Z,RD-005051,OP-001,Thomas,Ferrer,thomas.ferrer204@proton.me,CTY-TLS,fra,2024-09-28,PLAN-PAYG,true,active,1972
I,2026-04-01T00:00:00Z,RD-005053,OP-001,Manon,Serra,manon.serra838@correo.es,CTY-TLS,fra,2025-04-06,PLAN-TOURIST,false,active,1987
I,2026-04-01T00:00:00Z,RD-005055,OP-001,Lucia,Haddad,lucia.haddad328@proton.me,CTY-TLS,fra,2025-02-18,PLAN-COMMUTE,true,active,1973
I,2026-04-01T00:00:00Z,RD-005056,OP-001,Louis,Almeida,louis.almeida779@mail.com,CTY-TLS,fra,2024-03-13,PLAN-PAYG,false,active,1994
I,2026-04-01T00:00:00Z,RD-005057,OP-001,Elin,Moreno,elin.moreno729@correo.es,CTY-TLS,fra,2025-09-09,PLAN-COMMUTE,true,active,1999
I,2026-04-01T00:00:00Z,RD-005058,OP-001,Lucia,Almeida,lucia.almeida782@correo.es,CTY-TLS,fra,2024-05-22,PLAN-PAYG,true,active,1984
I,2026-04-01T00:00:00Z,RD-005059,OP-001,Ivan,Roux,ivan.roux454@gmx.de,CTY-TLS,fra,2025-07-19,PLAN-COMMUTE,false,active,1986
I,2026-04-01T00:00:00Z,RD-005060,OP-001,Lucia,Martin,lucia.martin497@correo.es,CTY-TLS,fra,2025-11-26,PLAN-PAYG,false,active,1985
I,2026-04-01T00:00:00Z,RD-005061,OP-001,Yasmin,Bernard,yasmin.bernard884@correo.es,CTY-TLS,fra,2025-06-16,PLAN-PAYG,true,active,1993
I,2026-04-01T00:00:00Z,RD-005062,OP-001,Beatriz,Roux,beatriz.roux290@mail.com,CTY-TLS,fra,2025-11-09,PLAN-PAYG,true,active,1992
I,2026-04-01T00:00:00Z,RD-005063,OP-001,Ines,Andersson,ines.andersson116@gmx.de,CTY-TLS,fra,2025-10-12,PLAN-STUDENT,true,active,1986
I,2026-04-01T00:00:00Z,RD-005064,OP-001,Nils,Bernard,nils.bernard531@mail.com,CTY-TLS,fra,2025-10-21,PLAN-PAYG,true,active,1992
I,2026-04-01T00:00:00Z,RD-005065,OP-001,Beatriz,Costa,beatriz.costa53@mail.com,CTY-TLS,fra,2024-09-01,PLAN-PAYG,true,active,1993
I,2026-04-01T00:00:00Z,RD-005066,OP-001,Oskar,Garcia,oskar.garcia419@mail.com,CTY-TLS,fra,2025-12-09,PLAN-PAYG,true,active,2001
I,2026-04-01T00:00:00Z,RD-005067,OP-001,Aina,Roux,aina.roux464@mail.com,CTY-TLS,fra,2024-08-15,PLAN-PAYG,true,active,1975
I,2026-04-01T00:00:00Z,RD-005069,OP-001,Hugo,Novak,hugo.novak742@outlook.com,CTY-TLS,fra,2025-02-21,PLAN-COMMUTE,false,active,1978
I,2026-04-01T00:00:00Z,RD-005070,OP-001,Hugo,Martin,hugo.martin898@correo.es,CTY-TLS,fra,2026-01-29,PLAN-COMMUTE,true,active,1987
I,2026-04-01T00:00:00Z,RD-005071,OP-001,Thomas,Haddad,thomas.haddad220@correo.es,CTY-TLS,fra,2025-06-07,PLAN-COMMUTE,true,active,2005
I,2026-04-01T00:00:00Z,RD-005072,OP-001,Emil,Serra,emil.serra88@outlook.com,CTY-TLS,fra,2025-06-11,PLAN-STUDENT,true,active,2002
I,2026-04-01T00:00:00Z,RD-005073,OP-001,Omar,Kowalski,omar.kowalski681@outlook.com,CTY-TLS,fra,2024-03-18,PLAN-PAYG,true,active,2000
I,2026-04-01T00:00:00Z,RD-005074,OP-001,Tiago,Roux,tiago.roux20@outlook.com,CTY-TLS,fra,2024-09-26,PLAN-PAYG,false,active,2008
I,2026-04-01T00:00:00Z,RD-005075,OP-001,Hugo,Dubois,hugo.dubois797@gmx.de,CTY-TLS,fra,2024-10-02,PLAN-PAYG,true,active,1973
I,2026-04-01T00:00:00Z,RD-005076,OP-001,Emil,Costa,emil.costa400@proton.me,CTY-TLS,fra,2024-05-19,PLAN-PAYG,true,active,2006
I,2026-04-01T00:00:00Z,RD-005077,OP-001,Chloe,Rossi,chloe.rossi190@correo.es,CTY-TLS,fra,2024-07-02,PLAN-PAYG,false,active,1984
I,2026-04-01T00:00:00Z,RD-005078,OP-001,Ivan,Vidal,ivan.vidal99@proton.me,CTY-TLS,fra,2026-03-06,PLAN-COMMUTE,true,active,1973
I,2026-04-01T00:00:00Z,RD-005079,OP-001,Beatriz,Dubois,beatriz.dubois88@proton.me,CTY-TLS,fra,2024-04-08,PLAN-PAYG,true,active,1989
I,2026-04-01T00:00:00Z,RD-005080,OP-001,Marta,Roux,marta.roux983@gmx.de,CTY-TLS,fra,2026-03-04,PLAN-STUDENT,false,active,1968
I,2026-04-01T00:00:00Z,RD-005081,OP-001,Ivan,Andersson,ivan.andersson833@mail.com,CTY-TLS,fra,2025-03-12,PLAN-CORP,false,active,1991
I,2026-04-01T00:00:00Z,RD-005082,OP-001,Elin,Vidal,elin.vidal405@gmx.de,CTY-TLS,fra,2025-02-19,PLAN-UNLIMITED,false,active,1966
I,2026-04-01T00:00:00Z,RD-005083,OP-001,Louis,Lopez,louis.lopez935@correo.es,CTY-TLS,fra,2024-08-05,PLAN-COMMUTE,false,active,1971
I,2026-04-01T00:00:00Z,RD-005084,OP-001,Nora,Conti,nora.conti727@mail.com,CTY-TLS,fra,2025-08-19,PLAN-PAYG,false,active,1983
I,2026-04-01T00:00:00Z,RD-005085,OP-001,Omar,Costa,omar.costa421@correo.es,CTY-TLS,fra,2026-03-04,PLAN-PAYG,false,active,1966
I,2026-04-01T00:00:00Z,RD-005087,OP-001,Freja,Pereira,freja.pereira63@correo.es,CTY-TLS,fra,2025-02-19,PLAN-PAYG,false,active,1979
I,2026-04-01T00:00:00Z,RD-005088,OP-001,Diego,Haddad,diego.haddad818@gmx.de,CTY-TLS,fra,2026-03-23,PLAN-COMMUTE,false,active,1977
I,2026-04-01T00:00:00Z,RD-005089,OP-001,Astrid,Kowalski,astrid.kowalski202@gmx.de,CTY-TLS,fra,2024-10-02,PLAN-TOURIST,false,active,2000
I,2026-04-01T00:00:00Z,RD-005090,OP-001,Pablo,Pereira,pablo.pereira123@proton.me,CTY-TLS,fra,2024-07-21,PLAN-PAYG,false,active,2007
I,2026-04-01T00:00:00Z,RD-005091,OP-001,Nadia,Berg,nadia.berg102@correo.es,CTY-TLS,fra,2024-05-28,PLAN-COMMUTE,true,active,2003
I,2026-04-01T00:00:00Z,RD-005092,OP-001,Pablo,Fischer,pablo.fischer862@proton.me,CTY-TLS,fra,2025-08-27,PLAN-PAYG,true,active,2004
I,2026-04-01T00:00:00Z,RD-005093,OP-001,Thomas,Fischer,thomas.fischer939@correo.es,CTY-TLS,fra,2024-01-29,PLAN-PAYG,true,active,1968
I,2026-04-01T00:00:00Z,RD-005094,OP-001,Astrid,Silva,astrid.silva181@outlook.com,CTY-TLS,fra,2025-11-08,PLAN-UNLIMITED,true,active,2008
I,2026-04-01T00:00:00Z,RD-005095,OP-001,Tiago,Silva,tiago.silva211@correo.es,CTY-TLS,fra,2026-01-23,PLAN-PAYG,true,active,1963
I,2026-04-01T00:00:00Z,RD-005096,OP-001,Diego,Silva,diego.silva90@correo.es,CTY-TLS,fra,2024-11-26,PLAN-PAYG,false,active,2008
I,2026-04-01T00:00:00Z,RD-005097,OP-001,Nora,Kowalski,nora.kowalski68@proton.me,CTY-TLS,fra,2024-08-18,PLAN-CORP,true,active,1986
I,2026-04-01T00:00:00Z,RD-005098,OP-001,Ivan,Fischer,ivan.fischer268@proton.me,CTY-TLS,fra,2024-12-22,PLAN-COMMUTE,false,active,1978
I,2026-04-01T00:00:00Z,RD-005099,OP-001,Karim,Andersson,karim.andersson649@outlook.com,CTY-TLS,fra,2025-10-16,PLAN-CORP,true,active,1982
I,2026-04-01T00:00:00Z,RD-005100,OP-001,Diego,Moreno,diego.moreno558@outlook.com,CTY-TLS,fra,2025-02-24,PLAN-CORP,true,active,1964
I,2026-04-01T00:00:00Z,RD-005101,OP-001,Freja,Roux,freja.roux607@gmx.de,CTY-TLS,fra,2025-10-22,PLAN-PAYG,true,active,1973
I,2026-04-01T00:00:00Z,RD-005102,OP-001,Omar,Bernard,omar.bernard472@mail.com,CTY-TLS,fra,2024-12-20,PLAN-COMMUTE,false,active,1998
I,2026-04-01T00:00:00Z,RD-005103,OP-001,Louis,Moreno,louis.moreno660@outlook.com,CTY-TLS,fra,2025-11-10,PLAN-TOURIST,false,active,1973
I,2026-04-01T00:00:00Z,RD-005104,OP-001,Oskar,Nilsson,oskar.nilsson110@gmx.de,CTY-TLS,fra,2024-07-19,PLAN-PAYG,false,active,1983
I,2026-04-01T00:00:00Z,RD-005105,OP-001,Pablo,Andersson,pablo.andersson990@proton.me,CTY-TLS,fra,2025-06-13,PLAN-PAYG,true,active,1988
I,2026-04-01T00:00:00Z,RD-005106,OP-001,Astrid,Rossi,astrid.rossi84@proton.me,CTY-TLS,fra,2025-01-30,PLAN-PAYG,true,active,1982
I,2026-04-01T00:00:00Z,RD-005107,OP-001,Sofia,Lindqvist,sofia.lindqvist21@proton.me,CTY-TLS,fra,2025-11-29,PLAN-COMMUTE,true,active,1986
I,2026-04-01T00:00:00Z,RD-005108,OP-001,Emil,Lopez,emil.lopez266@proton.me,CTY-TLS,fra,2025-12-18,PLAN-PAYG,false,active,1977
I,2026-04-01T00:00:00Z,RD-005109,OP-001,Antoine,Lopez,antoine.lopez809@outlook.com,CTY-TLS,fra,2025-04-09,PLAN-STUDENT,false,active,1962
I,2026-04-01T00:00:00Z,RD-005110,OP-001,Louis,Kowalski,louis.kowalski462@correo.es,CTY-TLS,fra,2026-02-27,PLAN-TOURIST,false,active,1990
I,2026-04-01T00:00:00Z,RD-005111,OP-001,Aina,Ferrer,aina.ferrer441@correo.es,CTY-TLS,fra,2025-07-21,PLAN-COMMUTE,true,active,2001
I,2026-04-01T00:00:00Z,RD-005112,OP-001,Manon,Moreno,manon.moreno566@proton.me,CTY-TLS,fra,2025-03-30,PLAN-PAYG,false,active,2006
I,2026-04-01T00:00:00Z,RD-005113,OP-001,Sofia,Martin,sofia.martin910@mail.com,CTY-TLS,fra,2024-01-15,PLAN-COMMUTE,true,active,2002
I,2026-04-01T00:00:00Z,RD-005114,OP-001,Oskar,Costa,oskar.costa464@gmx.de,CTY-TLS,fra,2024-05-03,PLAN-PAYG,true,active,1978
I,2026-04-01T00:00:00Z,RD-005115,OP-001,Freja,Moreno,freja.moreno723@correo.es,CTY-TLS,fra,2024-10-29,PLAN-PAYG,false,active,1965
I,2026-04-01T00:00:00Z,RD-005116,OP-001,Ivan,Benali,ivan.benali866@proton.me,CTY-TLS,fra,2024-05-08,PLAN-PAYG,false,active,1984
I,2026-04-01T00:00:00Z,RD-005117,OP-001,Astrid,Pereira,astrid.pereira59@outlook.com,CTY-TLS,fra,2025-10-09,PLAN-PAYG,false,active,1970
I,2026-04-01T00:00:00Z,RD-005118,OP-001,Oskar,Kowalski,oskar.kowalski362@proton.me,CTY-TLS,fra,2025-09-23,PLAN-PAYG,true,active,1975
I,2026-04-01T00:00:00Z,RD-005119,OP-001,Ines,Silva,ines.silva520@outlook.com,CTY-TLS,fra,2024-06-13,PLAN-PAYG,true,active,1975
I,2026-04-01T00:00:00Z,RD-005120,OP-001,Aina,Benali,aina.benali498@outlook.com,CTY-TLS,fra,2025-03-13,PLAN-PAYG,false,active,1974
I,2026-04-01T00:00:00Z,RD-005121,OP-001,Omar,Costa,omar.costa688@gmx.de,CTY-TLS,fra,2025-11-30,PLAN-COMMUTE,true,active,2000
I,2026-04-01T00:00:00Z,RD-005122,OP-001,Astrid,Weber,astrid.weber525@gmx.de,CTY-TLS,fra,2024-09-10,PLAN-PAYG,false,active,2007
I,2026-04-01T00:00:00Z,RD-005123,OP-001,Antoine,Kowalski,antoine.kowalski343@gmx.de,CTY-TLS,fra,2024-05-25,PLAN-PAYG,false,active,1974
I,2026-04-01T00:00:00Z,RD-005124,OP-001,Nils,Almeida,nils.almeida100@mail.com,CTY-TLS,fra,2025-05-24,PLAN-PAYG,true,active,1989
I,2026-04-01T00:00:00Z,RD-005125,OP-001,Oskar,Andersson,oskar.andersson612@gmx.de,CTY-TLS,fra,2024-12-16,PLAN-PAYG,true,active,2000
I,2026-04-01T00:00:00Z,RD-005126,OP-001,Sofia,Costa,sofia.costa682@outlook.com,CTY-TLS,fra,2025-03-11,PLAN-PAYG,false,active,1994
I,2026-04-01T00:00:00Z,RD-005127,OP-001,Manon,Kowalski,manon.kowalski552@proton.me,CTY-TLS,fra,2024-09-26,PLAN-PAYG,true,active,2000
I,2026-04-01T00:00:00Z,RD-005128,OP-001,Beatriz,Conti,beatriz.conti534@gmx.de,CTY-TLS,fra,2024-06-03,PLAN-PAYG,false,active,1969
I,2026-04-01T00:00:00Z,RD-005130,OP-001,Diego,Haddad,diego.haddad163@mail.com,CTY-TLS,fra,2024-09-26,PLAN-PAYG,false,active,2008
I,2026-04-01T00:00:00Z,RD-005131,OP-001,Karim,Ferrer,karim.ferrer863@proton.me,CTY-TLS,fra,2025-04-18,PLAN-PAYG,true,active,1997
I,2026-04-01T00:00:00Z,RD-005132,OP-001,Oskar,Martin,oskar.martin24@gmx.de,CTY-TLS,fra,2024-11-12,PLAN-PAYG,false,active,2002
I,2026-04-01T00:00:00Z,RD-005133,OP-001,Chloe,Dubois,chloe.dubois21@correo.es,CTY-TLS,fra,2026-03-20,PLAN-PAYG,false,active,1989
I,2026-04-01T00:00:00Z,RD-005134,OP-001,Freja,Fischer,freja.fischer988@proton.me,CTY-TLS,fra,2024-02-21,PLAN-COMMUTE,false,active,1998
I,2026-04-01T00:00:00Z,RD-005135,OP-001,Antoine,Benali,antoine.benali684@mail.com,CTY-TLS,fra,2024-03-19,PLAN-COMMUTE,false,active,2007
I,2026-04-01T00:00:00Z,RD-005136,OP-001,Camille,Costa,camille.costa637@gmx.de,CTY-TLS,fra,2024-04-10,PLAN-PAYG,true,active,1976
I,2026-04-01T00:00:00Z,RD-005137,OP-001,Sofia,Fischer,sofia.fischer744@mail.com,CTY-TLS,fra,2025-01-06,PLAN-PAYG,true,active,1993
I,2026-04-01T00:00:00Z,RD-005138,OP-001,Joan,Bernard,joan.bernard143@mail.com,CTY-TLS,fra,2024-06-04,PLAN-COMMUTE,false,active,1967
I,2026-04-01T00:00:00Z,RD-005139,OP-001,Manon,Rossi,manon.rossi5@correo.es,CTY-TLS,fra,2024-01-30,PLAN-COMMUTE,false,active,1964
I,2026-04-01T00:00:00Z,RD-005140,OP-001,Lucia,Fischer,lucia.fischer452@gmx.de,CTY-TLS,fra,2024-11-07,PLAN-UNLIMITED,false,active,1973
I,2026-04-01T00:00:00Z,RD-005141,OP-001,Rui,Haddad,rui.haddad380@gmx.de,CTY-TLS,fra,2024-12-21,PLAN-PAYG,false,active,1994
I,2026-04-01T00:00:00Z,RD-005142,OP-001,Nora,Rossi,nora.rossi628@proton.me,CTY-TLS,fra,2024-09-15,PLAN-PAYG,false,active,1982
I,2026-04-01T00:00:00Z,RD-005143,OP-001,Freja,Roux,freja.roux845@proton.me,CTY-TLS,fra,2024-05-19,PLAN-PAYG,true,active,1977
I,2026-04-01T00:00:00Z,RD-005144,OP-001,Manon,Novak,manon.novak906@proton.me,CTY-TLS,fra,2024-11-10,PLAN-PAYG,true,active,1975
I,2026-04-01T00:00:00Z,RD-005145,OP-001,Chloe,Nilsson,chloe.nilsson55@outlook.com,CTY-TLS,fra,2026-03-21,PLAN-PAYG,true,active,1975
I,2026-04-01T00:00:00Z,RD-005146,OP-001,Joan,Moreno,joan.moreno416@gmx.de,CTY-TLS,fra,2024-02-20,PLAN-COMMUTE,false,active,1999
I,2026-04-01T00:00:00Z,RD-005147,OP-001,Joan,Andersson,joan.andersson580@correo.es,CTY-TLS,fra,2026-02-01,PLAN-UNLIMITED,false,active,1969
I,2026-04-01T00:00:00Z,RD-005148,OP-001,Emil,Kowalski,emil.kowalski200@correo.es,CTY-TLS,fra,2025-10-02,PLAN-PAYG,true,active,2007
I,2026-04-01T00:00:00Z,RD-005149,OP-001,Camille,Ferrer,camille.ferrer855@proton.me,CTY-TLS,fra,2025-12-21,PLAN-PAYG,true,active,1968
I,2026-04-01T00:00:00Z,RD-005150,OP-001,Camille,Roux,camille.roux393@mail.com,CTY-TLS,fra,2026-03-31,PLAN-UNLIMITED,true,active,1998
I,2026-04-01T00:00:00Z,RD-005151,OP-001,Hugo,Lindqvist,hugo.lindqvist473@outlook.com,CTY-TLS,fra,2025-01-20,PLAN-PAYG,true,active,2004
I,2026-04-01T00:00:00Z,RD-005152,OP-001,Antoine,Garcia,antoine.garcia158@correo.es,CTY-TLS,fra,2024-03-03,PLAN-UNLIMITED,true,active,1987
I,2026-04-01T00:00:00Z,RD-005153,OP-001,Beatriz,Kowalski,beatriz.kowalski789@correo.es,CTY-TLS,fra,2024-01-07,PLAN-STUDENT,false,active,1990
I,2026-04-01T00:00:00Z,RD-005154,OP-001,Rui,Silva,rui.silva434@gmx.de,CTY-TLS,fra,2025-01-01,PLAN-PAYG,true,active,1966
I,2026-04-01T00:00:00Z,RD-005155,OP-001,Rui,Novak,rui.novak299@proton.me,CTY-TLS,fra,2024-12-23,PLAN-COMMUTE,false,active,1977
I,2026-04-01T00:00:00Z,RD-005156,OP-001,Beatriz,Haddad,beatriz.haddad314@mail.com,CTY-TLS,fra,2024-06-15,PLAN-COMMUTE,true,active,1994
I,2026-04-01T00:00:00Z,RD-005157,OP-001,Chloe,Berg,chloe.berg59@correo.es,CTY-TLS,fra,2024-05-27,PLAN-PAYG,false,active,2001
I,2026-04-01T00:00:00Z,RD-005158,OP-001,Lucia,Berg,lucia.berg46@outlook.com,CTY-TLS,fra,2025-09-13,PLAN-COMMUTE,true,active,2001
I,2026-04-01T00:00:00Z,RD-005159,OP-001,Louis,Costa,louis.costa534@proton.me,CTY-TLS,fra,2024-05-21,PLAN-COMMUTE,false,active,1977
I,2026-04-01T00:00:00Z,RD-005161,OP-001,Ivan,Andersson,ivan.andersson456@proton.me,CTY-TLS,fra,2024-07-07,PLAN-TOURIST,false,active,1975
I,2026-04-01T00:00:00Z,RD-005162,OP-001,Manon,Nilsson,manon.nilsson880@correo.es,CTY-TLS,fra,2024-02-23,PLAN-COMMUTE,false,active,1987
I,2026-04-01T00:00:00Z,RD-005163,OP-001,Ines,Benali,ines.benali242@outlook.com,CTY-TLS,fra,2024-06-24,PLAN-PAYG,false,active,2008
I,2026-04-01T00:00:00Z,RD-005164,OP-001,Elin,Conti,elin.conti2@mail.com,CTY-TLS,fra,2024-03-16,PLAN-TOURIST,false,active,2005
I,2026-04-01T00:00:00Z,RD-005165,OP-001,Diego,Nilsson,diego.nilsson870@gmx.de,CTY-TLS,fra,2025-07-17,PLAN-PAYG,true,active,1962
I,2026-04-01T00:00:00Z,RD-005166,OP-001,Astrid,Berg,astrid.berg818@outlook.com,CTY-TLS,fra,2024-04-17,PLAN-UNLIMITED,false,active,1962
I,2026-04-01T00:00:00Z,RD-005167,OP-001,Nora,Kowalski,nora.kowalski740@proton.me,CTY-TLS,fra,2024-04-15,PLAN-PAYG,true,active,1970
I,2026-04-01T00:00:00Z,RD-005168,OP-001,Oskar,Weber,oskar.weber612@outlook.com,CTY-TLS,fra,2025-10-04,PLAN-PAYG,true,active,1963
I,2026-04-01T00:00:00Z,RD-005169,OP-001,Nora,Serra,nora.serra109@mail.com,CTY-TLS,fra,2024-10-07,PLAN-PAYG,false,active,1970
I,2026-04-01T00:00:00Z,RD-005170,OP-001,Ines,Weber,ines.weber931@outlook.com,CTY-TLS,fra,2024-06-02,PLAN-PAYG,false,active,1990
I,2026-04-01T00:00:00Z,RD-005171,OP-001,Elin,Costa,elin.costa160@proton.me,CTY-TLS,fra,2024-04-27,PLAN-PAYG,true,active,2003
I,2026-04-01T00:00:00Z,RD-005172,OP-001,Joan,Martin,joan.martin789@correo.es,CTY-TLS,fra,2025-03-12,PLAN-PAYG,true,active,1973
I,2026-04-01T00:00:00Z,RD-005173,OP-001,Hugo,Costa,hugo.costa440@proton.me,CTY-TLS,fra,2025-01-31,PLAN-STUDENT,true,active,1969
I,2026-04-01T00:00:00Z,RD-005174,OP-001,Nadia,Serra,nadia.serra165@mail.com,CTY-TLS,fra,2025-03-03,PLAN-UNLIMITED,true,active,1981
I,2026-04-01T00:00:00Z,RD-005175,OP-001,Oskar,Haddad,oskar.haddad576@correo.es,CTY-TLS,fra,2024-12-21,PLAN-COMMUTE,false,active,1987
I,2026-04-01T00:00:00Z,RD-005176,OP-001,Omar,Costa,omar.costa594@correo.es,CTY-TLS,fra,2024-03-06,PLAN-COMMUTE,false,active,2000
I,2026-04-01T00:00:00Z,RD-005177,OP-001,Joan,Haddad,joan.haddad312@gmx.de,CTY-TLS,fra,2025-08-03,PLAN-PAYG,false,active,1993
I,2026-04-01T00:00:00Z,RD-005178,OP-001,Oskar,Andersson,oskar.andersson867@correo.es,CTY-TLS,fra,2025-03-13,PLAN-COMMUTE,true,active,1984
I,2026-04-01T00:00:00Z,RD-005179,OP-001,Nils,Nilsson,nils.nilsson557@proton.me,CTY-TLS,fra,2024-12-28,PLAN-UNLIMITED,false,active,1989
I,2026-04-01T00:00:00Z,RD-005180,OP-001,Nils,Haddad,nils.haddad332@proton.me,CTY-TLS,fra,2025-11-10,PLAN-PAYG,true,active,1982
I,2026-04-01T00:00:00Z,RD-005181,OP-001,Pablo,Roux,pablo.roux964@mail.com,CTY-TLS,fra,2025-01-09,PLAN-PAYG,false,active,1979
I,2026-04-01T00:00:00Z,RD-005182,OP-001,Karim,Silva,karim.silva600@mail.com,CTY-TLS,fra,2025-01-18,PLAN-PAYG,true,active,1983
I,2026-04-01T00:00:00Z,RD-005183,OP-001,Nils,Bernard,nils.bernard894@correo.es,CTY-TLS,fra,2024-11-13,PLAN-PAYG,false,active,2001
I,2026-04-01T00:00:00Z,RD-005185,OP-001,Freja,Pereira,freja.pereira975@proton.me,CTY-TLS,fra,2025-12-10,PLAN-PAYG,true,active,1994
I,2026-04-01T00:00:00Z,RD-005186,OP-001,Oskar,Ferrer,oskar.ferrer428@correo.es,CTY-TLS,fra,2024-04-14,PLAN-COMMUTE,false,active,1962
I,2026-04-01T00:00:00Z,RD-005187,OP-001,Karim,Fischer,karim.fischer29@outlook.com,CTY-TLS,fra,2024-06-15,PLAN-PAYG,false,active,1973
I,2026-04-01T00:00:00Z,RD-005191,OP-001,Lucia,Silva,lucia.silva690@outlook.com,CTY-TLS,fra,2024-05-14,PLAN-CORP,false,active,1985
I,2026-04-01T00:00:00Z,RD-005192,OP-001,Manon,Fischer,manon.fischer748@outlook.com,CTY-TLS,fra,2024-09-03,PLAN-PAYG,true,active,1983
I,2026-04-01T00:00:00Z,RD-005193,OP-001,Ines,Kowalski,ines.kowalski643@outlook.com,CTY-TLS,fra,2025-09-15,PLAN-COMMUTE,true,active,1989
I,2026-04-01T00:00:00Z,RD-005194,OP-001,Beatriz,Costa,beatriz.costa945@outlook.com,CTY-TLS,fra,2024-12-22,PLAN-COMMUTE,true,active,1970
I,2026-04-01T00:00:00Z,RD-005195,OP-001,Tiago,Rossi,tiago.rossi330@mail.com,CTY-TLS,fra,2025-11-26,PLAN-PAYG,true,active,1998
I,2026-04-01T00:00:00Z,RD-005196,OP-001,Chloe,Ferrer,chloe.ferrer509@gmx.de,CTY-TLS,fra,2024-04-01,PLAN-COMMUTE,false,active,1977
I,2026-04-01T00:00:00Z,RD-005197,OP-001,Manon,Lopez,manon.lopez916@outlook.com,CTY-TLS,fra,2024-10-21,PLAN-PAYG,true,active,1989
I,2026-04-01T00:00:00Z,RD-005198,OP-001,Karim,Garcia,karim.garcia736@mail.com,CTY-TLS,fra,2025-09-16,PLAN-UNLIMITED,true,active,1982
I,2026-04-01T00:00:00Z,RD-005199,OP-001,Louis,Garcia,louis.garcia330@outlook.com,CTY-TLS,fra,2026-02-08,PLAN-COMMUTE,true,active,2001
I,2026-04-01T00:00:00Z,RD-005200,OP-001,Camille,Dubois,camille.dubois64@mail.com,CTY-TLS,fra,2024-10-02,PLAN-STUDENT,false,active,2001
I,2026-04-01T00:00:00Z,RD-005201,OP-001,Emil,Costa,emil.costa269@gmx.de,CTY-TLS,fra,2024-07-31,PLAN-PAYG,false,active,1972
I,2026-04-01T00:00:00Z,RD-005202,OP-001,Lucia,Garcia,lucia.garcia18@outlook.com,CTY-TLS,fra,2024-06-15,PLAN-UNLIMITED,true,active,1994
I,2026-04-01T00:00:00Z,RD-005203,OP-001,Hugo,Roux,hugo.roux329@gmx.de,CTY-TLS,fra,2025-02-20,PLAN-COMMUTE,false,active,1997
I,2026-04-01T00:00:00Z,RD-005204,OP-001,Astrid,Serra,astrid.serra724@gmx.de,CTY-TLS,fra,2024-02-05,PLAN-PAYG,false,active,1969
I,2026-04-01T00:00:00Z,RD-005205,OP-001,Rui,Ferrer,rui.ferrer379@proton.me,CTY-TLS,fra,2025-04-13,PLAN-COMMUTE,true,active,1990
I,2026-04-01T00:00:00Z,RD-005206,OP-001,Yasmin,Fischer,yasmin.fischer674@mail.com,CTY-TLS,fra,2025-01-23,PLAN-TOURIST,false,active,1967
I,2026-04-01T00:00:00Z,RD-005207,OP-001,Omar,Kowalski,omar.kowalski116@correo.es,CTY-TLS,fra,2024-10-09,PLAN-COMMUTE,true,active,1972
I,2026-04-01T00:00:00Z,RD-005209,OP-001,Beatriz,Costa,beatriz.costa497@proton.me,CTY-TLS,fra,2024-06-12,PLAN-COMMUTE,false,active,1999
I,2026-04-01T00:00:00Z,RD-005210,OP-001,Rui,Vidal,rui.vidal614@mail.com,CTY-TLS,fra,2025-03-01,PLAN-STUDENT,false,active,1998
I,2026-04-01T00:00:00Z,RD-005211,OP-001,Louis,Kowalski,louis.kowalski30@proton.me,CTY-TLS,fra,2025-09-04,PLAN-UNLIMITED,true,active,1993
I,2026-04-01T00:00:00Z,RD-005212,OP-001,Nils,Moreno,nils.moreno729@correo.es,CTY-TLS,fra,2024-06-22,PLAN-PAYG,true,active,2004
I,2026-04-01T00:00:00Z,RD-005213,OP-001,Aina,Garcia,aina.garcia889@gmx.de,CTY-TLS,fra,2026-02-20,PLAN-PAYG,false,active,1999
I,2026-04-01T00:00:00Z,RD-005214,OP-001,Pablo,Silva,pablo.silva211@gmx.de,CTY-TLS,fra,2025-04-25,PLAN-COMMUTE,true,active,1997
I,2026-04-01T00:00:00Z,RD-005215,OP-001,Oskar,Novak,oskar.novak210@proton.me,CTY-TLS,fra,2024-07-24,PLAN-PAYG,false,active,1999
I,2026-04-01T00:00:00Z,RD-005216,OP-001,Chloe,Lopez,chloe.lopez754@proton.me,CTY-TLS,fra,2025-07-07,PLAN-UNLIMITED,false,active,1962
I,2026-04-01T00:00:00Z,RD-005217,OP-001,Pablo,Roux,pablo.roux803@mail.com,CTY-TLS,fra,2025-10-06,PLAN-PAYG,true,active,1976
I,2026-04-01T00:00:00Z,RD-005219,OP-001,Ivan,Serra,ivan.serra927@proton.me,CTY-TLS,fra,2025-10-06,PLAN-PAYG,false,active,1968
I,2026-04-01T00:00:00Z,RD-005220,OP-001,Aina,Martin,aina.martin617@proton.me,CTY-TLS,fra,2026-03-01,PLAN-PAYG,false,active,2001
I,2026-04-01T00:00:00Z,RD-005221,OP-001,Camille,Ferrer,camille.ferrer71@correo.es,CTY-TLS,fra,2026-01-12,PLAN-COMMUTE,true,active,1973
I,2026-04-01T00:00:00Z,RD-005222,OP-001,Thomas,Ferrer,thomas.ferrer186@mail.com,CTY-TLS,fra,2024-05-25,PLAN-PAYG,false,active,2004
I,2026-04-01T00:00:00Z,RD-005223,OP-001,Yasmin,Rossi,yasmin.rossi115@outlook.com,CTY-TLS,fra,2024-11-21,PLAN-PAYG,true,active,1988
I,2026-04-01T00:00:00Z,RD-005224,OP-001,Nadia,Berg,nadia.berg115@mail.com,CTY-TLS,fra,2025-05-02,PLAN-STUDENT,true,active,2004
I,2026-04-01T00:00:00Z,RD-005225,OP-001,Karim,Silva,karim.silva18@mail.com,CTY-TLS,fra,2025-08-28,PLAN-COMMUTE,true,active,1994
I,2026-04-01T00:00:00Z,RD-005226,OP-001,Diego,Serra,diego.serra100@proton.me,CTY-TLS,fra,2026-02-22,PLAN-PAYG,true,active,1996
I,2026-04-01T00:00:00Z,RD-005227,OP-001,Antoine,Weber,antoine.weber873@mail.com,CTY-TLS,fra,2024-08-16,PLAN-PAYG,false,active,2005
I,2026-04-01T00:00:00Z,RD-005228,OP-001,Sofia,Andersson,sofia.andersson912@mail.com,CTY-TLS,fra,2024-08-17,PLAN-STUDENT,false,active,1998
I,2026-04-01T00:00:00Z,RD-005229,OP-001,Hugo,Silva,hugo.silva94@proton.me,CTY-TLS,fra,2025-10-16,PLAN-PAYG,true,active,1984
I,2026-04-01T00:00:00Z,RD-005230,OP-001,Ines,Moreno,ines.moreno168@correo.es,CTY-TLS,fra,2025-05-27,PLAN-PAYG,false,active,1971
I,2026-04-01T00:00:00Z,RD-005231,OP-001,Rui,Rossi,rui.rossi567@gmx.de,CTY-TLS,fra,2025-03-04,PLAN-TOURIST,false,active,1973
I,2026-04-01T00:00:00Z,RD-005232,OP-001,Lucia,Lopez,lucia.lopez9@mail.com,CTY-TLS,fra,2025-04-07,PLAN-PAYG,true,active,1994
I,2026-04-01T00:00:00Z,RD-005233,OP-001,Aina,Moreno,aina.moreno11@proton.me,CTY-TLS,fra,2024-10-01,PLAN-STUDENT,false,active,1989
I,2026-04-01T00:00:00Z,RD-005234,OP-001,Diego,Conti,diego.conti684@correo.es,CTY-TLS,fra,2024-12-11,PLAN-PAYG,true,active,1969
I,2026-04-01T00:00:00Z,RD-005235,OP-001,Manon,Rossi,manon.rossi341@mail.com,CTY-TLS,fra,2026-01-11,PLAN-COMMUTE,true,active,1968
I,2026-04-01T00:00:00Z,RD-005236,OP-001,Ivan,Berg,ivan.berg387@outlook.com,CTY-TLS,fra,2025-09-12,PLAN-UNLIMITED,false,active,1963
I,2026-04-01T00:00:00Z,RD-005237,OP-001,Beatriz,Vidal,beatriz.vidal863@outlook.com,CTY-TLS,fra,2024-03-25,PLAN-PAYG,false,active,1984
I,2026-04-01T00:00:00Z,RD-005238,OP-001,Sofia,Kowalski,sofia.kowalski285@outlook.com,CTY-TLS,fra,2025-08-20,PLAN-PAYG,false,active,1980
I,2026-04-01T00:00:00Z,RD-005239,OP-001,Astrid,Vidal,astrid.vidal57@gmx.de,CTY-TLS,fra,2026-02-20,PLAN-PAYG,false,active,1970
I,2026-04-01T00:00:00Z,RD-005240,OP-001,Louis,Moreno,louis.moreno422@correo.es,CTY-TLS,fra,2025-01-04,PLAN-COMMUTE,true,active,1978
I,2026-04-01T00:00:00Z,RD-005242,OP-001,Antoine,Costa,antoine.costa70@gmx.de,CTY-TLS,fra,2025-06-13,PLAN-COMMUTE,true,active,1982
I,2026-04-01T00:00:00Z,RD-005243,OP-001,Aina,Rossi,aina.rossi524@outlook.com,CTY-TLS,fra,2026-02-13,PLAN-COMMUTE,false,active,1981
I,2026-04-01T00:00:00Z,RD-005244,OP-001,Freja,Silva,freja.silva626@correo.es,CTY-TLS,fra,2025-07-27,PLAN-UNLIMITED,false,active,1977
I,2026-04-01T00:00:00Z,RD-005245,OP-001,Lucia,Martin,lucia.martin159@mail.com,CTY-TLS,fra,2024-10-27,PLAN-PAYG,true,active,1976
I,2026-04-01T00:00:00Z,RD-005246,OP-001,Manon,Pereira,manon.pereira972@proton.me,CTY-TLS,fra,2025-09-24,PLAN-PAYG,true,active,2001
I,2026-04-01T00:00:00Z,RD-005247,OP-001,Nora,Martin,nora.martin767@proton.me,CTY-TLS,fra,2024-05-15,PLAN-COMMUTE,false,active,1978
I,2026-04-01T00:00:00Z,RD-005248,OP-001,Yasmin,Vidal,yasmin.vidal169@gmx.de,CTY-TLS,fra,2024-04-28,PLAN-TOURIST,true,active,2007
I,2026-04-01T00:00:00Z,RD-005249,OP-001,Nora,Bernard,nora.bernard776@mail.com,CTY-TLS,fra,2024-10-08,PLAN-PAYG,false,active,1970
I,2026-04-01T00:00:00Z,RD-005252,OP-001,Ivan,Serra,ivan.serra571@outlook.com,CTY-TLS,fra,2025-09-10,PLAN-UNLIMITED,false,active,1975
I,2026-04-01T00:00:00Z,RD-005253,OP-001,Ivan,Costa,ivan.costa544@gmx.de,CTY-TLS,fra,2024-01-01,PLAN-UNLIMITED,true,active,2002
I,2026-04-01T00:00:00Z,RD-005254,OP-001,Astrid,Costa,astrid.costa914@correo.es,CTY-TLS,fra,2025-07-13,PLAN-TOURIST,true,active,1972
I,2026-04-01T00:00:00Z,RD-005255,OP-001,Lucia,Bernard,lucia.bernard790@gmx.de,CTY-TLS,fra,2026-03-30,PLAN-UNLIMITED,true,active,1997
I,2026-04-01T00:00:00Z,RD-005256,OP-001,Ines,Costa,ines.costa723@outlook.com,CTY-TLS,fra,2025-07-31,PLAN-PAYG,true,active,1995
I,2026-04-01T00:00:00Z,RD-005257,OP-001,Pablo,Moreno,pablo.moreno636@gmx.de,CTY-TLS,fra,2025-09-08,PLAN-PAYG,true,active,1993
I,2026-04-01T00:00:00Z,RD-005258,OP-001,Yasmin,Rossi,yasmin.rossi139@mail.com,CTY-TLS,fra,2024-10-19,PLAN-PAYG,true,active,1974
I,2026-04-01T00:00:00Z,RD-005259,OP-001,Louis,Haddad,louis.haddad348@correo.es,CTY-TLS,fra,2024-11-22,PLAN-STUDENT,true,active,1974
I,2026-04-01T00:00:00Z,RD-005260,OP-001,Diego,Haddad,diego.haddad102@outlook.com,CTY-TLS,fra,2025-12-30,PLAN-PAYG,true,active,1979
I,2026-04-01T00:00:00Z,RD-005261,OP-001,Joan,Haddad,joan.haddad190@gmx.de,CTY-TLS,fra,2024-08-08,PLAN-PAYG,true,active,2002
I,2026-04-01T00:00:00Z,RD-005262,OP-001,Manon,Ferrer,manon.ferrer661@mail.com,CTY-TLS,fra,2025-09-19,PLAN-COMMUTE,false,active,1976
I,2026-04-01T00:00:00Z,RD-005263,OP-001,Pablo,Almeida,pablo.almeida301@correo.es,CTY-TLS,fra,2024-05-16,PLAN-PAYG,false,active,1972
I,2026-04-01T00:00:00Z,RD-005264,OP-001,Diego,Berg,diego.berg860@outlook.com,CTY-TLS,fra,2024-09-01,PLAN-COMMUTE,false,active,1969
I,2026-04-01T00:00:00Z,RD-005265,OP-001,Nadia,Vidal,nadia.vidal375@proton.me,CTY-TLS,fra,2024-06-20,PLAN-COMMUTE,false,active,2000
I,2026-04-01T00:00:00Z,RD-005267,OP-001,Manon,Serra,manon.serra668@outlook.com,CTY-TLS,fra,2024-10-24,PLAN-PAYG,true,active,1990
I,2026-04-01T00:00:00Z,RD-005269,OP-001,Lucia,Weber,lucia.weber519@outlook.com,CTY-TLS,fra,2025-05-19,PLAN-PAYG,false,active,1987
I,2026-04-01T00:00:00Z,RD-005271,OP-001,Marta,Weber,marta.weber400@mail.com,CTY-TLS,fra,2025-03-24,PLAN-PAYG,true,active,1976
I,2026-04-01T00:00:00Z,RD-005273,OP-001,Nora,Almeida,nora.almeida551@gmx.de,CTY-TLS,fra,2026-02-07,PLAN-PAYG,false,active,1977
I,2026-04-01T00:00:00Z,RD-005274,OP-001,Beatriz,Weber,beatriz.weber659@correo.es,CTY-TLS,fra,2025-05-01,PLAN-PAYG,false,active,2002
I,2026-04-01T00:00:00Z,RD-005275,OP-001,Yasmin,Fischer,yasmin.fischer560@gmx.de,CTY-TLS,fra,2025-12-10,PLAN-STUDENT,false,active,1994
I,2026-04-01T00:00:00Z,RD-005276,OP-001,Lucia,Almeida,lucia.almeida949@correo.es,CTY-TLS,fra,2024-02-18,PLAN-PAYG,true,active,1996
I,2026-04-01T00:00:00Z,RD-005278,OP-001,Aina,Benali,aina.benali762@correo.es,CTY-TLS,fra,2024-02-02,PLAN-CORP,true,active,1965
I,2026-04-01T00:00:00Z,RD-005279,OP-001,Aina,Almeida,aina.almeida26@gmx.de,CTY-TLS,fra,2025-03-27,PLAN-PAYG,false,active,2005
I,2026-04-01T00:00:00Z,RD-005280,OP-001,Diego,Roux,diego.roux693@gmx.de,CTY-TLS,fra,2024-06-27,PLAN-PAYG,true,active,1998
I,2026-04-01T00:00:00Z,RD-005281,OP-001,Hugo,Silva,hugo.silva403@gmx.de,CTY-TLS,fra,2026-03-31,PLAN-CORP,false,active,1993
I,2026-04-01T00:00:00Z,RD-005282,OP-001,Freja,Lindqvist,freja.lindqvist617@mail.com,CTY-TLS,fra,2025-03-18,PLAN-PAYG,false,active,2000
I,2026-04-01T00:00:00Z,RD-005283,OP-001,Yasmin,Ferrer,yasmin.ferrer231@gmx.de,CTY-TLS,fra,2024-12-12,PLAN-TOURIST,false,active,1972
I,2026-04-01T00:00:00Z,RD-005284,OP-001,Yasmin,Andersson,yasmin.andersson448@proton.me,CTY-TLS,fra,2024-09-18,PLAN-PAYG,false,active,1970
I,2026-04-01T00:00:00Z,RD-005285,OP-001,Hugo,Pereira,hugo.pereira400@mail.com,CTY-TLS,fra,2025-05-08,PLAN-PAYG,false,active,1999
I,2026-04-01T00:00:00Z,RD-005286,OP-001,Marta,Berg,marta.berg344@correo.es,CTY-TLS,fra,2026-02-08,PLAN-COMMUTE,false,active,2008
I,2026-04-01T00:00:00Z,RD-005287,OP-001,Manon,Serra,manon.serra612@proton.me,CTY-TLS,fra,2025-01-03,PLAN-PAYG,true,active,1985
I,2026-04-01T00:00:00Z,RD-005288,OP-001,Diego,Benali,diego.benali385@gmx.de,CTY-TLS,fra,2024-02-23,PLAN-PAYG,true,active,2001
I,2026-04-01T00:00:00Z,RD-005289,OP-001,Yasmin,Novak,yasmin.novak712@correo.es,CTY-TLS,fra,2024-02-10,PLAN-PAYG,false,active,1976
I,2026-04-01T00:00:00Z,RD-005290,OP-001,Lucia,Moreno,lucia.moreno357@proton.me,CTY-TLS,fra,2024-05-05,PLAN-STUDENT,true,active,1998
I,2026-04-01T00:00:00Z,RD-005291,OP-001,Rui,Costa,rui.costa99@gmx.de,CTY-TLS,fra,2024-04-04,PLAN-PAYG,true,active,1978
I,2026-04-01T00:00:00Z,RD-005292,OP-001,Marta,Lopez,marta.lopez760@gmx.de,CTY-TLS,fra,2025-11-23,PLAN-PAYG,false,active,2001
I,2026-04-01T00:00:00Z,RD-005293,OP-001,Antoine,Ferrer,antoine.ferrer858@outlook.com,CTY-TLS,fra,2025-03-01,PLAN-PAYG,true,active,1983
I,2026-04-01T00:00:00Z,RD-005294,OP-001,Ines,Rossi,ines.rossi515@correo.es,CTY-TLS,fra,2024-12-26,PLAN-PAYG,false,active,1978
I,2026-04-01T00:00:00Z,RD-005295,OP-001,Camille,Roux,camille.roux628@proton.me,CTY-TLS,fra,2026-02-22,PLAN-COMMUTE,false,active,1978
I,2026-04-01T00:00:00Z,RD-005296,OP-001,Aina,Costa,aina.costa648@outlook.com,CTY-TLS,fra,2024-06-14,PLAN-COMMUTE,true,active,2008
I,2026-04-01T00:00:00Z,RD-005297,OP-001,Manon,Nilsson,manon.nilsson172@proton.me,CTY-TLS,fra,2025-06-26,PLAN-PAYG,false,active,1999
I,2026-04-01T00:00:00Z,RD-005298,OP-001,Emil,Kowalski,emil.kowalski827@proton.me,CTY-TLS,fra,2024-03-04,PLAN-PAYG,false,active,1992
I,2026-04-01T00:00:00Z,RD-005299,OP-001,Omar,Serra,omar.serra59@outlook.com,CTY-TLS,fra,2024-08-26,PLAN-PAYG,true,active,1996
I,2026-04-01T00:00:00Z,RD-005300,OP-001,Karim,Almeida,karim.almeida691@outlook.com,CTY-TLS,fra,2025-06-18,PLAN-PAYG,true,active,1968
I,2026-04-01T00:00:00Z,RD-005301,OP-001,Karim,Benali,karim.benali928@correo.es,CTY-TLS,fra,2025-11-26,PLAN-STUDENT,false,active,1992
I,2026-04-01T00:00:00Z,RD-005302,OP-001,Lucia,Novak,lucia.novak632@outlook.com,CTY-TLS,fra,2025-07-30,PLAN-PAYG,false,active,1972
I,2026-04-01T00:00:00Z,RD-005303,OP-001,Nora,Dubois,nora.dubois899@mail.com,CTY-TLS,fra,2024-01-21,PLAN-COMMUTE,false,active,2001
I,2026-04-01T00:00:00Z,RD-005304,OP-001,Camille,Almeida,camille.almeida821@outlook.com,CTY-TLS,fra,2024-03-16,PLAN-STUDENT,false,active,1990
I,2026-04-01T00:00:00Z,RD-005305,OP-001,Joan,Costa,joan.costa43@outlook.com,CTY-TLS,fra,2024-07-04,PLAN-COMMUTE,false,active,1966
I,2026-04-01T00:00:00Z,RD-005306,OP-001,Ivan,Kowalski,ivan.kowalski296@gmx.de,CTY-TLS,fra,2024-03-07,PLAN-STUDENT,false,active,1968
I,2026-04-01T00:00:00Z,RD-005307,OP-001,Rui,Martin,rui.martin852@gmx.de,CTY-TLS,fra,2025-07-31,PLAN-PAYG,true,active,1975
I,2026-04-01T00:00:00Z,RD-005308,OP-001,Nils,Martin,nils.martin397@outlook.com,CTY-TLS,fra,2024-01-15,PLAN-COMMUTE,true,active,1971
I,2026-04-01T00:00:00Z,RD-005309,OP-001,Chloe,Conti,chloe.conti537@outlook.com,CTY-TLS,fra,2026-01-10,PLAN-PAYG,true,active,1967
I,2026-04-01T00:00:00Z,RD-005310,OP-001,Astrid,Lopez,astrid.lopez769@correo.es,CTY-TLS,fra,2024-02-04,PLAN-CORP,false,active,1963
I,2026-04-01T00:00:00Z,RD-005311,OP-001,Rui,Dubois,rui.dubois422@proton.me,CTY-TLS,fra,2024-09-27,PLAN-COMMUTE,false,active,1992
I,2026-04-01T00:00:00Z,RD-005312,OP-001,Antoine,Rossi,antoine.rossi995@mail.com,CTY-TLS,fra,2024-08-09,PLAN-TOURIST,true,active,1990
I,2026-04-01T00:00:00Z,RD-005313,OP-001,Oskar,Benali,oskar.benali424@mail.com,CTY-TLS,fra,2024-11-12,PLAN-PAYG,true,active,1987
I,2026-04-01T00:00:00Z,RD-005315,OP-001,Chloe,Dubois,chloe.dubois221@correo.es,CTY-TLS,fra,2025-06-09,PLAN-PAYG,false,active,1986
I,2026-04-01T00:00:00Z,RD-005316,OP-001,Thomas,Lopez,thomas.lopez97@mail.com,CTY-TLS,fra,2025-01-21,PLAN-PAYG,false,active,1977
I,2026-04-01T00:00:00Z,RD-005317,OP-001,Antoine,Dubois,antoine.dubois64@mail.com,CTY-TLS,fra,2025-05-26,PLAN-PAYG,true,active,1970
I,2026-04-01T00:00:00Z,RD-005318,OP-001,Aina,Conti,aina.conti406@outlook.com,CTY-TLS,fra,2025-12-20,PLAN-STUDENT,true,active,1982
I,2026-04-01T00:00:00Z,RD-005320,OP-001,Nora,Fischer,nora.fischer115@mail.com,CTY-TLS,fra,2025-08-25,PLAN-COMMUTE,false,active,1989
I,2026-04-01T00:00:00Z,RD-005322,OP-001,Rui,Nilsson,rui.nilsson823@proton.me,CTY-TLS,fra,2026-03-21,PLAN-PAYG,true,active,1997
I,2026-04-01T00:00:00Z,RD-005323,OP-001,Aina,Conti,aina.conti582@proton.me,CTY-TLS,fra,2024-04-24,PLAN-PAYG,true,active,1999
I,2026-04-01T00:00:00Z,RD-005324,OP-001,Omar,Silva,omar.silva125@proton.me,CTY-TLS,fra,2025-01-30,PLAN-PAYG,true,active,1966
I,2026-04-01T00:00:00Z,RD-005325,OP-001,Nadia,Martin,nadia.martin160@gmx.de,CTY-TLS,fra,2026-03-12,PLAN-PAYG,false,active,2000
I,2026-04-01T00:00:00Z,RD-005326,OP-001,Freja,Silva,freja.silva724@gmx.de,CTY-TLS,fra,2024-06-09,PLAN-UNLIMITED,true,active,2007
I,2026-04-01T00:00:00Z,RD-005327,OP-001,Lucia,Bernard,lucia.bernard146@gmx.de,CTY-TLS,fra,2026-03-22,PLAN-STUDENT,false,active,2002
I,2026-04-01T00:00:00Z,RD-005328,OP-001,Ines,Ferrer,ines.ferrer971@gmx.de,CTY-TLS,fra,2025-04-22,PLAN-COMMUTE,false,active,1962
I,2026-04-01T00:00:00Z,RD-005329,OP-001,Nadia,Serra,nadia.serra667@correo.es,CTY-TLS,fra,2024-09-14,PLAN-PAYG,true,active,1985
I,2026-04-01T00:00:00Z,RD-005330,OP-001,Hugo,Lindqvist,hugo.lindqvist645@gmx.de,CTY-TLS,fra,2025-04-19,PLAN-PAYG,false,active,1993
I,2026-04-01T00:00:00Z,RD-005331,OP-001,Pablo,Kowalski,pablo.kowalski3@correo.es,CTY-TLS,fra,2024-06-06,PLAN-PAYG,true,active,2006
I,2026-04-01T00:00:00Z,RD-005332,OP-001,Nora,Benali,nora.benali15@correo.es,CTY-TLS,fra,2024-05-13,PLAN-PAYG,false,active,1990
I,2026-04-01T00:00:00Z,RD-005333,OP-001,Nils,Conti,nils.conti287@gmx.de,CTY-TLS,fra,2025-04-18,PLAN-PAYG,true,active,1973
I,2026-04-01T00:00:00Z,RD-005334,OP-001,Ines,Conti,ines.conti511@correo.es,CTY-TLS,fra,2024-01-12,PLAN-COMMUTE,true,active,1981
I,2026-04-01T00:00:00Z,RD-005335,OP-001,Rui,Pereira,rui.pereira593@proton.me,CTY-TLS,fra,2025-12-15,PLAN-PAYG,false,active,1989
I,2026-04-01T00:00:00Z,RD-005336,OP-001,Hugo,Haddad,hugo.haddad161@outlook.com,CTY-TLS,fra,2025-10-09,PLAN-UNLIMITED,false,active,2001
I,2026-04-01T00:00:00Z,RD-005337,OP-001,Rui,Lopez,rui.lopez43@gmx.de,CTY-TLS,fra,2025-10-14,PLAN-COMMUTE,false,active,1969
I,2026-04-01T00:00:00Z,RD-005338,OP-001,Nils,Nilsson,nils.nilsson336@gmx.de,CTY-TLS,fra,2025-09-01,PLAN-TOURIST,false,active,2002
I,2026-04-01T00:00:00Z,RD-005339,OP-001,Ines,Berg,ines.berg353@proton.me,CTY-TLS,fra,2025-02-20,PLAN-PAYG,true,active,1977
I,2026-04-01T00:00:00Z,RD-005340,OP-001,Chloe,Novak,chloe.novak203@gmx.de,CTY-TLS,fra,2024-12-18,PLAN-PAYG,true,active,2002
I,2026-04-01T00:00:00Z,RD-005342,OP-001,Manon,Almeida,manon.almeida264@outlook.com,CTY-TLS,fra,2024-11-24,PLAN-COMMUTE,true,active,1993
I,2026-04-01T00:00:00Z,RD-005343,OP-001,Karim,Nilsson,karim.nilsson819@gmx.de,CTY-TLS,fra,2026-02-27,PLAN-TOURIST,false,active,1983
I,2026-04-01T00:00:00Z,RD-005344,OP-001,Camille,Berg,camille.berg914@mail.com,CTY-TLS,fra,2024-07-12,PLAN-COMMUTE,true,active,2003
I,2026-04-01T00:00:00Z,RD-005345,OP-001,Pablo,Nilsson,pablo.nilsson335@outlook.com,CTY-TLS,fra,2025-03-01,PLAN-PAYG,true,active,1997
I,2026-04-01T00:00:00Z,RD-005346,OP-001,Tiago,Serra,tiago.serra140@correo.es,CTY-TLS,fra,2024-08-08,PLAN-PAYG,false,active,2008
I,2026-04-01T00:00:00Z,RD-005347,OP-001,Ivan,Andersson,ivan.andersson528@correo.es,CTY-TLS,fra,2025-03-03,PLAN-TOURIST,false,active,1985
I,2026-04-01T00:00:00Z,RD-005348,OP-001,Manon,Martin,manon.martin620@correo.es,CTY-TLS,fra,2024-11-06,PLAN-COMMUTE,true,active,2006
I,2026-04-01T00:00:00Z,RD-005349,OP-001,Rui,Roux,rui.roux239@proton.me,CTY-TLS,fra,2024-07-25,PLAN-COMMUTE,true,active,2001
I,2026-04-01T00:00:00Z,RD-005350,OP-001,Lucia,Costa,lucia.costa995@mail.com,CTY-TLS,fra,2025-05-08,PLAN-PAYG,false,active,1967
I,2026-04-01T00:00:00Z,RD-005351,OP-001,Pablo,Lopez,pablo.lopez542@mail.com,CTY-TLS,fra,2026-03-01,PLAN-COMMUTE,true,active,1975
I,2026-04-01T00:00:00Z,RD-005352,OP-001,Lucia,Costa,lucia.costa165@outlook.com,CTY-TLS,fra,2024-10-06,PLAN-PAYG,false,active,1996
I,2026-04-01T00:00:00Z,RD-005353,OP-001,Astrid,Conti,astrid.conti40@outlook.com,CTY-TLS,fra,2024-12-11,PLAN-COMMUTE,false,active,1974
I,2026-04-01T00:00:00Z,RD-005354,OP-001,Nadia,Benali,nadia.benali374@mail.com,CTY-TLS,fra,2025-10-14,PLAN-PAYG,false,active,2000
I,2026-04-01T00:00:00Z,RD-005355,OP-001,Manon,Fischer,manon.fischer893@gmx.de,CTY-TLS,fra,2024-05-03,PLAN-PAYG,true,active,1965
I,2026-04-01T00:00:00Z,RD-005356,OP-001,Marta,Novak,marta.novak302@correo.es,CTY-TLS,fra,2024-09-28,PLAN-PAYG,true,active,1991
I,2026-04-01T00:00:00Z,RD-005357,OP-001,Emil,Lindqvist,emil.lindqvist694@proton.me,CTY-TLS,fra,2024-01-15,PLAN-PAYG,false,active,1971
I,2026-04-01T00:00:00Z,RD-005358,OP-001,Astrid,Novak,astrid.novak567@mail.com,CTY-TLS,fra,2024-07-12,PLAN-STUDENT,true,active,1986
I,2026-04-01T00:00:00Z,RD-005360,OP-001,Camille,Moreno,camille.moreno82@mail.com,CTY-TLS,fra,2024-09-09,PLAN-PAYG,true,active,2000
I,2026-04-01T00:00:00Z,RD-005361,OP-001,Ines,Martin,ines.martin112@gmx.de,CTY-TLS,fra,2024-10-09,PLAN-UNLIMITED,true,active,1989
I,2026-04-01T00:00:00Z,RD-005362,OP-001,Thomas,Nilsson,thomas.nilsson32@proton.me,CTY-TLS,fra,2024-08-14,PLAN-COMMUTE,false,active,2008
I,2026-04-01T00:00:00Z,RD-005363,OP-001,Freja,Moreno,freja.moreno519@correo.es,CTY-TLS,fra,2024-07-22,PLAN-STUDENT,true,active,1988
I,2026-04-01T00:00:00Z,RD-005364,OP-001,Emil,Nilsson,emil.nilsson708@outlook.com,CTY-TLS,fra,2024-05-17,PLAN-COMMUTE,false,active,1981
I,2026-04-01T00:00:00Z,RD-005365,OP-001,Karim,Ferrer,karim.ferrer673@proton.me,CTY-TLS,fra,2024-10-18,PLAN-PAYG,false,active,1993
I,2026-04-01T00:00:00Z,RD-005366,OP-001,Nadia,Silva,nadia.silva972@outlook.com,CTY-TLS,fra,2025-06-04,PLAN-PAYG,true,active,2003
I,2026-04-01T00:00:00Z,RD-005367,OP-001,Diego,Silva,diego.silva935@outlook.com,CTY-TLS,fra,2025-04-14,PLAN-PAYG,true,active,1973
I,2026-04-01T00:00:00Z,RD-005368,OP-001,Omar,Fischer,omar.fischer709@gmx.de,CTY-TLS,fra,2024-12-19,PLAN-PAYG,false,active,1971
I,2026-04-01T00:00:00Z,RD-005369,OP-001,Pablo,Garcia,pablo.garcia652@outlook.com,CTY-TLS,fra,2024-11-03,PLAN-COMMUTE,true,active,1969
I,2026-04-01T00:00:00Z,RD-005370,OP-001,Manon,Martin,manon.martin820@gmx.de,CTY-TLS,fra,2024-11-25,PLAN-PAYG,true,active,2008
I,2026-04-01T00:00:00Z,RD-005371,OP-001,Oskar,Dubois,oskar.dubois390@proton.me,CTY-TLS,fra,2025-07-13,PLAN-UNLIMITED,false,active,2000
I,2026-04-01T00:00:00Z,RD-005372,OP-001,Hugo,Fischer,hugo.fischer347@correo.es,CTY-TLS,fra,2025-08-03,PLAN-UNLIMITED,true,active,1964
I,2026-04-01T00:00:00Z,RD-005373,OP-001,Thomas,Kowalski,thomas.kowalski671@gmx.de,CTY-TLS,fra,2024-05-10,PLAN-COMMUTE,true,active,2000
I,2026-04-01T00:00:00Z,RD-005374,OP-001,Elin,Kowalski,elin.kowalski379@proton.me,CTY-TLS,fra,2025-10-16,PLAN-COMMUTE,false,active,1993
I,2026-04-01T00:00:00Z,RD-005375,OP-001,Louis,Conti,louis.conti837@gmx.de,CTY-TLS,fra,2024-06-28,PLAN-PAYG,false,active,1995
I,2026-04-01T00:00:00Z,RD-005376,OP-001,Thomas,Martin,thomas.martin227@mail.com,CTY-TLS,fra,2024-05-05,PLAN-COMMUTE,true,active,1966
I,2026-04-01T00:00:00Z,RD-005377,OP-001,Astrid,Costa,astrid.costa684@correo.es,CTY-TLS,fra,2024-08-31,PLAN-PAYG,true,active,1988
I,2026-04-01T00:00:00Z,RD-005378,OP-001,Aina,Nilsson,aina.nilsson181@mail.com,CTY-TLS,fra,2025-10-09,PLAN-PAYG,false,active,1989
I,2026-04-01T00:00:00Z,RD-005379,OP-001,Beatriz,Nilsson,beatriz.nilsson508@outlook.com,CTY-TLS,fra,2025-07-20,PLAN-PAYG,false,active,1966
I,2026-04-01T00:00:00Z,RD-005380,OP-001,Ivan,Silva,ivan.silva221@gmx.de,CTY-TLS,fra,2025-09-15,PLAN-UNLIMITED,true,active,1965
I,2026-04-01T00:00:00Z,RD-005381,OP-001,Omar,Costa,omar.costa552@correo.es,CTY-TLS,fra,2024-10-12,PLAN-PAYG,true,active,2008
I,2026-04-01T00:00:00Z,RD-005382,OP-001,Omar,Martin,omar.martin805@gmx.de,CTY-TLS,fra,2025-03-10,PLAN-PAYG,true,active,1969
I,2026-04-01T00:00:00Z,RD-005383,OP-001,Nils,Lopez,nils.lopez660@outlook.com,CTY-TLS,fra,2024-01-01,PLAN-COMMUTE,false,active,2004
I,2026-04-01T00:00:00Z,RD-005384,OP-001,Tiago,Kowalski,tiago.kowalski572@gmx.de,CTY-TLS,fra,2025-05-02,PLAN-PAYG,false,active,1992
I,2026-04-01T00:00:00Z,RD-005385,OP-001,Elin,Moreno,elin.moreno674@proton.me,CTY-TLS,fra,2025-02-10,PLAN-COMMUTE,true,active,2006
I,2026-04-01T00:00:00Z,RD-005386,OP-001,Beatriz,Dubois,beatriz.dubois968@gmx.de,CTY-TLS,fra,2026-02-05,PLAN-PAYG,false,active,1986
I,2026-04-01T00:00:00Z,RD-005387,OP-001,Rui,Haddad,rui.haddad132@outlook.com,CTY-TLS,fra,2025-10-19,PLAN-PAYG,false,active,1995
I,2026-04-01T00:00:00Z,RD-005388,OP-001,Elin,Haddad,elin.haddad81@proton.me,CTY-TLS,fra,2024-10-25,PLAN-PAYG,true,active,1975
I,2026-04-01T00:00:00Z,RD-005389,OP-001,Pablo,Weber,pablo.weber328@proton.me,CTY-TLS,fra,2024-03-30,PLAN-COMMUTE,false,active,1981
I,2026-04-01T00:00:00Z,RD-005391,OP-001,Chloe,Kowalski,chloe.kowalski252@proton.me,CTY-TLS,fra,2026-01-02,PLAN-PAYG,true,active,2005
I,2026-04-01T00:00:00Z,RD-005392,OP-001,Oskar,Conti,oskar.conti888@correo.es,CTY-TLS,fra,2024-11-29,PLAN-PAYG,true,active,1989
I,2026-04-01T00:00:00Z,RD-005393,OP-001,Yasmin,Costa,yasmin.costa712@mail.com,CTY-TLS,fra,2024-07-23,PLAN-STUDENT,true,active,2001
I,2026-04-01T00:00:00Z,RD-005394,OP-001,Ines,Dubois,ines.dubois298@outlook.com,CTY-TLS,fra,2025-11-17,PLAN-PAYG,false,active,1979
I,2026-04-01T00:00:00Z,RD-005395,OP-001,Diego,Andersson,diego.andersson662@gmx.de,CTY-TLS,fra,2025-04-20,PLAN-COMMUTE,false,active,1993
I,2026-04-01T00:00:00Z,RD-005396,OP-001,Emil,Nilsson,emil.nilsson921@proton.me,CTY-TLS,fra,2024-10-27,PLAN-STUDENT,false,active,1968
I,2026-04-01T00:00:00Z,RD-005397,OP-001,Ines,Andersson,ines.andersson206@correo.es,CTY-TLS,fra,2024-09-07,PLAN-UNLIMITED,true,active,1977
I,2026-04-01T00:00:00Z,RD-005398,OP-001,Chloe,Pereira,chloe.pereira468@gmx.de,CTY-TLS,fra,2024-12-06,PLAN-PAYG,false,active,1987
I,2026-04-01T00:00:00Z,RD-005399,OP-001,Karim,Ferrer,karim.ferrer192@gmx.de,CTY-TLS,fra,2024-02-29,PLAN-PAYG,false,active,1989
I,2026-04-01T00:00:00Z,RD-005400,OP-001,Nils,Ferrer,nils.ferrer657@gmx.de,CTY-TLS,fra,2025-08-12,PLAN-PAYG,false,active,2007
I,2026-04-01T00:00:00Z,RD-005401,OP-001,Aina,Pereira,aina.pereira431@outlook.com,CTY-TLS,fra,2024-02-18,PLAN-COMMUTE,false,active,1984
I,2026-04-01T00:00:00Z,RD-005402,OP-001,Karim,Conti,karim.conti782@gmx.de,CTY-TLS,fra,2025-01-29,PLAN-PAYG,true,active,2003
I,2026-04-01T00:00:00Z,RD-005403,OP-001,Chloe,Berg,chloe.berg279@mail.com,CTY-TLS,fra,2025-11-19,PLAN-COMMUTE,false,active,1974
I,2026-04-01T00:00:00Z,RD-005404,OP-001,Beatriz,Pereira,beatriz.pereira865@correo.es,CTY-TLS,fra,2025-06-11,PLAN-PAYG,false,active,1965
I,2026-04-01T00:00:00Z,RD-005405,OP-001,Marta,Garcia,marta.garcia676@correo.es,CTY-TLS,fra,2025-07-19,PLAN-PAYG,false,active,1968
I,2026-04-01T00:00:00Z,RD-005406,OP-001,Freja,Novak,freja.novak125@outlook.com,CTY-TLS,fra,2025-07-18,PLAN-PAYG,true,active,1992
I,2026-04-01T00:00:00Z,RD-005407,OP-001,Lucia,Haddad,lucia.haddad590@correo.es,CTY-TLS,fra,2025-08-29,PLAN-COMMUTE,true,active,2001
I,2026-04-01T00:00:00Z,RD-005408,OP-001,Tiago,Martin,tiago.martin99@proton.me,CTY-TLS,fra,2024-05-11,PLAN-PAYG,true,active,1995
I,2026-04-01T00:00:00Z,RD-005409,OP-001,Lucia,Dubois,lucia.dubois432@mail.com,CTY-TLS,fra,2025-04-12,PLAN-PAYG,true,active,1995
I,2026-04-01T00:00:00Z,RD-005411,OP-001,Rui,Fischer,rui.fischer703@outlook.com,CTY-TLS,fra,2024-05-11,PLAN-COMMUTE,true,active,1994
I,2026-04-01T00:00:00Z,RD-005412,OP-001,Pablo,Fischer,pablo.fischer894@proton.me,CTY-TLS,fra,2025-02-17,PLAN-PAYG,true,active,1993
I,2026-04-01T00:00:00Z,RD-005413,OP-001,Emil,Andersson,emil.andersson867@outlook.com,CTY-TLS,fra,2024-03-26,PLAN-COMMUTE,false,active,1980
I,2026-04-01T00:00:00Z,RD-005414,OP-001,Beatriz,Lindqvist,beatriz.lindqvist141@proton.me,CTY-TLS,fra,2024-11-29,PLAN-COMMUTE,false,active,1973
I,2026-04-01T00:00:00Z,RD-005415,OP-001,Antoine,Fischer,antoine.fischer253@proton.me,CTY-TLS,fra,2025-09-23,PLAN-PAYG,false,active,1966
I,2026-04-01T00:00:00Z,RD-005416,OP-001,Lucia,Bernard,lucia.bernard448@proton.me,CTY-TLS,fra,2024-11-24,PLAN-COMMUTE,false,active,1969
I,2026-04-01T00:00:00Z,RD-005417,OP-001,Freja,Andersson,freja.andersson174@proton.me,CTY-TLS,fra,2025-04-11,PLAN-PAYG,false,active,1978
I,2026-04-01T00:00:00Z,RD-005418,OP-001,Tiago,Rossi,tiago.rossi548@mail.com,CTY-TLS,fra,2024-06-25,PLAN-UNLIMITED,true,active,1980
I,2026-04-01T00:00:00Z,RD-005419,OP-001,Pablo,Lindqvist,pablo.lindqvist193@correo.es,CTY-TLS,fra,2024-01-25,PLAN-PAYG,true,active,2007
I,2026-04-01T00:00:00Z,RD-005420,OP-001,Emil,Nilsson,emil.nilsson866@outlook.com,CTY-TLS,fra,2025-03-01,PLAN-PAYG,false,active,1981
I,2026-04-01T00:00:00Z,RD-005421,OP-001,Camille,Conti,camille.conti323@gmx.de,CTY-TLS,fra,2025-12-17,PLAN-COMMUTE,true,active,1969
I,2026-04-01T00:00:00Z,RD-005422,OP-001,Ines,Martin,ines.martin676@correo.es,CTY-TLS,fra,2025-07-25,PLAN-PAYG,true,active,1983
I,2026-04-01T00:00:00Z,RD-005423,OP-001,Nadia,Silva,nadia.silva982@proton.me,CTY-TLS,fra,2025-05-16,PLAN-PAYG,true,active,1984
I,2026-04-01T00:00:00Z,RD-005424,OP-001,Joan,Andersson,joan.andersson68@correo.es,CTY-TLS,fra,2024-12-14,PLAN-PAYG,false,active,1985
I,2026-04-01T00:00:00Z,RD-005425,OP-001,Joan,Roux,joan.roux331@proton.me,CTY-TLS,fra,2025-03-01,PLAN-COMMUTE,false,active,2006
I,2026-04-01T00:00:00Z,RD-005426,OP-001,Thomas,Lindqvist,thomas.lindqvist273@gmx.de,CTY-TLS,fra,2026-03-19,PLAN-PAYG,false,active,1967
I,2026-04-01T00:00:00Z,RD-005427,OP-001,Ivan,Nilsson,ivan.nilsson763@correo.es,CTY-TLS,fra,2024-12-13,PLAN-COMMUTE,true,active,1978
I,2026-04-01T00:00:00Z,RD-005428,OP-001,Karim,Lopez,karim.lopez796@proton.me,CTY-TLS,fra,2025-01-12,PLAN-STUDENT,true,active,2001
I,2026-04-01T00:00:00Z,RD-005429,OP-001,Thomas,Conti,thomas.conti967@proton.me,CTY-TLS,fra,2025-09-27,PLAN-PAYG,false,active,1985
I,2026-04-01T00:00:00Z,RD-005430,OP-001,Nils,Weber,nils.weber792@mail.com,CTY-TLS,fra,2025-12-31,PLAN-UNLIMITED,false,active,2002
I,2026-04-01T00:00:00Z,RD-005431,OP-001,Joan,Lindqvist,joan.lindqvist220@proton.me,CTY-TLS,fra,2024-08-26,PLAN-PAYG,false,active,1991
I,2026-04-01T00:00:00Z,RD-005432,OP-001,Sofia,Nilsson,sofia.nilsson884@outlook.com,CTY-TLS,fra,2024-02-04,PLAN-PAYG,false,active,1969
I,2026-04-01T00:00:00Z,RD-005433,OP-001,Thomas,Weber,thomas.weber191@mail.com,CTY-TLS,fra,2025-06-16,PLAN-UNLIMITED,true,active,2004
I,2026-04-01T00:00:00Z,RD-005434,OP-001,Omar,Berg,omar.berg252@gmx.de,CTY-TLS,fra,2026-01-23,PLAN-COMMUTE,true,active,1992
I,2026-04-01T00:00:00Z,RD-005435,OP-001,Thomas,Kowalski,thomas.kowalski203@correo.es,CTY-TLS,fra,2025-05-12,PLAN-STUDENT,true,active,1975
I,2026-04-01T00:00:00Z,RD-005436,OP-001,Lucia,Kowalski,lucia.kowalski405@gmx.de,CTY-TLS,fra,2025-02-10,PLAN-UNLIMITED,false,active,1968
I,2026-04-01T00:00:00Z,RD-005437,OP-001,Yasmin,Bernard,yasmin.bernard521@outlook.com,CTY-TLS,fra,2025-05-01,PLAN-PAYG,false,active,1995
I,2026-04-01T00:00:00Z,RD-005438,OP-001,Tiago,Bernard,tiago.bernard875@outlook.com,CTY-TLS,fra,2024-12-24,PLAN-COMMUTE,false,active,2001
I,2026-04-01T00:00:00Z,RD-005439,OP-001,Thomas,Costa,thomas.costa489@mail.com,CTY-TLS,fra,2025-08-17,PLAN-PAYG,true,active,1991
I,2026-04-01T00:00:00Z,RD-005440,OP-001,Omar,Benali,omar.benali69@outlook.com,CTY-TLS,fra,2025-03-02,PLAN-PAYG,false,active,1999
I,2026-04-01T00:00:00Z,RD-005441,OP-001,Chloe,Serra,chloe.serra735@outlook.com,CTY-TLS,fra,2025-10-15,PLAN-STUDENT,true,active,1963
I,2026-04-01T00:00:00Z,RD-005442,OP-001,Tiago,Novak,tiago.novak800@correo.es,CTY-TLS,fra,2026-01-10,PLAN-CORP,false,active,2004
I,2026-04-01T00:00:00Z,RD-005444,OP-001,Marta,Garcia,marta.garcia962@gmx.de,CTY-TLS,fra,2025-01-29,PLAN-PAYG,true,active,1965
I,2026-04-01T00:00:00Z,RD-005445,OP-001,Nadia,Silva,nadia.silva97@mail.com,CTY-TLS,fra,2024-09-24,PLAN-PAYG,true,active,1964
I,2026-04-01T00:00:00Z,RD-005446,OP-001,Thomas,Dubois,thomas.dubois865@mail.com,CTY-TLS,fra,2025-01-17,PLAN-TOURIST,true,active,1975
I,2026-04-01T00:00:00Z,RD-005447,OP-001,Elin,Serra,elin.serra615@gmx.de,CTY-TLS,fra,2024-10-16,PLAN-PAYG,true,active,1977
I,2026-04-01T00:00:00Z,RD-005448,OP-001,Chloe,Novak,chloe.novak884@mail.com,CTY-TLS,fra,2025-03-03,PLAN-TOURIST,false,active,2002
I,2026-04-01T00:00:00Z,RD-005449,OP-001,Louis,Haddad,louis.haddad605@proton.me,CTY-TLS,fra,2026-01-05,PLAN-PAYG,false,active,1975
I,2026-04-01T00:00:00Z,RD-005450,OP-001,Ines,Pereira,ines.pereira72@correo.es,CTY-TLS,fra,2025-02-11,PLAN-COMMUTE,false,active,1988
I,2026-04-01T00:00:00Z,RD-005451,OP-001,Emil,Almeida,emil.almeida963@correo.es,CTY-TLS,fra,2025-10-13,PLAN-PAYG,false,active,1987
I,2026-04-01T00:00:00Z,RD-005452,OP-001,Manon,Lopez,manon.lopez233@mail.com,CTY-TLS,fra,2026-01-08,PLAN-PAYG,true,active,2004
I,2026-04-01T00:00:00Z,RD-005453,OP-001,Omar,Bernard,omar.bernard901@gmx.de,CTY-TLS,fra,2025-12-01,PLAN-COMMUTE,false,active,1977
I,2026-04-01T00:00:00Z,RD-005454,OP-001,Omar,Lopez,omar.lopez33@outlook.com,CTY-TLS,fra,2024-02-21,PLAN-COMMUTE,true,active,1981
I,2026-04-01T00:00:00Z,RD-005455,OP-001,Joan,Weber,joan.weber287@mail.com,CTY-TLS,fra,2024-06-28,PLAN-TOURIST,false,active,1964
I,2026-04-01T00:00:00Z,RD-005456,OP-001,Nora,Almeida,nora.almeida906@correo.es,CTY-TLS,fra,2024-07-06,PLAN-STUDENT,true,active,1975
I,2026-04-01T00:00:00Z,RD-005457,OP-001,Lucia,Andersson,lucia.andersson153@gmx.de,CTY-TLS,fra,2025-10-10,PLAN-PAYG,false,active,1969
I,2026-04-01T00:00:00Z,RD-005458,OP-001,Antoine,Bernard,antoine.bernard893@proton.me,CTY-TLS,fra,2025-05-08,PLAN-PAYG,true,active,1992
I,2026-04-01T00:00:00Z,RD-005459,OP-001,Antoine,Martin,antoine.martin835@gmx.de,CTY-TLS,fra,2025-11-06,PLAN-COMMUTE,true,active,1968
I,2026-04-01T00:00:00Z,RD-005460,OP-001,Joan,Moreno,joan.moreno914@gmx.de,CTY-TLS,fra,2025-05-22,PLAN-PAYG,true,active,1967
I,2026-04-01T00:00:00Z,RD-005461,OP-001,Chloe,Silva,chloe.silva786@gmx.de,CTY-TLS,fra,2025-05-06,PLAN-TOURIST,false,active,2005
I,2026-04-01T00:00:00Z,RD-005462,OP-001,Beatriz,Pereira,beatriz.pereira148@gmx.de,CTY-TLS,fra,2024-08-18,PLAN-COMMUTE,false,active,1999
I,2026-04-01T00:00:00Z,RD-005463,OP-001,Freja,Lopez,freja.lopez716@gmx.de,CTY-TLS,fra,2025-03-05,PLAN-PAYG,false,active,1987
I,2026-04-01T00:00:00Z,RD-005464,OP-001,Hugo,Martin,hugo.martin496@mail.com,CTY-TLS,fra,2024-12-25,PLAN-TOURIST,false,active,2006
I,2026-04-01T00:00:00Z,RD-005465,OP-001,Tiago,Rossi,tiago.rossi447@correo.es,CTY-TLS,fra,2025-06-03,PLAN-STUDENT,true,active,1990
I,2026-04-01T00:00:00Z,RD-005466,OP-001,Ines,Costa,ines.costa474@mail.com,CTY-TLS,fra,2025-04-04,PLAN-COMMUTE,false,active,1969
I,2026-04-01T00:00:00Z,RD-005467,OP-001,Hugo,Lopez,hugo.lopez991@correo.es,CTY-TLS,fra,2025-08-07,PLAN-UNLIMITED,true,active,1993
I,2026-04-01T00:00:00Z,RD-005468,OP-001,Freja,Conti,freja.conti682@proton.me,CTY-TLS,fra,2024-01-02,PLAN-COMMUTE,true,active,1970
I,2026-04-01T00:00:00Z,RD-005471,OP-001,Rui,Roux,rui.roux773@mail.com,CTY-TLS,fra,2025-10-14,PLAN-PAYG,false,active,1989
I,2026-04-01T00:00:00Z,RD-005472,OP-001,Nadia,Silva,nadia.silva756@outlook.com,CTY-TLS,fra,2024-11-10,PLAN-PAYG,false,active,1996
I,2026-04-01T00:00:00Z,RD-005473,OP-001,Camille,Conti,camille.conti616@outlook.com,CTY-TLS,fra,2024-11-07,PLAN-PAYG,false,active,2000
I,2026-04-01T00:00:00Z,RD-005474,OP-001,Chloe,Andersson,chloe.andersson215@outlook.com,CTY-TLS,fra,2024-01-08,PLAN-PAYG,false,active,1997
I,2026-04-01T00:00:00Z,RD-005475,OP-001,Karim,Almeida,karim.almeida664@correo.es,CTY-TLS,fra,2024-01-27,PLAN-PAYG,false,active,1993
I,2026-04-01T00:00:00Z,RD-005476,OP-001,Tiago,Costa,tiago.costa336@proton.me,CTY-TLS,fra,2024-10-20,PLAN-COMMUTE,false,active,1982
I,2026-04-01T00:00:00Z,RD-005477,OP-001,Nora,Garcia,nora.garcia766@proton.me,CTY-TLS,fra,2024-09-23,PLAN-PAYG,true,active,1994
I,2026-04-01T00:00:00Z,RD-005478,OP-001,Pablo,Lindqvist,pablo.lindqvist355@proton.me,CTY-TLS,fra,2024-06-26,PLAN-PAYG,false,active,1966
I,2026-04-01T00:00:00Z,RD-005479,OP-001,Aina,Serra,aina.serra771@correo.es,CTY-TLS,fra,2024-11-09,PLAN-COMMUTE,false,active,2008
I,2026-04-01T00:00:00Z,RD-005481,OP-001,Pablo,Nilsson,pablo.nilsson676@proton.me,CTY-TLS,fra,2024-06-03,PLAN-PAYG,true,active,2004
I,2026-04-01T00:00:00Z,RD-005482,OP-001,Sofia,Martin,sofia.martin207@outlook.com,CTY-TLS,fra,2024-01-03,PLAN-PAYG,true,active,1992
I,2026-04-01T00:00:00Z,RD-005483,OP-001,Lucia,Ferrer,lucia.ferrer324@outlook.com,CTY-TLS,fra,2024-09-18,PLAN-COMMUTE,false,active,1979
I,2026-04-01T00:00:00Z,RD-005484,OP-001,Pablo,Novak,pablo.novak246@outlook.com,CTY-TLS,fra,2025-08-24,PLAN-COMMUTE,false,active,2001
I,2026-04-01T00:00:00Z,RD-005486,OP-001,Ines,Andersson,ines.andersson457@proton.me,CTY-TLS,fra,2025-06-23,PLAN-PAYG,true,active,1997
I,2026-04-01T00:00:00Z,RD-005487,OP-001,Thomas,Fischer,thomas.fischer810@outlook.com,CTY-TLS,fra,2025-08-17,PLAN-PAYG,true,active,1990
I,2026-04-01T00:00:00Z,RD-005488,OP-001,Nora,Roux,nora.roux990@outlook.com,CTY-TLS,fra,2025-03-20,PLAN-PAYG,false,active,1984
I,2026-04-01T00:00:00Z,RD-005489,OP-001,Hugo,Conti,hugo.conti39@proton.me,CTY-TLS,fra,2024-12-06,PLAN-STUDENT,true,active,1992
I,2026-04-01T00:00:00Z,RD-005490,OP-001,Tiago,Martin,tiago.martin369@correo.es,CTY-TLS,fra,2025-10-08,PLAN-PAYG,true,active,1986
I,2026-04-01T00:00:00Z,RD-005491,OP-001,Ines,Berg,ines.berg414@mail.com,CTY-TLS,fra,2025-09-03,PLAN-COMMUTE,true,active,1980
I,2026-04-01T00:00:00Z,RD-005492,OP-001,Hugo,Benali,hugo.benali632@gmx.de,CTY-TLS,fra,2026-03-09,PLAN-PAYG,false,active,1991
I,2026-04-01T00:00:00Z,RD-005493,OP-001,Aina,Conti,aina.conti647@proton.me,CTY-TLS,fra,2025-11-09,PLAN-PAYG,true,active,1965
I,2026-04-01T00:00:00Z,RD-005494,OP-001,Astrid,Almeida,astrid.almeida455@outlook.com,CTY-TLS,fra,2026-01-28,PLAN-UNLIMITED,false,active,2004
I,2026-04-01T00:00:00Z,RD-005495,OP-001,Chloe,Lindqvist,chloe.lindqvist78@outlook.com,CTY-TLS,fra,2025-05-08,PLAN-TOURIST,true,active,1984
I,2026-04-01T00:00:00Z,RD-005496,OP-001,Camille,Haddad,camille.haddad514@outlook.com,CTY-TLS,fra,2025-03-16,PLAN-UNLIMITED,true,active,1975
I,2026-04-01T00:00:00Z,RD-005497,OP-001,Joan,Costa,joan.costa288@mail.com,CTY-TLS,fra,2025-05-12,PLAN-COMMUTE,true,active,1978
I,2026-04-01T00:00:00Z,RD-005498,OP-001,Aina,Almeida,aina.almeida242@correo.es,CTY-TLS,fra,2025-12-27,PLAN-PAYG,false,active,1993
I,2026-04-01T00:00:00Z,RD-005499,OP-001,Nora,Almeida,nora.almeida550@gmx.de,CTY-TLS,fra,2025-06-24,PLAN-COMMUTE,true,active,2001
I,2026-04-01T00:00:00Z,RD-005500,OP-001,Tiago,Pereira,tiago.pereira217@correo.es,CTY-TLS,fra,2024-03-24,PLAN-COMMUTE,true,active,1987
I,2026-04-01T00:00:00Z,RD-005501,OP-001,Ivan,Costa,ivan.costa271@proton.me,CTY-TLS,fra,2024-07-05,PLAN-PAYG,true,active,2000
I,2026-04-01T00:00:00Z,RD-005502,OP-001,Tiago,Costa,tiago.costa828@proton.me,CTY-TLS,fra,2024-05-30,PLAN-COMMUTE,false,active,1964
I,2026-04-01T00:00:00Z,RD-005503,OP-001,Marta,Dubois,marta.dubois724@gmx.de,CTY-TLS,fra,2025-11-24,PLAN-STUDENT,false,active,1995
I,2026-04-01T00:00:00Z,RD-005504,OP-001,Manon,Fischer,manon.fischer637@outlook.com,CTY-TLS,fra,2025-08-15,PLAN-UNLIMITED,false,active,1989
I,2026-04-01T00:00:00Z,RD-005505,OP-001,Nadia,Kowalski,nadia.kowalski165@gmx.de,CTY-TLS,fra,2025-08-05,PLAN-COMMUTE,false,active,2006
I,2026-04-01T00:00:00Z,RD-005506,OP-001,Marta,Silva,marta.silva632@mail.com,CTY-TLS,fra,2024-09-30,PLAN-PAYG,false,active,1976
I,2026-04-01T00:00:00Z,RD-005507,OP-001,Oskar,Conti,oskar.conti280@correo.es,CTY-TLS,fra,2025-01-18,PLAN-STUDENT,false,active,1977
I,2026-04-01T00:00:00Z,RD-005508,OP-001,Freja,Nilsson,freja.nilsson103@mail.com,CTY-TLS,fra,2025-02-05,PLAN-PAYG,false,active,1991
I,2026-04-01T00:00:00Z,RD-005509,OP-001,Aina,Vidal,aina.vidal440@gmx.de,CTY-TLS,fra,2025-12-15,PLAN-UNLIMITED,false,active,2008
I,2026-04-01T00:00:00Z,RD-005510,OP-001,Louis,Lopez,louis.lopez957@correo.es,CTY-TLS,fra,2024-11-27,PLAN-PAYG,true,active,1962
I,2026-04-01T00:00:00Z,RD-005511,OP-001,Aina,Martin,aina.martin794@gmx.de,CTY-TLS,fra,2025-04-16,PLAN-COMMUTE,false,active,1988
I,2026-04-01T00:00:00Z,RD-005512,OP-001,Antoine,Benali,antoine.benali448@outlook.com,CTY-TLS,fra,2025-12-10,PLAN-PAYG,true,active,1982
I,2026-04-01T00:00:00Z,RD-005515,OP-001,Elin,Garcia,elin.garcia627@outlook.com,CTY-TLS,fra,2025-02-16,PLAN-COMMUTE,false,active,1985
I,2026-04-01T00:00:00Z,RD-005516,OP-001,Ines,Costa,ines.costa888@outlook.com,CTY-TLS,fra,2024-08-12,PLAN-UNLIMITED,true,active,1971
I,2026-04-01T00:00:00Z,RD-005517,OP-001,Karim,Berg,karim.berg967@proton.me,CTY-TLS,fra,2024-12-30,PLAN-PAYG,true,active,1973
I,2026-04-01T00:00:00Z,RD-005518,OP-001,Aina,Moreno,aina.moreno630@gmx.de,CTY-TLS,fra,2025-07-02,PLAN-PAYG,true,active,1974
I,2026-04-01T00:00:00Z,RD-005519,OP-001,Rui,Fischer,rui.fischer383@mail.com,CTY-TLS,fra,2025-08-11,PLAN-UNLIMITED,false,active,1998
I,2026-04-01T00:00:00Z,RD-005520,OP-001,Rui,Andersson,rui.andersson245@outlook.com,CTY-TLS,fra,2024-02-23,PLAN-PAYG,false,active,1999
I,2026-04-01T00:00:00Z,RD-005521,OP-001,Elin,Haddad,elin.haddad14@gmx.de,CTY-TLS,fra,2025-05-08,PLAN-COMMUTE,false,active,2000
I,2026-04-01T00:00:00Z,RD-005523,OP-001,Antoine,Lopez,antoine.lopez873@proton.me,CTY-TLS,fra,2025-06-15,PLAN-PAYG,true,active,1966
I,2026-04-01T00:00:00Z,RD-005524,OP-001,Astrid,Andersson,astrid.andersson385@outlook.com,CTY-TLS,fra,2025-12-04,PLAN-STUDENT,true,active,1995
I,2026-04-01T00:00:00Z,RD-005525,OP-001,Aina,Lopez,aina.lopez559@proton.me,CTY-TLS,fra,2024-05-15,PLAN-UNLIMITED,false,active,1970
I,2026-04-01T00:00:00Z,RD-005526,OP-001,Ines,Haddad,ines.haddad8@correo.es,CTY-TLS,fra,2024-08-28,PLAN-PAYG,true,active,1985
I,2026-04-01T00:00:00Z,RD-005527,OP-001,Aina,Lopez,aina.lopez329@proton.me,CTY-TLS,fra,2024-02-18,PLAN-UNLIMITED,true,active,1968
I,2026-04-01T00:00:00Z,RD-005528,OP-001,Beatriz,Moreno,beatriz.moreno55@gmx.de,CTY-TLS,fra,2025-02-22,PLAN-COMMUTE,false,active,1995
I,2026-04-01T00:00:00Z,RD-005529,OP-001,Beatriz,Pereira,beatriz.pereira959@outlook.com,CTY-TLS,fra,2025-09-19,PLAN-PAYG,false,active,1979
I,2026-04-01T00:00:00Z,RD-005530,OP-003,Marta,Benali,marta.benali967@proton.me,CTY-STO,SE,2025-07-10,PLAN-PAYG,false,active,1991
I,2026-04-01T00:00:00Z,RD-005531,OP-003,Lucia,Benali,lucia.benali657@mail.com,CTY-STO,SE,2025-05-26,PLAN-COMMUTE,false,active,1978
I,2026-04-01T00:00:00Z,RD-005532,OP-003,Ines,Dubois,ines.dubois38@gmx.de,CTY-STO,SE,2025-04-28,PLAN-PAYG,true,active,1976
I,2026-04-01T00:00:00Z,RD-005533,OP-003,Marta,Fischer,marta.fischer854@gmx.de,CTY-STO,SE,2024-02-18,PLAN-PAYG,true,active,1999
I,2026-04-01T00:00:00Z,RD-005534,OP-003,Camille,Nilsson,camille.nilsson893@mail.com,CTY-STO,SE,2025-02-04,PLAN-PAYG,true,active,1970
I,2026-04-01T00:00:00Z,RD-005535,OP-003,Yasmin,Weber,yasmin.weber227@gmx.de,CTY-STO,SE,2026-01-13,PLAN-PAYG,false,active,2002
I,2026-04-01T00:00:00Z,RD-005536,OP-003,Oskar,Almeida,oskar.almeida867@gmx.de,CTY-STO,SE,2024-02-26,PLAN-PAYG,false,active,2001
I,2026-04-01T00:00:00Z,RD-005537,OP-003,Marta,Bernard,marta.bernard382@proton.me,CTY-STO,SE,2025-10-21,PLAN-PAYG,false,active,1996
I,2026-04-01T00:00:00Z,RD-005539,OP-003,Pablo,Benali,pablo.benali232@proton.me,CTY-STO,SE,2024-09-29,PLAN-PAYG,true,active,2007
I,2026-04-01T00:00:00Z,RD-005540,OP-003,Nora,Silva,nora.silva711@outlook.com,CTY-STO,SE,2024-03-25,PLAN-COMMUTE,false,active,1963
I,2026-04-01T00:00:00Z,RD-005541,OP-003,Beatriz,Moreno,beatriz.moreno433@gmx.de,CTY-STO,SE,2025-04-11,PLAN-PAYG,false,active,1973
I,2026-04-01T00:00:00Z,RD-005542,OP-003,Sofia,Kowalski,sofia.kowalski83@mail.com,CTY-STO,SE,2024-06-21,PLAN-PAYG,true,active,1970
I,2026-04-01T00:00:00Z,RD-005543,OP-003,Nils,Novak,nils.novak137@correo.es,CTY-STO,SE,2025-11-20,PLAN-PAYG,true,active,2002
I,2026-04-01T00:00:00Z,RD-005544,OP-003,Omar,Roux,omar.roux972@correo.es,CTY-STO,SE,2024-08-12,PLAN-PAYG,true,active,1968
I,2026-04-01T00:00:00Z,RD-005545,OP-003,Sofia,Costa,sofia.costa503@outlook.com,CTY-STO,SE,2024-09-12,PLAN-UNLIMITED,true,active,1975
I,2026-04-01T00:00:00Z,RD-005546,OP-003,Diego,Almeida,diego.almeida756@correo.es,CTY-STO,SE,2024-07-19,PLAN-PAYG,false,active,2002
I,2026-04-01T00:00:00Z,RD-005547,OP-003,Aina,Fischer,aina.fischer414@outlook.com,CTY-STO,SE,2024-11-23,PLAN-PAYG,true,active,2004
I,2026-04-01T00:00:00Z,RD-005548,OP-003,Elin,Roux,elin.roux733@gmx.de,CTY-STO,SE,2024-02-20,PLAN-UNLIMITED,false,active,2006
I,2026-04-01T00:00:00Z,RD-005549,OP-003,Manon,Andersson,manon.andersson481@gmx.de,CTY-STO,SE,2024-12-01,PLAN-UNLIMITED,true,active,1967
I,2026-04-01T00:00:00Z,RD-005550,OP-003,Karim,Silva,karim.silva557@gmx.de,CTY-STO,SE,2025-12-02,PLAN-PAYG,true,active,1997
I,2026-04-01T00:00:00Z,RD-005551,OP-003,Camille,Ferrer,camille.ferrer636@gmx.de,CTY-STO,SE,2025-04-09,PLAN-COMMUTE,true,active,1980
I,2026-04-01T00:00:00Z,RD-005553,OP-003,Sofia,Pereira,sofia.pereira674@outlook.com,CTY-STO,SE,2025-09-02,PLAN-PAYG,true,active,1991
I,2026-04-01T00:00:00Z,RD-005555,OP-003,Freja,Pereira,freja.pereira298@gmx.de,CTY-STO,SE,2025-01-05,PLAN-COMMUTE,true,active,2002
I,2026-04-01T00:00:00Z,RD-005557,OP-003,Rui,Ferrer,rui.ferrer283@gmx.de,CTY-STO,SE,2024-08-22,PLAN-UNLIMITED,true,active,1976
I,2026-04-01T00:00:00Z,RD-005559,OP-003,Ines,Nilsson,ines.nilsson540@proton.me,CTY-STO,SE,2024-04-20,PLAN-PAYG,false,active,1972
I,2026-04-01T00:00:00Z,RD-005560,OP-003,Tiago,Bernard,tiago.bernard730@gmx.de,CTY-STO,SE,2024-08-11,PLAN-PAYG,true,active,2004
I,2026-04-01T00:00:00Z,RD-005561,OP-003,Oskar,Weber,oskar.weber675@gmx.de,CTY-STO,SE,2024-03-29,PLAN-PAYG,true,active,1966
I,2026-04-01T00:00:00Z,RD-005562,OP-003,Louis,Andersson,louis.andersson835@mail.com,CTY-STO,SE,2024-04-26,PLAN-CORP,true,active,1972
I,2026-04-01T00:00:00Z,RD-005563,OP-003,Emil,Bernard,emil.bernard305@gmx.de,CTY-STO,SE,2024-07-11,PLAN-PAYG,true,active,1990
I,2026-04-01T00:00:00Z,RD-005564,OP-003,Hugo,Conti,hugo.conti636@mail.com,CTY-STO,SE,2026-02-27,PLAN-PAYG,false,active,1966
I,2026-04-01T00:00:00Z,RD-005565,OP-003,Rui,Rossi,rui.rossi571@correo.es,CTY-STO,SE,2025-02-21,PLAN-UNLIMITED,false,active,1995
I,2026-04-01T00:00:00Z,RD-005566,OP-003,Tiago,Silva,tiago.silva971@gmx.de,CTY-STO,SE,2025-06-19,PLAN-COMMUTE,true,active,1975
I,2026-04-01T00:00:00Z,RD-005567,OP-003,Camille,Rossi,camille.rossi698@proton.me,CTY-STO,SE,2025-12-13,PLAN-PAYG,false,active,1981
I,2026-04-01T00:00:00Z,RD-005568,OP-003,Astrid,Berg,astrid.berg200@outlook.com,CTY-STO,SE,2025-04-07,PLAN-PAYG,false,active,1968
I,2026-04-01T00:00:00Z,RD-005569,OP-003,Thomas,Martin,thomas.martin450@proton.me,CTY-STO,SE,2024-12-15,PLAN-COMMUTE,true,active,1986
I,2026-04-01T00:00:00Z,RD-005570,OP-003,Pablo,Bernard,pablo.bernard297@gmx.de,CTY-STO,SE,2026-01-28,PLAN-PAYG,true,active,1967
I,2026-04-01T00:00:00Z,RD-005571,OP-003,Ines,Ferrer,ines.ferrer342@gmx.de,CTY-STO,SE,2024-09-23,PLAN-PAYG,true,active,1980
I,2026-04-01T00:00:00Z,RD-005572,OP-003,Pablo,Costa,pablo.costa982@proton.me,CTY-STO,SE,2025-06-10,PLAN-PAYG,false,active,1962
I,2026-04-01T00:00:00Z,RD-005573,OP-003,Lucia,Pereira,lucia.pereira687@proton.me,CTY-STO,SE,2024-03-30,PLAN-PAYG,false,active,1978
I,2026-04-01T00:00:00Z,RD-005574,OP-003,Rui,Moreno,rui.moreno218@correo.es,CTY-STO,SE,2024-11-29,PLAN-PAYG,false,active,1973
I,2026-04-01T00:00:00Z,RD-005575,OP-003,Marta,Moreno,marta.moreno628@mail.com,CTY-STO,SE,2025-01-25,PLAN-PAYG,true,active,1986
I,2026-04-01T00:00:00Z,RD-005576,OP-003,Louis,Nilsson,louis.nilsson903@proton.me,CTY-STO,SE,2024-12-25,PLAN-PAYG,false,active,1989
I,2026-04-01T00:00:00Z,RD-005577,OP-003,Nadia,Bernard,nadia.bernard634@mail.com,CTY-STO,SE,2026-01-11,PLAN-PAYG,true,active,2002
I,2026-04-01T00:00:00Z,RD-005578,OP-003,Emil,Bernard,emil.bernard6@proton.me,CTY-STO,SE,2025-09-25,PLAN-PAYG,false,active,1992
I,2026-04-01T00:00:00Z,RD-005579,OP-003,Camille,Moreno,camille.moreno926@gmx.de,CTY-STO,SE,2024-11-02,PLAN-PAYG,false,active,1968
I,2026-04-01T00:00:00Z,RD-005580,OP-003,Sofia,Haddad,sofia.haddad368@gmx.de,CTY-STO,SE,2025-10-29,PLAN-PAYG,true,active,1996
I,2026-04-01T00:00:00Z,RD-005581,OP-003,Emil,Andersson,emil.andersson979@proton.me,CTY-STO,SE,2024-02-07,PLAN-PAYG,false,active,1989
I,2026-04-01T00:00:00Z,RD-005582,OP-003,Thomas,Lopez,thomas.lopez51@outlook.com,CTY-STO,SE,2025-06-13,PLAN-PAYG,true,active,1986
I,2026-04-01T00:00:00Z,RD-005583,OP-003,Yasmin,Roux,yasmin.roux879@proton.me,CTY-STO,SE,2024-05-23,PLAN-COMMUTE,true,active,2003
I,2026-04-01T00:00:00Z,RD-005584,OP-003,Nadia,Garcia,nadia.garcia33@proton.me,CTY-STO,SE,2025-09-10,PLAN-UNLIMITED,false,active,2008
I,2026-04-01T00:00:00Z,RD-005585,OP-003,Omar,Almeida,omar.almeida4@correo.es,CTY-STO,SE,2024-12-14,PLAN-PAYG,true,active,1986
I,2026-04-01T00:00:00Z,RD-005586,OP-003,Louis,Garcia,louis.garcia742@mail.com,CTY-STO,SE,2025-12-31,PLAN-COMMUTE,true,active,1994
I,2026-04-01T00:00:00Z,RD-005587,OP-003,Lucia,Bernard,lucia.bernard55@mail.com,CTY-STO,SE,2024-08-04,PLAN-PAYG,false,active,1977
I,2026-04-01T00:00:00Z,RD-005588,OP-003,Chloe,Vidal,chloe.vidal188@correo.es,CTY-STO,SE,2025-04-12,PLAN-PAYG,false,active,1976
I,2026-04-01T00:00:00Z,RD-005589,OP-003,Yasmin,Pereira,yasmin.pereira61@gmx.de,CTY-STO,SE,2024-11-27,PLAN-STUDENT,true,active,2003
I,2026-04-01T00:00:00Z,RD-005590,OP-003,Freja,Ferrer,freja.ferrer267@proton.me,CTY-STO,SE,2024-02-19,PLAN-PAYG,true,active,1982
I,2026-04-01T00:00:00Z,RD-005591,OP-003,Yasmin,Vidal,yasmin.vidal845@gmx.de,CTY-STO,SE,2026-02-14,PLAN-PAYG,true,active,1965
I,2026-04-01T00:00:00Z,RD-005592,OP-003,Antoine,Weber,antoine.weber985@outlook.com,CTY-STO,SE,2024-08-02,PLAN-PAYG,true,active,1981
I,2026-04-01T00:00:00Z,RD-005593,OP-003,Yasmin,Costa,yasmin.costa675@gmx.de,CTY-STO,SE,2025-11-24,PLAN-STUDENT,false,active,1980
I,2026-04-01T00:00:00Z,RD-005594,OP-003,Aina,Pereira,aina.pereira844@mail.com,CTY-STO,SE,2025-01-23,PLAN-COMMUTE,false,active,1972
I,2026-04-01T00:00:00Z,RD-005595,OP-003,Astrid,Berg,astrid.berg322@mail.com,CTY-STO,SE,2025-12-18,PLAN-PAYG,true,active,1969
I,2026-04-01T00:00:00Z,RD-005596,OP-003,Omar,Almeida,omar.almeida71@outlook.com,CTY-STO,SE,2026-03-21,PLAN-COMMUTE,true,active,2006
I,2026-04-01T00:00:00Z,RD-005597,OP-003,Nora,Pereira,nora.pereira735@mail.com,CTY-STO,SE,2024-11-13,PLAN-TOURIST,true,active,2006
I,2026-04-01T00:00:00Z,RD-005598,OP-003,Oskar,Nilsson,oskar.nilsson439@mail.com,CTY-STO,SE,2024-06-26,PLAN-PAYG,true,active,1996
I,2026-04-01T00:00:00Z,RD-005599,OP-003,Manon,Novak,manon.novak172@correo.es,CTY-STO,SE,2024-07-06,PLAN-PAYG,true,active,1985
I,2026-04-01T00:00:00Z,RD-005600,OP-003,Karim,Dubois,karim.dubois193@outlook.com,CTY-STO,SE,2025-09-22,PLAN-COMMUTE,false,active,1998
I,2026-04-01T00:00:00Z,RD-005601,OP-003,Diego,Costa,diego.costa579@correo.es,CTY-STO,SE,2025-07-29,PLAN-PAYG,true,active,2003
I,2026-04-01T00:00:00Z,RD-005602,OP-003,Emil,Berg,emil.berg181@outlook.com,CTY-STO,SE,2024-11-25,PLAN-PAYG,false,active,1991
I,2026-04-01T00:00:00Z,RD-005603,OP-003,Oskar,Almeida,oskar.almeida167@outlook.com,CTY-STO,SE,2024-04-14,PLAN-STUDENT,false,active,1989
I,2026-04-01T00:00:00Z,RD-005604,OP-003,Nora,Roux,nora.roux418@proton.me,CTY-STO,SE,2025-05-17,PLAN-PAYG,false,active,1965
I,2026-04-01T00:00:00Z,RD-005605,OP-003,Nora,Lopez,nora.lopez172@correo.es,CTY-STO,SE,2024-03-21,PLAN-COMMUTE,true,active,1976
I,2026-04-01T00:00:00Z,RD-005606,OP-003,Camille,Weber,camille.weber505@gmx.de,CTY-STO,SE,2025-06-12,PLAN-COMMUTE,false,active,1973
I,2026-04-01T00:00:00Z,RD-005607,OP-003,Lucia,Nilsson,lucia.nilsson220@gmx.de,CTY-STO,SE,2025-06-07,PLAN-PAYG,false,active,1991
I,2026-04-01T00:00:00Z,RD-005608,OP-003,Diego,Haddad,diego.haddad644@correo.es,CTY-STO,SE,2025-12-30,PLAN-COMMUTE,true,active,1997
I,2026-04-01T00:00:00Z,RD-005609,OP-003,Chloe,Vidal,chloe.vidal889@gmx.de,CTY-STO,SE,2025-01-15,PLAN-PAYG,true,active,1983
I,2026-04-01T00:00:00Z,RD-005610,OP-003,Chloe,Lindqvist,chloe.lindqvist178@mail.com,CTY-STO,SE,2024-12-13,PLAN-PAYG,false,active,1974
I,2026-04-01T00:00:00Z,RD-005611,OP-003,Louis,Nilsson,louis.nilsson969@mail.com,CTY-STO,SE,2025-03-06,PLAN-UNLIMITED,false,active,1996
I,2026-04-01T00:00:00Z,RD-005613,OP-003,Pablo,Costa,pablo.costa426@mail.com,CTY-STO,SE,2024-11-24,PLAN-PAYG,true,active,2004
I,2026-04-01T00:00:00Z,RD-005614,OP-003,Omar,Lopez,omar.lopez839@mail.com,CTY-STO,SE,2024-08-06,PLAN-PAYG,true,active,2007
I,2026-04-01T00:00:00Z,RD-005615,OP-003,Aina,Andersson,aina.andersson110@correo.es,CTY-STO,SE,2025-01-07,PLAN-PAYG,false,active,2000
I,2026-04-01T00:00:00Z,RD-005616,OP-003,Ines,Lindqvist,ines.lindqvist569@gmx.de,CTY-STO,SE,2024-06-05,PLAN-UNLIMITED,true,active,1978
I,2026-04-01T00:00:00Z,RD-005617,OP-003,Aina,Serra,aina.serra643@correo.es,CTY-STO,SE,2024-08-24,PLAN-PAYG,true,active,1969
I,2026-04-01T00:00:00Z,RD-005618,OP-003,Diego,Berg,diego.berg109@gmx.de,CTY-STO,SE,2025-05-01,PLAN-COMMUTE,false,active,1982
I,2026-04-01T00:00:00Z,RD-005619,OP-003,Pablo,Benali,pablo.benali883@proton.me,CTY-STO,SE,2025-07-10,PLAN-PAYG,true,active,1967
I,2026-04-01T00:00:00Z,RD-005620,OP-003,Louis,Moreno,louis.moreno621@mail.com,CTY-STO,SE,2026-02-18,PLAN-PAYG,false,active,1996
I,2026-04-01T00:00:00Z,RD-005621,OP-003,Diego,Serra,diego.serra724@proton.me,CTY-STO,SE,2024-06-28,PLAN-PAYG,false,active,1979
I,2026-04-01T00:00:00Z,RD-005622,OP-003,Nils,Benali,nils.benali197@proton.me,CTY-STO,SE,2024-07-31,PLAN-STUDENT,true,active,1967
I,2026-04-01T00:00:00Z,RD-005623,OP-003,Joan,Silva,joan.silva466@correo.es,CTY-STO,SE,2025-08-04,PLAN-PAYG,true,active,1984
I,2026-04-01T00:00:00Z,RD-005624,OP-003,Diego,Silva,diego.silva991@outlook.com,CTY-STO,SE,2025-04-09,PLAN-COMMUTE,false,active,2002
I,2026-04-01T00:00:00Z,RD-005625,OP-003,Manon,Serra,manon.serra901@correo.es,CTY-STO,SE,2024-01-07,PLAN-UNLIMITED,false,active,1989
I,2026-04-01T00:00:00Z,RD-005626,OP-003,Diego,Garcia,diego.garcia239@mail.com,CTY-STO,SE,2025-08-20,PLAN-COMMUTE,false,active,1994
I,2026-04-01T00:00:00Z,RD-005627,OP-003,Rui,Lopez,rui.lopez13@proton.me,CTY-STO,SE,2025-01-17,PLAN-COMMUTE,false,active,1993
I,2026-04-01T00:00:00Z,RD-005628,OP-003,Beatriz,Almeida,beatriz.almeida580@correo.es,CTY-STO,SE,2025-09-13,PLAN-COMMUTE,true,active,1998
I,2026-04-01T00:00:00Z,RD-005629,OP-003,Camille,Moreno,camille.moreno582@gmx.de,CTY-STO,SE,2025-10-04,PLAN-COMMUTE,false,active,1979
I,2026-04-01T00:00:00Z,RD-005630,OP-003,Freja,Moreno,freja.moreno86@outlook.com,CTY-STO,SE,2025-11-06,PLAN-COMMUTE,true,active,1964
I,2026-04-01T00:00:00Z,RD-005631,OP-003,Aina,Nilsson,aina.nilsson116@proton.me,CTY-STO,SE,2024-12-10,PLAN-UNLIMITED,false,active,1995
I,2026-04-01T00:00:00Z,RD-005632,OP-003,Manon,Almeida,manon.almeida216@gmx.de,CTY-STO,SE,2025-04-08,PLAN-PAYG,true,active,1992
I,2026-04-01T00:00:00Z,RD-005634,OP-003,Nils,Fischer,nils.fischer378@outlook.com,CTY-STO,SE,2025-06-29,PLAN-STUDENT,false,active,1975
I,2026-04-01T00:00:00Z,RD-005635,OP-003,Lucia,Lopez,lucia.lopez61@proton.me,CTY-STO,SE,2024-03-09,PLAN-PAYG,true,active,1981
I,2026-04-01T00:00:00Z,RD-005636,OP-003,Chloe,Benali,chloe.benali212@outlook.com,CTY-STO,SE,2025-04-17,PLAN-UNLIMITED,false,active,2005
I,2026-04-01T00:00:00Z,RD-005637,OP-003,Antoine,Nilsson,antoine.nilsson19@gmx.de,CTY-STO,SE,2024-03-21,PLAN-PAYG,false,active,1966
I,2026-04-01T00:00:00Z,RD-005638,OP-003,Louis,Ferrer,louis.ferrer57@correo.es,CTY-STO,SE,2025-11-27,PLAN-PAYG,false,active,1964
I,2026-04-01T00:00:00Z,RD-005639,OP-003,Tiago,Novak,tiago.novak782@gmx.de,CTY-STO,SE,2025-08-15,PLAN-PAYG,false,active,2000
I,2026-04-01T00:00:00Z,RD-005640,OP-003,Nora,Silva,nora.silva209@gmx.de,CTY-STO,SE,2024-11-02,PLAN-UNLIMITED,true,active,1968
I,2026-04-01T00:00:00Z,RD-005641,OP-003,Sofia,Haddad,sofia.haddad172@mail.com,CTY-STO,SE,2024-12-07,PLAN-PAYG,false,active,1964
I,2026-04-01T00:00:00Z,RD-005642,OP-003,Nils,Vidal,nils.vidal6@outlook.com,CTY-STO,SE,2026-02-18,PLAN-UNLIMITED,true,active,1997
I,2026-04-01T00:00:00Z,RD-005643,OP-003,Joan,Kowalski,joan.kowalski589@outlook.com,CTY-STO,SE,2025-10-30,PLAN-COMMUTE,false,active,1969
I,2026-04-01T00:00:00Z,RD-005644,OP-003,Antoine,Nilsson,antoine.nilsson3@gmx.de,CTY-STO,SE,2024-10-25,PLAN-COMMUTE,false,active,1962
I,2026-04-01T00:00:00Z,RD-005645,OP-003,Louis,Lopez,louis.lopez273@proton.me,CTY-STO,SE,2025-11-21,PLAN-COMMUTE,true,active,2000
I,2026-04-01T00:00:00Z,RD-005646,OP-003,Chloe,Almeida,chloe.almeida425@gmx.de,CTY-STO,SE,2026-03-13,PLAN-PAYG,true,active,1972
I,2026-04-01T00:00:00Z,RD-005647,OP-003,Antoine,Pereira,antoine.pereira328@gmx.de,CTY-STO,SE,2024-05-18,PLAN-COMMUTE,true,active,1980
I,2026-04-01T00:00:00Z,RD-005648,OP-003,Elin,Andersson,elin.andersson408@mail.com,CTY-STO,SE,2026-01-11,PLAN-STUDENT,true,active,1978
I,2026-04-01T00:00:00Z,RD-005649,OP-003,Marta,Roux,marta.roux290@gmx.de,CTY-STO,SE,2025-04-09,PLAN-PAYG,true,active,1998
I,2026-04-01T00:00:00Z,RD-005651,OP-003,Hugo,Dubois,hugo.dubois516@correo.es,CTY-STO,SE,2025-03-18,PLAN-PAYG,true,active,1997
I,2026-04-01T00:00:00Z,RD-005652,OP-003,Camille,Roux,camille.roux315@proton.me,CTY-STO,SE,2024-06-05,PLAN-PAYG,false,active,1972
I,2026-04-01T00:00:00Z,RD-005653,OP-003,Manon,Weber,manon.weber824@proton.me,CTY-STO,SE,2025-09-11,PLAN-PAYG,true,active,2000
I,2026-04-01T00:00:00Z,RD-005654,OP-003,Manon,Dubois,manon.dubois622@proton.me,CTY-STO,SE,2024-01-16,PLAN-COMMUTE,false,active,1968
I,2026-04-01T00:00:00Z,RD-005655,OP-003,Yasmin,Kowalski,yasmin.kowalski77@proton.me,CTY-STO,SE,2024-03-20,PLAN-PAYG,true,active,1977
I,2026-04-01T00:00:00Z,RD-005656,OP-003,Pablo,Dubois,pablo.dubois866@gmx.de,CTY-STO,SE,2025-11-17,PLAN-UNLIMITED,true,active,1993
I,2026-04-01T00:00:00Z,RD-005657,OP-003,Rui,Martin,rui.martin53@gmx.de,CTY-STO,SE,2025-02-02,PLAN-UNLIMITED,true,active,1991
I,2026-04-01T00:00:00Z,RD-005658,OP-003,Manon,Martin,manon.martin472@correo.es,CTY-STO,SE,2025-07-17,PLAN-COMMUTE,true,active,1991
I,2026-04-01T00:00:00Z,RD-005659,OP-003,Lucia,Martin,lucia.martin118@gmx.de,CTY-STO,SE,2025-12-02,PLAN-PAYG,true,active,1963
I,2026-04-01T00:00:00Z,RD-005660,OP-003,Marta,Andersson,marta.andersson345@proton.me,CTY-STO,SE,2024-07-09,PLAN-COMMUTE,false,active,1979
I,2026-04-01T00:00:00Z,RD-005661,OP-003,Astrid,Weber,astrid.weber196@correo.es,CTY-STO,SE,2024-03-09,PLAN-PAYG,true,active,1984
I,2026-04-01T00:00:00Z,RD-005662,OP-003,Lucia,Benali,lucia.benali625@gmx.de,CTY-STO,SE,2024-08-20,PLAN-TOURIST,false,active,1972
I,2026-04-01T00:00:00Z,RD-005663,OP-003,Aina,Pereira,aina.pereira89@gmx.de,CTY-STO,SE,2024-07-21,PLAN-PAYG,true,active,1963
I,2026-04-01T00:00:00Z,RD-005664,OP-003,Beatriz,Benali,beatriz.benali658@gmx.de,CTY-STO,SE,2024-07-30,PLAN-COMMUTE,true,active,1977
I,2026-04-01T00:00:00Z,RD-005665,OP-003,Lucia,Costa,lucia.costa351@correo.es,CTY-STO,SE,2025-10-17,PLAN-UNLIMITED,false,active,1989
I,2026-04-01T00:00:00Z,RD-005666,OP-003,Emil,Lopez,emil.lopez429@correo.es,CTY-STO,SE,2024-11-09,PLAN-PAYG,false,active,1982
I,2026-04-01T00:00:00Z,RD-005667,OP-003,Hugo,Serra,hugo.serra139@correo.es,CTY-STO,SE,2025-10-16,PLAN-PAYG,false,active,2005
I,2026-04-01T00:00:00Z,RD-005668,OP-003,Nora,Nilsson,nora.nilsson743@correo.es,CTY-STO,SE,2024-11-24,PLAN-STUDENT,false,active,2001
I,2026-04-01T00:00:00Z,RD-005669,OP-003,Beatriz,Andersson,beatriz.andersson870@proton.me,CTY-STO,SE,2025-09-02,PLAN-PAYG,false,active,1991
I,2026-04-01T00:00:00Z,RD-005670,OP-003,Elin,Roux,elin.roux227@gmx.de,CTY-STO,SE,2025-10-18,PLAN-PAYG,false,active,1962
I,2026-04-01T00:00:00Z,RD-005671,OP-003,Louis,Almeida,louis.almeida296@mail.com,CTY-STO,SE,2025-03-19,PLAN-PAYG,true,active,1982
I,2026-04-01T00:00:00Z,RD-005672,OP-003,Sofia,Ferrer,sofia.ferrer472@outlook.com,CTY-STO,SE,2024-09-24,PLAN-PAYG,false,active,1983
I,2026-04-01T00:00:00Z,RD-005673,OP-003,Marta,Moreno,marta.moreno510@mail.com,CTY-STO,SE,2024-05-25,PLAN-CORP,false,active,1998
I,2026-04-01T00:00:00Z,RD-005674,OP-003,Pablo,Berg,pablo.berg692@gmx.de,CTY-STO,SE,2024-01-17,PLAN-PAYG,false,active,1974
I,2026-04-01T00:00:00Z,RD-005675,OP-003,Yasmin,Pereira,yasmin.pereira476@correo.es,CTY-STO,SE,2024-06-20,PLAN-COMMUTE,true,active,1987
I,2026-04-01T00:00:00Z,RD-005676,OP-003,Sofia,Kowalski,sofia.kowalski208@proton.me,CTY-STO,SE,2024-10-18,PLAN-PAYG,false,active,2001
I,2026-04-01T00:00:00Z,RD-005677,OP-003,Nils,Martin,nils.martin491@correo.es,CTY-STO,SE,2025-02-03,PLAN-PAYG,false,active,2007
I,2026-04-01T00:00:00Z,RD-005678,OP-003,Nora,Garcia,nora.garcia708@correo.es,CTY-STO,SE,2024-04-01,PLAN-PAYG,true,active,1993
I,2026-04-01T00:00:00Z,RD-005680,OP-003,Marta,Serra,marta.serra683@proton.me,CTY-STO,SE,2025-03-03,PLAN-PAYG,false,active,1966
I,2026-04-01T00:00:00Z,RD-005681,OP-003,Diego,Benali,diego.benali878@outlook.com,CTY-STO,SE,2024-04-06,PLAN-PAYG,false,active,1991
I,2026-04-01T00:00:00Z,RD-005682,OP-003,Oskar,Pereira,oskar.pereira757@mail.com,CTY-STO,SE,2025-03-01,PLAN-STUDENT,false,active,1999
I,2026-04-01T00:00:00Z,RD-005683,OP-003,Elin,Rossi,elin.rossi839@proton.me,CTY-STO,SE,2024-01-30,PLAN-PAYG,true,active,1972
I,2026-04-01T00:00:00Z,RD-005684,OP-003,Ines,Dubois,ines.dubois414@mail.com,CTY-STO,SE,2025-12-28,PLAN-PAYG,true,active,1962
I,2026-04-01T00:00:00Z,RD-005685,OP-003,Beatriz,Almeida,beatriz.almeida959@gmx.de,CTY-STO,SE,2025-11-19,PLAN-COMMUTE,true,active,1972
I,2026-04-01T00:00:00Z,RD-005686,OP-003,Thomas,Silva,thomas.silva541@outlook.com,CTY-STO,SE,2025-04-07,PLAN-PAYG,false,active,1964
I,2026-04-01T00:00:00Z,RD-005687,OP-003,Nils,Haddad,nils.haddad834@correo.es,CTY-STO,SE,2024-02-26,PLAN-PAYG,false,active,2008
I,2026-04-01T00:00:00Z,RD-005688,OP-003,Manon,Conti,manon.conti51@correo.es,CTY-STO,SE,2024-07-07,PLAN-PAYG,true,active,2003
I,2026-04-01T00:00:00Z,RD-005689,OP-003,Aina,Lindqvist,aina.lindqvist835@gmx.de,CTY-STO,SE,2025-10-02,PLAN-COMMUTE,false,active,2006
I,2026-04-01T00:00:00Z,RD-005690,OP-003,Karim,Moreno,karim.moreno607@correo.es,CTY-STO,SE,2024-05-22,PLAN-TOURIST,true,active,1991
I,2026-04-01T00:00:00Z,RD-005691,OP-003,Aina,Vidal,aina.vidal210@correo.es,CTY-STO,SE,2026-03-19,PLAN-PAYG,true,active,1976
I,2026-04-01T00:00:00Z,RD-005692,OP-003,Ivan,Haddad,ivan.haddad368@mail.com,CTY-STO,SE,2025-11-22,PLAN-PAYG,true,active,1977
I,2026-04-01T00:00:00Z,RD-005693,OP-003,Camille,Weber,camille.weber510@proton.me,CTY-STO,SE,2025-08-19,PLAN-UNLIMITED,true,active,1996
I,2026-04-01T00:00:00Z,RD-005694,OP-003,Yasmin,Kowalski,yasmin.kowalski450@outlook.com,CTY-STO,SE,2024-06-10,PLAN-TOURIST,false,active,1990
I,2026-04-01T00:00:00Z,RD-005695,OP-003,Tiago,Serra,tiago.serra651@outlook.com,CTY-STO,SE,2024-01-08,PLAN-COMMUTE,true,active,1970
I,2026-04-01T00:00:00Z,RD-005697,OP-003,Louis,Berg,louis.berg347@proton.me,CTY-STO,SE,2025-01-20,PLAN-PAYG,true,active,1987
I,2026-04-01T00:00:00Z,RD-005698,OP-003,Aina,Garcia,aina.garcia317@outlook.com,CTY-STO,SE,2024-03-07,PLAN-COMMUTE,true,active,1999
I,2026-04-01T00:00:00Z,RD-005699,OP-003,Ines,Rossi,ines.rossi178@outlook.com,CTY-STO,SE,2024-02-21,PLAN-PAYG,true,active,1975
I,2026-04-01T00:00:00Z,RD-005700,OP-003,Marta,Weber,marta.weber244@correo.es,CTY-STO,SE,2024-10-05,PLAN-COMMUTE,false,active,1967
I,2026-04-01T00:00:00Z,RD-005701,OP-003,Beatriz,Rossi,beatriz.rossi78@proton.me,CTY-STO,SE,2026-02-11,PLAN-COMMUTE,true,active,1974
I,2026-04-01T00:00:00Z,RD-005702,OP-003,Marta,Novak,marta.novak466@gmx.de,CTY-STO,SE,2024-01-02,PLAN-COMMUTE,false,active,1965
I,2026-04-01T00:00:00Z,RD-005704,OP-003,Tiago,Novak,tiago.novak724@outlook.com,CTY-STO,SE,2024-05-25,PLAN-PAYG,false,active,1969
I,2026-04-01T00:00:00Z,RD-005705,OP-003,Antoine,Fischer,antoine.fischer387@outlook.com,CTY-STO,SE,2025-11-21,PLAN-PAYG,false,active,1973
I,2026-04-01T00:00:00Z,RD-005706,OP-003,Sofia,Ferrer,sofia.ferrer786@gmx.de,CTY-STO,SE,2025-06-22,PLAN-TOURIST,true,active,2003
I,2026-04-01T00:00:00Z,RD-005707,OP-003,Camille,Pereira,camille.pereira519@mail.com,CTY-STO,SE,2024-09-03,PLAN-PAYG,true,active,1982
I,2026-04-01T00:00:00Z,RD-005708,OP-003,Emil,Rossi,emil.rossi39@correo.es,CTY-STO,SE,2024-03-19,PLAN-PAYG,true,active,1973
I,2026-04-01T00:00:00Z,RD-005709,OP-003,Nils,Conti,nils.conti126@gmx.de,CTY-STO,SE,2024-10-01,PLAN-PAYG,true,active,1995
I,2026-04-01T00:00:00Z,RD-005710,OP-003,Oskar,Lopez,oskar.lopez323@proton.me,CTY-STO,SE,2024-08-27,PLAN-PAYG,true,active,1988
I,2026-04-01T00:00:00Z,RD-005711,OP-003,Diego,Fischer,diego.fischer445@proton.me,CTY-STO,SE,2026-01-01,PLAN-STUDENT,false,active,1992
I,2026-04-01T00:00:00Z,RD-005712,OP-003,Pablo,Andersson,pablo.andersson61@mail.com,CTY-STO,SE,2025-09-26,PLAN-COMMUTE,true,active,2000
I,2026-04-01T00:00:00Z,RD-005713,OP-003,Camille,Moreno,camille.moreno791@gmx.de,CTY-STO,SE,2025-06-17,PLAN-COMMUTE,true,active,1997
I,2026-04-01T00:00:00Z,RD-005714,OP-003,Oskar,Bernard,oskar.bernard847@mail.com,CTY-STO,SE,2024-05-03,PLAN-PAYG,false,active,1964
I,2026-04-01T00:00:00Z,RD-005715,OP-003,Aina,Andersson,aina.andersson256@gmx.de,CTY-STO,SE,2025-01-14,PLAN-COMMUTE,false,active,1994
I,2026-04-01T00:00:00Z,RD-005716,OP-003,Hugo,Bernard,hugo.bernard804@gmx.de,CTY-STO,SE,2024-04-09,PLAN-CORP,true,active,1970
I,2026-04-01T00:00:00Z,RD-005717,OP-003,Chloe,Lindqvist,chloe.lindqvist832@mail.com,CTY-STO,SE,2024-08-21,PLAN-PAYG,false,active,1987
I,2026-04-01T00:00:00Z,RD-005718,OP-003,Joan,Vidal,joan.vidal575@outlook.com,CTY-STO,SE,2025-02-10,PLAN-PAYG,false,active,1991
I,2026-04-01T00:00:00Z,RD-005719,OP-003,Ines,Weber,ines.weber982@mail.com,CTY-STO,SE,2025-04-15,PLAN-PAYG,true,active,1996
I,2026-04-01T00:00:00Z,RD-005720,OP-003,Ivan,Nilsson,ivan.nilsson766@mail.com,CTY-STO,SE,2025-03-30,PLAN-PAYG,true,active,1962
I,2026-04-01T00:00:00Z,RD-005721,OP-003,Camille,Weber,camille.weber486@correo.es,CTY-STO,SE,2024-09-18,PLAN-TOURIST,true,active,1973
I,2026-04-01T00:00:00Z,RD-005722,OP-003,Ines,Serra,ines.serra117@mail.com,CTY-STO,SE,2024-08-08,PLAN-COMMUTE,true,active,1981
I,2026-04-01T00:00:00Z,RD-005723,OP-003,Camille,Lopez,camille.lopez756@correo.es,CTY-STO,SE,2024-11-04,PLAN-PAYG,false,active,1981
I,2026-04-01T00:00:00Z,RD-005724,OP-003,Freja,Haddad,freja.haddad603@gmx.de,CTY-STO,SE,2025-10-03,PLAN-PAYG,false,active,1998
I,2026-04-01T00:00:00Z,RD-005726,OP-003,Astrid,Pereira,astrid.pereira624@correo.es,CTY-STO,SE,2026-01-17,PLAN-PAYG,false,active,1962
I,2026-04-01T00:00:00Z,RD-005727,OP-003,Joan,Berg,joan.berg92@mail.com,CTY-STO,SE,2025-01-07,PLAN-PAYG,true,active,1975
I,2026-04-01T00:00:00Z,RD-005729,OP-003,Omar,Moreno,omar.moreno412@outlook.com,CTY-STO,SE,2026-01-10,PLAN-COMMUTE,false,active,1981
I,2026-04-01T00:00:00Z,RD-005730,OP-003,Antoine,Rossi,antoine.rossi816@mail.com,CTY-STO,SE,2024-05-18,PLAN-UNLIMITED,false,active,1970
I,2026-04-01T00:00:00Z,RD-005732,OP-003,Freja,Benali,freja.benali288@gmx.de,CTY-STO,SE,2026-03-10,PLAN-UNLIMITED,true,active,1982
I,2026-04-01T00:00:00Z,RD-005733,OP-003,Oskar,Dubois,oskar.dubois511@proton.me,CTY-STO,SE,2024-11-12,PLAN-PAYG,true,active,1998
I,2026-04-01T00:00:00Z,RD-005734,OP-003,Nils,Andersson,nils.andersson157@mail.com,CTY-STO,SE,2025-02-17,PLAN-COMMUTE,true,active,1988
I,2026-04-01T00:00:00Z,RD-005735,OP-003,Marta,Kowalski,marta.kowalski694@gmx.de,CTY-STO,SE,2025-08-21,PLAN-CORP,false,active,2006
I,2026-04-01T00:00:00Z,RD-005736,OP-003,Hugo,Andersson,hugo.andersson30@mail.com,CTY-STO,SE,2025-10-01,PLAN-PAYG,false,active,1989
I,2026-04-01T00:00:00Z,RD-005737,OP-003,Yasmin,Bernard,yasmin.bernard838@proton.me,CTY-STO,SE,2024-09-05,PLAN-PAYG,false,active,1997
I,2026-04-01T00:00:00Z,RD-005738,OP-003,Beatriz,Andersson,beatriz.andersson964@gmx.de,CTY-STO,SE,2025-06-09,PLAN-COMMUTE,true,active,1981
I,2026-04-01T00:00:00Z,RD-005739,OP-003,Emil,Ferrer,emil.ferrer711@proton.me,CTY-STO,SE,2025-01-09,PLAN-PAYG,true,active,1988
I,2026-04-01T00:00:00Z,RD-005740,OP-003,Elin,Almeida,elin.almeida878@gmx.de,CTY-STO,SE,2025-01-28,PLAN-PAYG,false,active,1982
I,2026-04-01T00:00:00Z,RD-005741,OP-003,Freja,Almeida,freja.almeida344@proton.me,CTY-STO,SE,2024-04-07,PLAN-COMMUTE,true,active,1967
I,2026-04-01T00:00:00Z,RD-005742,OP-003,Yasmin,Moreno,yasmin.moreno19@mail.com,CTY-STO,SE,2025-05-21,PLAN-PAYG,true,active,2006
I,2026-04-01T00:00:00Z,RD-005743,OP-003,Elin,Novak,elin.novak197@gmx.de,CTY-STO,SE,2025-08-03,PLAN-COMMUTE,false,active,2002
I,2026-04-01T00:00:00Z,RD-005744,OP-003,Beatriz,Fischer,beatriz.fischer187@gmx.de,CTY-STO,SE,2025-02-23,PLAN-COMMUTE,false,active,1970
I,2026-04-01T00:00:00Z,RD-005745,OP-003,Oskar,Dubois,oskar.dubois29@correo.es,CTY-STO,SE,2024-12-23,PLAN-PAYG,false,active,1996
I,2026-04-01T00:00:00Z,RD-005746,OP-003,Joan,Bernard,joan.bernard442@outlook.com,CTY-STO,SE,2025-05-31,PLAN-COMMUTE,true,active,1962
I,2026-04-01T00:00:00Z,RD-005747,OP-003,Yasmin,Berg,yasmin.berg165@outlook.com,CTY-STO,SE,2024-05-28,PLAN-COMMUTE,false,active,1996
I,2026-04-01T00:00:00Z,RD-005751,OP-003,Beatriz,Kowalski,beatriz.kowalski914@gmx.de,CTY-STO,SE,2024-04-18,PLAN-PAYG,false,active,1989
I,2026-04-01T00:00:00Z,RD-005753,OP-003,Thomas,Fischer,thomas.fischer333@outlook.com,CTY-STO,SE,2025-09-17,PLAN-PAYG,false,active,2000
I,2026-04-01T00:00:00Z,RD-005754,OP-003,Beatriz,Garcia,beatriz.garcia405@outlook.com,CTY-STO,SE,2024-07-16,PLAN-UNLIMITED,true,active,1995
I,2026-04-01T00:00:00Z,RD-005755,OP-003,Manon,Andersson,manon.andersson903@gmx.de,CTY-STO,SE,2025-03-06,PLAN-PAYG,true,active,1986
I,2026-04-01T00:00:00Z,RD-005756,OP-003,Aina,Pereira,aina.pereira82@proton.me,CTY-STO,SE,2025-02-28,PLAN-COMMUTE,false,active,1990
I,2026-04-01T00:00:00Z,RD-005757,OP-003,Louis,Martin,louis.martin940@proton.me,CTY-STO,SE,2025-04-11,PLAN-PAYG,false,active,2007
I,2026-04-01T00:00:00Z,RD-005758,OP-003,Omar,Kowalski,omar.kowalski956@correo.es,CTY-STO,SE,2024-11-02,PLAN-COMMUTE,true,active,1984
I,2026-04-01T00:00:00Z,RD-005759,OP-003,Karim,Berg,karim.berg629@proton.me,CTY-STO,SE,2025-10-09,PLAN-UNLIMITED,true,active,2004
I,2026-04-01T00:00:00Z,RD-005760,OP-003,Camille,Berg,camille.berg265@gmx.de,CTY-STO,SE,2024-05-21,PLAN-STUDENT,false,active,1992
I,2026-04-01T00:00:00Z,RD-005761,OP-003,Joan,Costa,joan.costa824@proton.me,CTY-STO,SE,2025-06-30,PLAN-PAYG,false,active,1964
I,2026-04-01T00:00:00Z,RD-005762,OP-003,Elin,Pereira,elin.pereira863@outlook.com,CTY-STO,SE,2024-10-29,PLAN-PAYG,false,active,1990
I,2026-04-01T00:00:00Z,RD-005764,OP-003,Nora,Bernard,nora.bernard944@gmx.de,CTY-STO,SE,2025-03-24,PLAN-STUDENT,true,active,1981
I,2026-04-01T00:00:00Z,RD-005765,OP-003,Nadia,Serra,nadia.serra284@outlook.com,CTY-STO,SE,2024-09-03,PLAN-STUDENT,false,active,1975
I,2026-04-01T00:00:00Z,RD-005766,OP-003,Tiago,Conti,tiago.conti783@mail.com,CTY-STO,SE,2025-11-10,PLAN-UNLIMITED,false,active,1963
I,2026-04-01T00:00:00Z,RD-005767,OP-003,Diego,Almeida,diego.almeida546@proton.me,CTY-STO,SE,2025-05-01,PLAN-COMMUTE,true,active,1984
I,2026-04-01T00:00:00Z,RD-005768,OP-003,Yasmin,Dubois,yasmin.dubois221@proton.me,CTY-STO,SE,2024-07-08,PLAN-COMMUTE,false,active,1976
I,2026-04-01T00:00:00Z,RD-005769,OP-003,Ivan,Ferrer,ivan.ferrer12@correo.es,CTY-STO,SE,2025-08-07,PLAN-PAYG,false,active,1981
I,2026-04-01T00:00:00Z,RD-005771,OP-003,Thomas,Ferrer,thomas.ferrer330@gmx.de,CTY-STO,SE,2025-08-31,PLAN-CORP,false,active,1997
I,2026-04-01T00:00:00Z,RD-005773,OP-003,Omar,Garcia,omar.garcia712@outlook.com,CTY-STO,SE,2024-03-18,PLAN-COMMUTE,false,active,1987
I,2026-04-01T00:00:00Z,RD-005774,OP-003,Astrid,Pereira,astrid.pereira612@outlook.com,CTY-STO,SE,2024-01-20,PLAN-PAYG,true,active,1964
I,2026-04-01T00:00:00Z,RD-005775,OP-003,Nora,Rossi,nora.rossi747@correo.es,CTY-STO,SE,2025-02-17,PLAN-PAYG,false,active,1970
I,2026-04-01T00:00:00Z,RD-005776,OP-003,Lucia,Ferrer,lucia.ferrer641@outlook.com,CTY-STO,SE,2026-01-13,PLAN-PAYG,true,active,1984
I,2026-04-01T00:00:00Z,RD-005777,OP-003,Astrid,Weber,astrid.weber998@gmx.de,CTY-STO,SE,2025-08-27,PLAN-PAYG,true,active,1965
I,2026-04-01T00:00:00Z,RD-005778,OP-003,Manon,Berg,manon.berg353@proton.me,CTY-STO,SE,2024-03-16,PLAN-UNLIMITED,false,active,2005
I,2026-04-01T00:00:00Z,RD-005779,OP-003,Ivan,Ferrer,ivan.ferrer745@proton.me,CTY-STO,SE,2025-01-18,PLAN-UNLIMITED,false,active,1985
I,2026-04-01T00:00:00Z,RD-005781,OP-003,Tiago,Haddad,tiago.haddad218@outlook.com,CTY-STO,SE,2025-07-28,PLAN-COMMUTE,false,active,1974
I,2026-04-01T00:00:00Z,RD-005782,OP-003,Astrid,Garcia,astrid.garcia658@proton.me,CTY-STO,SE,2024-08-20,PLAN-COMMUTE,true,active,2004
I,2026-04-01T00:00:00Z,RD-005784,OP-003,Rui,Andersson,rui.andersson233@proton.me,CTY-STO,SE,2024-05-24,PLAN-UNLIMITED,false,active,1985
I,2026-04-01T00:00:00Z,RD-005785,OP-003,Nils,Martin,nils.martin958@proton.me,CTY-STO,SE,2024-10-04,PLAN-PAYG,false,active,1975
I,2026-04-01T00:00:00Z,RD-005786,OP-003,Yasmin,Serra,yasmin.serra301@outlook.com,CTY-STO,SE,2026-02-19,PLAN-PAYG,false,active,2003
I,2026-04-01T00:00:00Z,RD-005787,OP-003,Tiago,Benali,tiago.benali746@mail.com,CTY-STO,SE,2025-07-17,PLAN-UNLIMITED,false,active,1984
I,2026-04-01T00:00:00Z,RD-005788,OP-003,Emil,Novak,emil.novak813@gmx.de,CTY-STO,SE,2025-03-23,PLAN-PAYG,false,active,1997
I,2026-04-01T00:00:00Z,RD-005789,OP-003,Oskar,Almeida,oskar.almeida90@outlook.com,CTY-STO,SE,2025-01-10,PLAN-PAYG,true,active,1990
I,2026-04-01T00:00:00Z,RD-005790,OP-003,Beatriz,Lindqvist,beatriz.lindqvist698@correo.es,CTY-STO,SE,2025-07-05,PLAN-STUDENT,false,active,1967
I,2026-04-01T00:00:00Z,RD-005791,OP-003,Freja,Costa,freja.costa534@proton.me,CTY-STO,SE,2025-11-14,PLAN-TOURIST,true,active,1982
I,2026-04-01T00:00:00Z,RD-005792,OP-003,Pablo,Lopez,pablo.lopez544@proton.me,CTY-STO,SE,2025-05-07,PLAN-PAYG,true,active,1979
I,2026-04-01T00:00:00Z,RD-005793,OP-003,Diego,Roux,diego.roux497@proton.me,CTY-STO,SE,2025-11-12,PLAN-PAYG,false,active,1974
I,2026-04-01T00:00:00Z,RD-005794,OP-003,Beatriz,Dubois,beatriz.dubois977@mail.com,CTY-STO,SE,2024-03-20,PLAN-PAYG,false,active,1973
I,2026-04-01T00:00:00Z,RD-005795,OP-003,Emil,Martin,emil.martin992@mail.com,CTY-STO,SE,2025-03-04,PLAN-UNLIMITED,false,active,1990
I,2026-04-01T00:00:00Z,RD-005796,OP-003,Louis,Rossi,louis.rossi942@correo.es,CTY-STO,SE,2026-01-17,PLAN-CORP,false,active,2005
I,2026-04-01T00:00:00Z,RD-005798,OP-003,Hugo,Vidal,hugo.vidal215@gmx.de,CTY-STO,SE,2025-02-18,PLAN-COMMUTE,false,active,1967
I,2026-04-01T00:00:00Z,RD-005799,OP-003,Tiago,Conti,tiago.conti791@mail.com,CTY-STO,SE,2024-11-21,PLAN-PAYG,true,active,1970
I,2026-04-01T00:00:00Z,RD-005800,OP-003,Lucia,Nilsson,lucia.nilsson880@correo.es,CTY-STO,SE,2025-11-23,PLAN-COMMUTE,true,active,2002
I,2026-04-01T00:00:00Z,RD-005801,OP-003,Rui,Bernard,rui.bernard639@mail.com,CTY-STO,SE,2025-05-10,PLAN-PAYG,false,active,2004
I,2026-04-01T00:00:00Z,RD-005802,OP-003,Ines,Pereira,ines.pereira943@gmx.de,CTY-STO,SE,2024-04-20,PLAN-PAYG,false,active,1965
I,2026-04-01T00:00:00Z,RD-005803,OP-003,Antoine,Fischer,antoine.fischer820@gmx.de,CTY-STO,SE,2024-01-15,PLAN-COMMUTE,false,active,1991
I,2026-04-01T00:00:00Z,RD-005805,OP-003,Freja,Nilsson,freja.nilsson270@proton.me,CTY-STO,SE,2024-05-16,PLAN-CORP,false,active,1983
I,2026-04-01T00:00:00Z,RD-005806,OP-003,Aina,Rossi,aina.rossi616@gmx.de,CTY-STO,SE,2026-01-23,PLAN-COMMUTE,false,active,1974
I,2026-04-01T00:00:00Z,RD-005807,OP-003,Omar,Silva,omar.silva245@correo.es,CTY-STO,SE,2025-07-10,PLAN-PAYG,true,active,1972
I,2026-04-01T00:00:00Z,RD-005808,OP-003,Antoine,Dubois,antoine.dubois220@mail.com,CTY-STO,SE,2024-03-25,PLAN-PAYG,true,active,1971
I,2026-04-01T00:00:00Z,RD-005809,OP-003,Lucia,Conti,lucia.conti53@mail.com,CTY-STO,SE,2025-06-15,PLAN-COMMUTE,false,active,1990
I,2026-04-01T00:00:00Z,RD-005810,OP-003,Louis,Silva,louis.silva369@proton.me,CTY-STO,SE,2024-12-06,PLAN-COMMUTE,true,active,1980
I,2026-04-01T00:00:00Z,RD-005811,OP-003,Louis,Novak,louis.novak185@correo.es,CTY-STO,SE,2025-07-27,PLAN-UNLIMITED,true,active,1974
I,2026-04-01T00:00:00Z,RD-005812,OP-003,Aina,Kowalski,aina.kowalski563@correo.es,CTY-STO,SE,2024-03-08,PLAN-PAYG,false,active,2001
I,2026-04-01T00:00:00Z,RD-005813,OP-003,Ines,Lindqvist,ines.lindqvist657@mail.com,CTY-STO,SE,2025-06-09,PLAN-PAYG,false,active,2000
I,2026-04-01T00:00:00Z,RD-005814,OP-003,Ines,Weber,ines.weber592@proton.me,CTY-STO,SE,2024-05-21,PLAN-UNLIMITED,false,active,1983
I,2026-04-01T00:00:00Z,RD-005815,OP-003,Nils,Vidal,nils.vidal195@proton.me,CTY-STO,SE,2025-10-25,PLAN-PAYG,true,active,1978
I,2026-04-01T00:00:00Z,RD-005816,OP-003,Omar,Nilsson,omar.nilsson538@gmx.de,CTY-STO,SE,2025-09-16,PLAN-PAYG,true,active,2000
I,2026-04-01T00:00:00Z,RD-005819,OP-003,Nadia,Roux,nadia.roux567@proton.me,CTY-STO,SE,2025-08-27,PLAN-PAYG,false,active,1979
I,2026-04-01T00:00:00Z,RD-005820,OP-003,Manon,Nilsson,manon.nilsson85@correo.es,CTY-STO,SE,2024-09-05,PLAN-COMMUTE,false,active,1970
I,2026-04-01T00:00:00Z,RD-005821,OP-003,Louis,Ferrer,louis.ferrer470@gmx.de,CTY-STO,SE,2024-06-25,PLAN-COMMUTE,true,active,1999
I,2026-04-01T00:00:00Z,RD-005822,OP-003,Ines,Lopez,ines.lopez142@mail.com,CTY-STO,SE,2024-05-26,PLAN-PAYG,true,active,1983
I,2026-04-01T00:00:00Z,RD-005823,OP-003,Camille,Moreno,camille.moreno702@outlook.com,CTY-STO,SE,2025-10-22,PLAN-PAYG,true,active,1986
I,2026-04-01T00:00:00Z,RD-005824,OP-003,Ines,Berg,ines.berg861@mail.com,CTY-STO,SE,2024-10-24,PLAN-COMMUTE,false,active,1972
I,2026-04-01T00:00:00Z,RD-005825,OP-003,Ivan,Martin,ivan.martin551@proton.me,CTY-STO,SE,2026-02-23,PLAN-PAYG,false,active,1966
I,2026-04-01T00:00:00Z,RD-005826,OP-003,Rui,Ferrer,rui.ferrer181@correo.es,CTY-STO,SE,2024-07-29,PLAN-CORP,false,active,1963
I,2026-04-01T00:00:00Z,RD-005828,OP-003,Nils,Dubois,nils.dubois318@proton.me,CTY-STO,SE,2025-06-28,PLAN-PAYG,true,active,1966
I,2026-04-01T00:00:00Z,RD-005829,OP-003,Manon,Ferrer,manon.ferrer144@correo.es,CTY-STO,SE,2024-08-01,PLAN-TOURIST,false,active,1978
I,2026-04-01T00:00:00Z,RD-005830,OP-003,Ivan,Dubois,ivan.dubois242@mail.com,CTY-STO,SE,2025-05-07,PLAN-COMMUTE,false,active,1996
I,2026-04-01T00:00:00Z,RD-005831,OP-003,Hugo,Lopez,hugo.lopez285@gmx.de,CTY-STO,SE,2026-01-31,PLAN-COMMUTE,false,active,1996
I,2026-04-01T00:00:00Z,RD-005832,OP-003,Aina,Vidal,aina.vidal934@correo.es,CTY-STO,SE,2024-04-05,PLAN-COMMUTE,true,active,1971
I,2026-04-01T00:00:00Z,RD-005833,OP-003,Oskar,Costa,oskar.costa629@outlook.com,CTY-STO,SE,2025-05-28,PLAN-PAYG,true,active,2006
I,2026-04-01T00:00:00Z,RD-005834,OP-003,Nora,Garcia,nora.garcia274@mail.com,CTY-STO,SE,2024-05-02,PLAN-PAYG,false,active,1991
I,2026-04-01T00:00:00Z,RD-005835,OP-003,Marta,Kowalski,marta.kowalski469@proton.me,CTY-STO,SE,2024-02-29,PLAN-STUDENT,true,active,1981
I,2026-04-01T00:00:00Z,RD-005836,OP-003,Sofia,Rossi,sofia.rossi754@proton.me,CTY-STO,SE,2024-11-03,PLAN-PAYG,false,active,1966
I,2026-04-01T00:00:00Z,RD-005837,OP-003,Pablo,Lindqvist,pablo.lindqvist828@proton.me,CTY-STO,SE,2025-01-17,PLAN-STUDENT,false,active,1975
I,2026-04-01T00:00:00Z,RD-005838,OP-003,Pablo,Kowalski,pablo.kowalski162@proton.me,CTY-STO,SE,2024-11-01,PLAN-STUDENT,false,active,2000
I,2026-04-01T00:00:00Z,RD-005839,OP-003,Thomas,Fischer,thomas.fischer586@gmx.de,CTY-STO,SE,2024-08-24,PLAN-CORP,false,active,1985
I,2026-04-01T00:00:00Z,RD-005841,OP-003,Louis,Costa,louis.costa139@proton.me,CTY-STO,SE,2025-05-02,PLAN-PAYG,true,active,2006
I,2026-04-01T00:00:00Z,RD-005843,OP-003,Diego,Serra,diego.serra178@correo.es,CTY-STO,SE,2024-01-07,PLAN-PAYG,false,active,1972
I,2026-04-01T00:00:00Z,RD-005844,OP-003,Omar,Bernard,omar.bernard32@proton.me,CTY-STO,SE,2025-07-14,PLAN-PAYG,false,active,2007
I,2026-04-01T00:00:00Z,RD-005845,OP-003,Camille,Nilsson,camille.nilsson43@proton.me,CTY-STO,SE,2025-05-20,PLAN-COMMUTE,false,active,1999
I,2026-04-01T00:00:00Z,RD-005846,OP-003,Chloe,Benali,chloe.benali700@mail.com,CTY-STO,SE,2026-01-21,PLAN-COMMUTE,false,active,2004
I,2026-04-01T00:00:00Z,RD-005847,OP-003,Camille,Berg,camille.berg729@correo.es,CTY-STO,SE,2025-11-08,PLAN-PAYG,true,active,1974
I,2026-04-01T00:00:00Z,RD-005848,OP-003,Beatriz,Silva,beatriz.silva75@mail.com,CTY-STO,SE,2024-06-25,PLAN-UNLIMITED,false,active,1962
I,2026-04-01T00:00:00Z,RD-005849,OP-003,Louis,Ferrer,louis.ferrer551@correo.es,CTY-STO,SE,2024-02-11,PLAN-PAYG,true,active,1984
I,2026-04-01T00:00:00Z,RD-005850,OP-003,Ivan,Vidal,ivan.vidal555@outlook.com,CTY-STO,SE,2024-02-13,PLAN-PAYG,false,active,1986
I,2026-04-01T00:00:00Z,RD-005851,OP-003,Manon,Ferrer,manon.ferrer32@gmx.de,CTY-STO,SE,2025-06-25,PLAN-PAYG,true,active,1990
I,2026-04-01T00:00:00Z,RD-005852,OP-003,Pablo,Garcia,pablo.garcia482@outlook.com,CTY-STO,SE,2024-10-19,PLAN-PAYG,false,active,1984
I,2026-04-01T00:00:00Z,RD-005853,OP-003,Nadia,Haddad,nadia.haddad788@mail.com,CTY-STO,SE,2024-04-12,PLAN-UNLIMITED,true,active,1998
I,2026-04-01T00:00:00Z,RD-005854,OP-003,Joan,Fischer,joan.fischer60@proton.me,CTY-STO,SE,2024-11-27,PLAN-PAYG,false,active,1991
I,2026-04-01T00:00:00Z,RD-005855,OP-003,Chloe,Pereira,chloe.pereira477@correo.es,CTY-STO,SE,2024-07-06,PLAN-PAYG,true,active,1977
I,2026-04-01T00:00:00Z,RD-005856,OP-003,Yasmin,Costa,yasmin.costa313@gmx.de,CTY-STO,SE,2025-12-06,PLAN-PAYG,true,active,1970
I,2026-04-01T00:00:00Z,RD-005857,OP-003,Thomas,Dubois,thomas.dubois956@gmx.de,CTY-STO,SE,2024-03-03,PLAN-PAYG,false,active,1967
I,2026-04-01T00:00:00Z,RD-005858,OP-003,Louis,Pereira,louis.pereira797@gmx.de,CTY-STO,SE,2024-09-20,PLAN-PAYG,false,active,1986
I,2026-04-01T00:00:00Z,RD-005859,OP-003,Tiago,Pereira,tiago.pereira792@gmx.de,CTY-STO,SE,2025-02-10,PLAN-PAYG,true,active,1979
I,2026-04-01T00:00:00Z,RD-005860,OP-003,Hugo,Rossi,hugo.rossi18@mail.com,CTY-STO,SE,2024-01-09,PLAN-UNLIMITED,true,active,2006
I,2026-04-01T00:00:00Z,RD-005861,OP-003,Pablo,Andersson,pablo.andersson270@correo.es,CTY-STO,SE,2025-03-30,PLAN-PAYG,false,active,1993
I,2026-04-01T00:00:00Z,RD-005862,OP-003,Thomas,Moreno,thomas.moreno247@outlook.com,CTY-STO,SE,2025-05-01,PLAN-STUDENT,true,active,1973
I,2026-04-01T00:00:00Z,RD-005863,OP-003,Aina,Silva,aina.silva702@outlook.com,CTY-STO,SE,2025-11-09,PLAN-COMMUTE,true,active,1992
I,2026-04-01T00:00:00Z,RD-005864,OP-003,Nils,Weber,nils.weber658@correo.es,CTY-STO,SE,2024-06-17,PLAN-UNLIMITED,true,active,2008
I,2026-04-01T00:00:00Z,RD-005865,OP-003,Ivan,Berg,ivan.berg351@gmx.de,CTY-STO,SE,2024-04-28,PLAN-PAYG,false,active,1987
I,2026-04-01T00:00:00Z,RD-005866,OP-003,Oskar,Dubois,oskar.dubois835@proton.me,CTY-STO,SE,2025-03-07,PLAN-PAYG,true,active,1964
I,2026-04-01T00:00:00Z,RD-005868,OP-003,Thomas,Berg,thomas.berg245@outlook.com,CTY-STO,SE,2026-02-09,PLAN-PAYG,true,active,1981
I,2026-04-01T00:00:00Z,RD-005869,OP-003,Ines,Kowalski,ines.kowalski58@correo.es,CTY-STO,SE,2024-10-19,PLAN-PAYG,false,active,1976
I,2026-04-01T00:00:00Z,RD-005870,OP-003,Lucia,Silva,lucia.silva649@gmx.de,CTY-STO,SE,2024-12-21,PLAN-COMMUTE,true,active,2003
I,2026-04-01T00:00:00Z,RD-005871,OP-003,Marta,Bernard,marta.bernard791@gmx.de,CTY-STO,SE,2025-05-25,PLAN-PAYG,true,active,2006
I,2026-04-01T00:00:00Z,RD-005872,OP-003,Nora,Moreno,nora.moreno229@outlook.com,CTY-STO,SE,2026-02-19,PLAN-PAYG,true,active,1993
I,2026-04-01T00:00:00Z,RD-005873,OP-003,Joan,Kowalski,joan.kowalski282@gmx.de,CTY-STO,SE,2024-10-14,PLAN-PAYG,false,active,1963
I,2026-04-01T00:00:00Z,RD-005874,OP-003,Pablo,Kowalski,pablo.kowalski90@correo.es,CTY-STO,SE,2025-07-08,PLAN-PAYG,false,active,1968
I,2026-04-01T00:00:00Z,RD-005875,OP-003,Tiago,Nilsson,tiago.nilsson165@proton.me,CTY-STO,SE,2024-08-19,PLAN-COMMUTE,false,active,1991
I,2026-04-01T00:00:00Z,RD-005877,OP-003,Joan,Lopez,joan.lopez198@proton.me,CTY-STO,SE,2025-01-05,PLAN-PAYG,false,active,2008
I,2026-04-01T00:00:00Z,RD-005878,OP-003,Yasmin,Haddad,yasmin.haddad485@outlook.com,CTY-STO,SE,2024-07-07,PLAN-PAYG,true,active,1996
I,2026-04-01T00:00:00Z,RD-005879,OP-003,Aina,Almeida,aina.almeida493@proton.me,CTY-STO,SE,2025-10-25,PLAN-PAYG,true,active,1989
I,2026-04-01T00:00:00Z,RD-005880,OP-003,Chloe,Garcia,chloe.garcia445@outlook.com,CTY-STO,SE,2025-06-01,PLAN-STUDENT,true,active,2001
I,2026-04-01T00:00:00Z,RD-005882,OP-003,Beatriz,Vidal,beatriz.vidal18@proton.me,CTY-STO,SE,2025-12-24,PLAN-PAYG,false,active,1981
I,2026-04-01T00:00:00Z,RD-005883,OP-003,Ivan,Costa,ivan.costa23@outlook.com,CTY-STO,SE,2024-08-31,PLAN-PAYG,true,active,1974
I,2026-04-01T00:00:00Z,RD-005884,OP-003,Chloe,Almeida,chloe.almeida593@correo.es,CTY-STO,SE,2024-09-25,PLAN-PAYG,false,active,1999
I,2026-04-01T00:00:00Z,RD-005885,OP-003,Pablo,Bernard,pablo.bernard676@proton.me,CTY-STO,SE,2024-05-02,PLAN-PAYG,false,active,1996
I,2026-04-01T00:00:00Z,RD-005886,OP-003,Nils,Andersson,nils.andersson676@gmx.de,CTY-STO,SE,2024-11-20,PLAN-STUDENT,false,active,1979
I,2026-04-01T00:00:00Z,RD-005887,OP-003,Louis,Kowalski,louis.kowalski427@outlook.com,CTY-STO,SE,2024-01-30,PLAN-UNLIMITED,true,active,1983
I,2026-04-01T00:00:00Z,RD-005888,OP-003,Manon,Silva,manon.silva56@mail.com,CTY-STO,SE,2024-09-03,PLAN-PAYG,false,active,1996
I,2026-04-01T00:00:00Z,RD-005889,OP-003,Joan,Kowalski,joan.kowalski796@proton.me,CTY-STO,SE,2025-07-19,PLAN-PAYG,true,active,1978
I,2026-04-01T00:00:00Z,RD-005890,OP-003,Thomas,Nilsson,thomas.nilsson878@mail.com,CTY-STO,SE,2026-01-06,PLAN-PAYG,false,active,1976
I,2026-04-01T00:00:00Z,RD-005891,OP-003,Diego,Roux,diego.roux944@mail.com,CTY-STO,SE,2024-09-02,PLAN-UNLIMITED,true,active,1990
I,2026-04-01T00:00:00Z,RD-005893,OP-003,Joan,Martin,joan.martin642@correo.es,CTY-STO,SE,2025-12-03,PLAN-PAYG,true,active,1997
I,2026-04-01T00:00:00Z,RD-005894,OP-003,Lucia,Almeida,lucia.almeida921@proton.me,CTY-STO,SE,2024-03-29,PLAN-PAYG,true,active,1969
I,2026-04-01T00:00:00Z,RD-005895,OP-003,Marta,Lindqvist,marta.lindqvist55@proton.me,CTY-STO,SE,2024-06-27,PLAN-UNLIMITED,false,active,1966
I,2026-04-01T00:00:00Z,RD-005896,OP-003,Emil,Nilsson,emil.nilsson268@mail.com,CTY-STO,SE,2026-02-14,PLAN-PAYG,true,active,1994
I,2026-04-01T00:00:00Z,RD-005897,OP-003,Sofia,Novak,sofia.novak812@mail.com,CTY-STO,SE,2024-01-19,PLAN-PAYG,true,active,1967
I,2026-04-01T00:00:00Z,RD-005899,OP-003,Beatriz,Garcia,beatriz.garcia82@mail.com,CTY-STO,SE,2024-01-09,PLAN-COMMUTE,true,active,2003
I,2026-04-01T00:00:00Z,RD-005900,OP-003,Beatriz,Serra,beatriz.serra652@outlook.com,CTY-STO,SE,2025-11-07,PLAN-UNLIMITED,true,active,1999
I,2026-04-01T00:00:00Z,RD-005901,OP-003,Aina,Dubois,aina.dubois273@gmx.de,CTY-STO,SE,2024-05-30,PLAN-PAYG,false,active,2007
I,2026-04-01T00:00:00Z,RD-005902,OP-003,Nils,Nilsson,nils.nilsson531@gmx.de,CTY-STO,SE,2024-03-18,PLAN-PAYG,true,active,1985
I,2026-04-01T00:00:00Z,RD-005903,OP-003,Nadia,Rossi,nadia.rossi849@correo.es,CTY-STO,SE,2026-02-01,PLAN-PAYG,false,active,1983
I,2026-04-01T00:00:00Z,RD-005904,OP-003,Rui,Weber,rui.weber906@mail.com,CTY-STO,SE,2025-05-14,PLAN-UNLIMITED,true,active,1980
I,2026-04-01T00:00:00Z,RD-005905,OP-003,Ines,Dubois,ines.dubois122@outlook.com,CTY-STO,SE,2025-12-05,PLAN-PAYG,true,active,1994
I,2026-04-01T00:00:00Z,RD-005906,OP-003,Antoine,Lindqvist,antoine.lindqvist910@correo.es,CTY-STO,SE,2025-06-18,PLAN-STUDENT,false,active,1984
I,2026-04-01T00:00:00Z,RD-005907,OP-003,Nils,Moreno,nils.moreno651@outlook.com,CTY-STO,SE,2025-07-01,PLAN-PAYG,true,active,1970
I,2026-04-01T00:00:00Z,RD-005908,OP-003,Freja,Almeida,freja.almeida595@mail.com,CTY-STO,SE,2025-09-23,PLAN-PAYG,true,active,2008
I,2026-04-01T00:00:00Z,RD-005909,OP-003,Chloe,Dubois,chloe.dubois28@outlook.com,CTY-STO,SE,2025-11-21,PLAN-STUDENT,false,active,2006
I,2026-04-01T00:00:00Z,RD-005910,OP-003,Antoine,Almeida,antoine.almeida304@outlook.com,CTY-STO,SE,2026-03-21,PLAN-COMMUTE,false,active,2000
I,2026-04-01T00:00:00Z,RD-005911,OP-003,Astrid,Dubois,astrid.dubois615@proton.me,CTY-STO,SE,2024-11-23,PLAN-PAYG,false,active,1975
I,2026-04-01T00:00:00Z,RD-005912,OP-003,Chloe,Kowalski,chloe.kowalski520@mail.com,CTY-STO,SE,2025-10-03,PLAN-PAYG,false,active,1982
I,2026-04-01T00:00:00Z,RD-005913,OP-003,Joan,Conti,joan.conti137@correo.es,CTY-STO,SE,2025-06-21,PLAN-COMMUTE,true,active,1992
I,2026-04-01T00:00:00Z,RD-005914,OP-003,Ivan,Lindqvist,ivan.lindqvist479@gmx.de,CTY-STO,SE,2024-10-12,PLAN-COMMUTE,true,active,1989
I,2026-04-01T00:00:00Z,RD-005916,OP-003,Yasmin,Roux,yasmin.roux268@proton.me,CTY-STO,SE,2025-01-11,PLAN-PAYG,false,active,1971
I,2026-04-01T00:00:00Z,RD-005917,OP-003,Lucia,Dubois,lucia.dubois139@mail.com,CTY-STO,SE,2024-08-03,PLAN-PAYG,true,active,2002
I,2026-04-01T00:00:00Z,RD-005918,OP-003,Elin,Bernard,elin.bernard574@outlook.com,CTY-STO,SE,2025-11-27,PLAN-PAYG,true,active,1972
I,2026-04-01T00:00:00Z,RD-005919,OP-003,Chloe,Weber,chloe.weber603@gmx.de,CTY-STO,SE,2024-06-09,PLAN-PAYG,false,active,1987
I,2026-04-01T00:00:00Z,RD-005920,OP-003,Rui,Weber,rui.weber536@outlook.com,CTY-STO,SE,2025-06-08,PLAN-PAYG,true,active,1990
I,2026-04-01T00:00:00Z,RD-005921,OP-003,Rui,Conti,rui.conti853@outlook.com,CTY-STO,SE,2024-03-11,PLAN-COMMUTE,true,active,1988
I,2026-04-01T00:00:00Z,RD-005922,OP-003,Aina,Andersson,aina.andersson86@gmx.de,CTY-STO,SE,2025-10-26,PLAN-COMMUTE,true,active,1981
I,2026-04-01T00:00:00Z,RD-005924,OP-003,Camille,Roux,camille.roux555@proton.me,CTY-STO,SE,2024-10-19,PLAN-PAYG,true,active,2007
I,2026-04-01T00:00:00Z,RD-005925,OP-003,Astrid,Weber,astrid.weber625@outlook.com,CTY-STO,SE,2024-10-27,PLAN-COMMUTE,false,active,1977
I,2026-04-01T00:00:00Z,RD-005927,OP-003,Nils,Vidal,nils.vidal711@proton.me,CTY-STO,SE,2026-03-09,PLAN-CORP,true,active,1979
I,2026-04-01T00:00:00Z,RD-005928,OP-003,Marta,Bernard,marta.bernard574@proton.me,CTY-STO,SE,2024-06-16,PLAN-PAYG,true,active,1971
I,2026-04-01T00:00:00Z,RD-005930,OP-003,Karim,Benali,karim.benali122@proton.me,CTY-STO,SE,2025-04-21,PLAN-PAYG,false,active,1983
I,2026-04-01T00:00:00Z,RD-005931,OP-003,Chloe,Benali,chloe.benali163@mail.com,CTY-STO,SE,2025-09-04,PLAN-PAYG,true,active,1995
I,2026-04-01T00:00:00Z,RD-005932,OP-003,Karim,Benali,karim.benali23@correo.es,CTY-STO,SE,2025-11-15,PLAN-PAYG,true,active,1968
I,2026-04-01T00:00:00Z,RD-005933,OP-003,Tiago,Haddad,tiago.haddad321@mail.com,CTY-STO,SE,2024-02-03,PLAN-PAYG,false,active,1986
I,2026-04-01T00:00:00Z,RD-005934,OP-003,Pablo,Novak,pablo.novak303@mail.com,CTY-STO,SE,2024-08-31,PLAN-UNLIMITED,false,active,2007
I,2026-04-01T00:00:00Z,RD-005937,OP-003,Antoine,Weber,antoine.weber90@gmx.de,CTY-STO,SE,2025-09-26,PLAN-COMMUTE,false,active,1974
I,2026-04-01T00:00:00Z,RD-005938,OP-003,Marta,Rossi,marta.rossi239@outlook.com,CTY-STO,SE,2024-07-23,PLAN-PAYG,false,active,1994
I,2026-04-01T00:00:00Z,RD-005939,OP-003,Freja,Silva,freja.silva960@gmx.de,CTY-STO,SE,2025-04-02,PLAN-PAYG,false,active,1973
I,2026-04-01T00:00:00Z,RD-005940,OP-003,Nadia,Fischer,nadia.fischer2@mail.com,CTY-STO,SE,2025-10-29,PLAN-TOURIST,true,active,1988
I,2026-04-01T00:00:00Z,RD-005941,OP-003,Oskar,Lindqvist,oskar.lindqvist21@proton.me,CTY-STO,SE,2025-04-17,PLAN-COMMUTE,false,active,2002
I,2026-04-01T00:00:00Z,RD-005942,OP-003,Manon,Kowalski,manon.kowalski641@mail.com,CTY-STO,SE,2025-06-03,PLAN-STUDENT,true,active,1978
I,2026-04-01T00:00:00Z,RD-005943,OP-003,Lucia,Nilsson,lucia.nilsson281@gmx.de,CTY-STO,SE,2024-06-02,PLAN-PAYG,false,active,1979
I,2026-04-01T00:00:00Z,RD-005945,OP-003,Marta,Kowalski,marta.kowalski753@mail.com,CTY-STO,SE,2024-12-25,PLAN-STUDENT,false,active,1964
I,2026-04-01T00:00:00Z,RD-005946,OP-003,Nadia,Almeida,nadia.almeida158@outlook.com,CTY-STO,SE,2025-09-04,PLAN-COMMUTE,false,active,1985
I,2026-04-01T00:00:00Z,RD-005947,OP-003,Pablo,Weber,pablo.weber940@proton.me,CTY-STO,SE,2024-05-28,PLAN-PAYG,true,active,1981
I,2026-04-01T00:00:00Z,RD-005949,OP-003,Ines,Berg,ines.berg27@outlook.com,CTY-STO,SE,2025-12-29,PLAN-COMMUTE,true,active,2003
I,2026-04-01T00:00:00Z,RD-005950,OP-003,Marta,Costa,marta.costa98@proton.me,CTY-STO,SE,2025-09-12,PLAN-UNLIMITED,true,active,1998
I,2026-04-01T00:00:00Z,RD-005951,OP-003,Louis,Conti,louis.conti250@proton.me,CTY-STO,SE,2025-11-05,PLAN-PAYG,true,active,1970
I,2026-04-01T00:00:00Z,RD-005952,OP-003,Karim,Roux,karim.roux765@mail.com,CTY-STO,SE,2025-05-16,PLAN-PAYG,true,active,2007
I,2026-04-01T00:00:00Z,RD-005953,OP-003,Diego,Haddad,diego.haddad524@correo.es,CTY-STO,SE,2024-05-23,PLAN-PAYG,true,active,1989
I,2026-04-01T00:00:00Z,RD-005954,OP-003,Hugo,Lindqvist,hugo.lindqvist525@correo.es,CTY-STO,SE,2024-04-25,PLAN-UNLIMITED,true,active,1979
I,2026-04-01T00:00:00Z,RD-005955,OP-003,Oskar,Moreno,oskar.moreno92@proton.me,CTY-STO,SE,2025-08-07,PLAN-PAYG,true,active,2005
I,2026-04-01T00:00:00Z,RD-005956,OP-003,Chloe,Haddad,chloe.haddad636@mail.com,CTY-STO,SE,2025-05-18,PLAN-PAYG,true,active,2001
I,2026-04-01T00:00:00Z,RD-005957,OP-003,Omar,Vidal,omar.vidal335@outlook.com,CTY-STO,SE,2025-12-21,PLAN-PAYG,true,active,1985
I,2026-04-01T00:00:00Z,RD-005958,OP-003,Nora,Lopez,nora.lopez361@proton.me,CTY-STO,SE,2024-09-10,PLAN-PAYG,false,active,2008
I,2026-04-01T00:00:00Z,RD-005959,OP-003,Aina,Rossi,aina.rossi715@mail.com,CTY-STO,SE,2024-12-28,PLAN-COMMUTE,true,active,1998
I,2026-04-01T00:00:00Z,RD-005960,OP-003,Sofia,Moreno,sofia.moreno682@proton.me,CTY-STO,SE,2025-04-02,PLAN-PAYG,false,active,1997
I,2026-04-01T00:00:00Z,RD-005961,OP-003,Hugo,Roux,hugo.roux178@mail.com,CTY-STO,SE,2025-07-05,PLAN-PAYG,true,active,1980
I,2026-04-01T00:00:00Z,RD-005963,OP-003,Rui,Martin,rui.martin442@gmx.de,CTY-STO,SE,2025-06-19,PLAN-COMMUTE,false,active,1976
I,2026-04-01T00:00:00Z,RD-005964,OP-003,Aina,Rossi,aina.rossi981@correo.es,CTY-STO,SE,2024-05-22,PLAN-PAYG,false,active,1974
I,2026-04-01T00:00:00Z,RD-005965,OP-003,Astrid,Roux,astrid.roux525@mail.com,CTY-STO,SE,2025-02-06,PLAN-PAYG,false,active,1968
I,2026-04-01T00:00:00Z,RD-005966,OP-003,Diego,Silva,diego.silva797@proton.me,CTY-STO,SE,2025-06-17,PLAN-CORP,false,active,1992
I,2026-04-01T00:00:00Z,RD-005967,OP-003,Oskar,Benali,oskar.benali477@gmx.de,CTY-STO,SE,2024-09-21,PLAN-COMMUTE,false,active,1989
I,2026-04-01T00:00:00Z,RD-005968,OP-003,Diego,Andersson,diego.andersson4@gmx.de,CTY-STO,SE,2024-03-20,PLAN-PAYG,false,active,2004
I,2026-04-01T00:00:00Z,RD-005969,OP-003,Thomas,Ferrer,thomas.ferrer187@gmx.de,CTY-STO,SE,2024-11-25,PLAN-PAYG,true,active,2002
I,2026-04-01T00:00:00Z,RD-005970,OP-003,Aina,Berg,aina.berg679@outlook.com,CTY-STO,SE,2024-10-02,PLAN-COMMUTE,false,active,2008
I,2026-04-01T00:00:00Z,RD-005971,OP-003,Oskar,Moreno,oskar.moreno378@gmx.de,CTY-STO,SE,2025-08-24,PLAN-UNLIMITED,false,active,1992
I,2026-04-01T00:00:00Z,RD-005972,OP-003,Elin,Fischer,elin.fischer735@outlook.com,CTY-STO,SE,2024-05-19,PLAN-COMMUTE,false,active,2004
I,2026-04-01T00:00:00Z,RD-005973,OP-003,Astrid,Garcia,astrid.garcia183@gmx.de,CTY-STO,SE,2025-03-09,PLAN-COMMUTE,true,active,1968
I,2026-04-01T00:00:00Z,RD-005974,OP-003,Chloe,Pereira,chloe.pereira27@gmx.de,CTY-STO,SE,2024-07-10,PLAN-PAYG,false,active,1990
I,2026-04-01T00:00:00Z,RD-005975,OP-003,Pablo,Berg,pablo.berg562@proton.me,CTY-STO,SE,2024-10-19,PLAN-PAYG,false,active,1999
I,2026-04-01T00:00:00Z,RD-005976,OP-003,Aina,Pereira,aina.pereira948@outlook.com,CTY-STO,SE,2024-06-25,PLAN-UNLIMITED,true,active,1962
I,2026-04-01T00:00:00Z,RD-005977,OP-003,Elin,Weber,elin.weber746@mail.com,CTY-STO,SE,2024-05-16,PLAN-UNLIMITED,true,active,1994
I,2026-04-01T00:00:00Z,RD-005978,OP-003,Hugo,Garcia,hugo.garcia515@mail.com,CTY-STO,SE,2025-10-18,PLAN-COMMUTE,true,active,1972
I,2026-04-01T00:00:00Z,RD-005979,OP-003,Joan,Haddad,joan.haddad182@mail.com,CTY-STO,SE,2024-12-30,PLAN-PAYG,false,active,1971
I,2026-04-01T00:00:00Z,RD-005980,OP-003,Nora,Novak,nora.novak503@outlook.com,CTY-STO,SE,2024-09-22,PLAN-PAYG,true,active,2008
I,2026-04-01T00:00:00Z,RD-005981,OP-003,Hugo,Martin,hugo.martin134@outlook.com,CTY-STO,SE,2025-08-17,PLAN-STUDENT,true,active,1972
I,2026-04-01T00:00:00Z,RD-005982,OP-003,Elin,Lopez,elin.lopez689@correo.es,CTY-STO,SE,2026-03-25,PLAN-PAYG,true,active,1985
I,2026-04-01T00:00:00Z,RD-005983,OP-003,Yasmin,Dubois,yasmin.dubois585@outlook.com,CTY-STO,SE,2026-03-19,PLAN-UNLIMITED,true,active,1983
I,2026-04-01T00:00:00Z,RD-005984,OP-003,Antoine,Benali,antoine.benali684@gmx.de,CTY-STO,SE,2026-01-26,PLAN-UNLIMITED,true,active,1989
I,2026-04-01T00:00:00Z,RD-005986,OP-003,Astrid,Martin,astrid.martin239@proton.me,CTY-STO,SE,2024-01-13,PLAN-COMMUTE,true,active,1993
I,2026-04-01T00:00:00Z,RD-005987,OP-003,Pablo,Fischer,pablo.fischer556@gmx.de,CTY-STO,SE,2025-01-23,PLAN-PAYG,false,active,1962
I,2026-04-01T00:00:00Z,RD-005988,OP-003,Ines,Bernard,ines.bernard816@outlook.com,CTY-STO,SE,2025-07-29,PLAN-PAYG,true,active,2005
I,2026-04-01T00:00:00Z,RD-005989,OP-003,Joan,Roux,joan.roux87@correo.es,CTY-STO,SE,2025-01-01,PLAN-PAYG,false,active,1986
I,2026-04-01T00:00:00Z,RD-005990,OP-003,Joan,Garcia,joan.garcia639@proton.me,CTY-STO,SE,2025-08-20,PLAN-CORP,false,active,1998
I,2026-04-01T00:00:00Z,RD-005991,OP-003,Sofia,Moreno,sofia.moreno113@gmx.de,CTY-STO,SE,2025-03-28,PLAN-TOURIST,true,active,1977
I,2026-04-01T00:00:00Z,RD-005992,OP-003,Freja,Nilsson,freja.nilsson738@proton.me,CTY-STO,SE,2025-05-27,PLAN-PAYG,true,active,2006
I,2026-04-01T00:00:00Z,RD-005993,OP-003,Oskar,Benali,oskar.benali796@mail.com,CTY-STO,SE,2025-11-09,PLAN-COMMUTE,true,active,1982
I,2026-04-01T00:00:00Z,RD-005994,OP-003,Rui,Haddad,rui.haddad534@correo.es,CTY-STO,SE,2024-10-12,PLAN-PAYG,true,active,2006
I,2026-04-01T00:00:00Z,RD-005995,OP-003,Aina,Haddad,aina.haddad453@outlook.com,CTY-STO,SE,2025-12-05,PLAN-UNLIMITED,false,active,2002
I,2026-04-01T00:00:00Z,RD-005996,OP-003,Emil,Lopez,emil.lopez882@correo.es,CTY-STO,SE,2025-11-03,PLAN-STUDENT,false,active,2005
I,2026-04-01T00:00:00Z,RD-005997,OP-003,Rui,Benali,rui.benali823@proton.me,CTY-STO,SE,2024-11-27,PLAN-PAYG,false,active,1990
I,2026-04-01T00:00:00Z,RD-005998,OP-003,Louis,Novak,louis.novak479@mail.com,CTY-STO,SE,2024-02-15,PLAN-COMMUTE,true,active,2003
I,2026-04-01T00:00:00Z,RD-005999,OP-003,Chloe,Conti,chloe.conti376@correo.es,CTY-STO,SE,2024-08-25,PLAN-PAYG,true,active,1984
I,2026-04-01T00:00:00Z,RD-006000,OP-003,Rui,Vidal,rui.vidal184@correo.es,CTY-STO,SE,2025-04-26,PLAN-PAYG,false,active,2002
I,2026-04-01T00:00:00Z,RD-006001,OP-003,Lucia,Costa,lucia.costa954@outlook.com,CTY-STO,SE,2026-01-08,PLAN-COMMUTE,false,active,1988
I,2026-04-01T00:00:00Z,RD-006002,OP-003,Ivan,Moreno,ivan.moreno279@correo.es,CTY-STO,SE,2025-10-26,PLAN-PAYG,true,active,1986
I,2026-04-01T00:00:00Z,RD-006003,OP-003,Pablo,Lopez,pablo.lopez879@mail.com,CTY-STO,SE,2024-05-29,PLAN-PAYG,false,active,2001
I,2026-04-01T00:00:00Z,RD-006004,OP-003,Sofia,Benali,sofia.benali639@correo.es,CTY-STO,SE,2024-04-27,PLAN-COMMUTE,false,active,1982
I,2026-04-01T00:00:00Z,RD-006005,OP-003,Louis,Haddad,louis.haddad211@correo.es,CTY-STO,SE,2025-05-02,PLAN-PAYG,false,active,1989
I,2026-04-01T00:00:00Z,RD-006006,OP-003,Diego,Roux,diego.roux91@correo.es,CTY-STO,SE,2024-08-16,PLAN-COMMUTE,false,active,1963
I,2026-04-01T00:00:00Z,RD-006007,OP-003,Manon,Conti,manon.conti581@outlook.com,CTY-STO,SE,2024-04-05,PLAN-PAYG,true,active,1968
I,2026-04-01T00:00:00Z,RD-006008,OP-003,Marta,Pereira,marta.pereira186@gmx.de,CTY-STO,SE,2024-06-17,PLAN-STUDENT,true,active,1972
I,2026-04-01T00:00:00Z,RD-006009,OP-003,Freja,Costa,freja.costa843@gmx.de,CTY-STO,SE,2025-08-05,PLAN-PAYG,true,active,2003
I,2026-04-01T00:00:00Z,RD-006010,OP-003,Beatriz,Martin,beatriz.martin339@gmx.de,CTY-STO,SE,2025-11-10,PLAN-PAYG,false,active,2000
I,2026-04-01T00:00:00Z,RD-006011,OP-003,Pablo,Costa,pablo.costa411@outlook.com,CTY-STO,SE,2024-09-01,PLAN-COMMUTE,true,active,2003
I,2026-04-01T00:00:00Z,RD-006012,OP-003,Nadia,Andersson,nadia.andersson731@gmx.de,CTY-STO,SE,2025-09-08,PLAN-PAYG,true,active,1963
I,2026-04-01T00:00:00Z,RD-006013,OP-003,Diego,Benali,diego.benali48@outlook.com,CTY-STO,SE,2025-06-21,PLAN-UNLIMITED,true,active,1962
I,2026-04-01T00:00:00Z,RD-006014,OP-003,Nils,Haddad,nils.haddad554@mail.com,CTY-STO,SE,2025-09-19,PLAN-COMMUTE,true,active,1974
I,2026-04-01T00:00:00Z,RD-006015,OP-003,Omar,Andersson,omar.andersson604@correo.es,CTY-STO,SE,2025-04-26,PLAN-PAYG,false,active,1980
I,2026-04-01T00:00:00Z,RD-006016,OP-003,Marta,Weber,marta.weber244@mail.com,CTY-STO,SE,2025-12-17,PLAN-PAYG,true,active,1983
I,2026-04-01T00:00:00Z,RD-006017,OP-003,Beatriz,Haddad,beatriz.haddad970@proton.me,CTY-STO,SE,2025-11-02,PLAN-PAYG,true,active,1965
I,2026-04-01T00:00:00Z,RD-006018,OP-003,Freja,Dubois,freja.dubois108@proton.me,CTY-STO,SE,2025-08-12,PLAN-COMMUTE,false,active,1968
I,2026-04-01T00:00:00Z,RD-006019,OP-003,Marta,Fischer,marta.fischer620@correo.es,CTY-STO,SE,2024-11-29,PLAN-STUDENT,true,active,1996
I,2026-04-01T00:00:00Z,RD-006020,OP-003,Freja,Silva,freja.silva297@outlook.com,CTY-STO,SE,2025-05-25,PLAN-PAYG,false,active,2007
I,2026-04-01T00:00:00Z,RD-006021,OP-003,Tiago,Andersson,tiago.andersson538@gmx.de,CTY-STO,SE,2024-03-28,PLAN-UNLIMITED,false,active,1986
I,2026-04-01T00:00:00Z,RD-006022,OP-003,Thomas,Rossi,thomas.rossi988@correo.es,CTY-STO,SE,2025-08-01,PLAN-PAYG,false,active,1994
I,2026-04-01T00:00:00Z,RD-006023,OP-003,Pablo,Fischer,pablo.fischer530@outlook.com,CTY-STO,SE,2025-02-24,PLAN-PAYG,true,active,1962
I,2026-04-01T00:00:00Z,RD-006024,OP-003,Emil,Novak,emil.novak760@outlook.com,CTY-STO,SE,2025-10-07,PLAN-UNLIMITED,true,active,1973
I,2026-04-01T00:00:00Z,RD-006025,OP-003,Joan,Lopez,joan.lopez644@correo.es,CTY-STO,SE,2024-02-10,PLAN-PAYG,true,active,1991
I,2026-04-01T00:00:00Z,RD-006026,OP-003,Thomas,Pereira,thomas.pereira177@gmx.de,CTY-STO,SE,2026-01-05,PLAN-PAYG,true,active,1967
I,2026-04-01T00:00:00Z,RD-006027,OP-003,Camille,Conti,camille.conti666@mail.com,CTY-STO,SE,2025-09-28,PLAN-PAYG,false,active,1991
I,2026-04-01T00:00:00Z,RD-006029,OP-003,Aina,Berg,aina.berg802@mail.com,CTY-STO,SE,2025-03-21,PLAN-PAYG,true,active,1984
I,2026-04-01T00:00:00Z,RD-006030,OP-003,Rui,Dubois,rui.dubois509@mail.com,CTY-STO,SE,2024-11-19,PLAN-PAYG,false,active,1981
I,2026-04-01T00:00:00Z,RD-006031,OP-003,Karim,Costa,karim.costa452@outlook.com,CTY-STO,SE,2026-03-27,PLAN-COMMUTE,false,active,1967
I,2026-04-01T00:00:00Z,RD-006032,OP-003,Rui,Almeida,rui.almeida875@outlook.com,CTY-STO,SE,2025-08-10,PLAN-PAYG,true,active,2004
I,2026-04-01T00:00:00Z,RD-006034,OP-003,Karim,Haddad,karim.haddad762@gmx.de,CTY-STO,SE,2025-10-26,PLAN-PAYG,true,active,1988
I,2026-04-01T00:00:00Z,RD-006036,OP-003,Nadia,Fischer,nadia.fischer469@proton.me,CTY-STO,SE,2024-02-19,PLAN-PAYG,false,active,1993
I,2026-04-01T00:00:00Z,RD-006037,OP-003,Oskar,Rossi,oskar.rossi660@gmx.de,CTY-STO,SE,2024-09-19,PLAN-PAYG,true,active,1968
I,2026-04-01T00:00:00Z,RD-006038,OP-003,Yasmin,Weber,yasmin.weber608@proton.me,CTY-STO,SE,2025-08-26,PLAN-PAYG,false,active,1997
I,2026-04-01T00:00:00Z,RD-006039,OP-003,Lucia,Moreno,lucia.moreno378@mail.com,CTY-STO,SE,2024-10-11,PLAN-STUDENT,false,active,1997
I,2026-04-01T00:00:00Z,RD-006040,OP-003,Ivan,Pereira,ivan.pereira692@outlook.com,CTY-STO,SE,2024-02-13,PLAN-PAYG,true,active,1968
I,2026-04-01T00:00:00Z,RD-006041,OP-003,Beatriz,Vidal,beatriz.vidal123@proton.me,CTY-STO,SE,2025-04-15,PLAN-PAYG,true,active,2000
I,2026-04-01T00:00:00Z,RD-006042,OP-003,Camille,Lindqvist,camille.lindqvist2@mail.com,CTY-STO,SE,2025-03-05,PLAN-PAYG,false,active,1973
I,2026-04-01T00:00:00Z,RD-006043,OP-003,Karim,Pereira,karim.pereira69@correo.es,CTY-STO,SE,2025-06-01,PLAN-PAYG,false,active,1968
I,2026-04-01T00:00:00Z,RD-006044,OP-003,Nora,Silva,nora.silva961@correo.es,CTY-STO,SE,2024-09-23,PLAN-STUDENT,true,active,1967
I,2026-04-01T00:00:00Z,RD-006045,OP-003,Louis,Roux,louis.roux662@correo.es,CTY-STO,SE,2024-07-26,PLAN-COMMUTE,true,active,1965
I,2026-04-01T00:00:00Z,RD-006046,OP-003,Hugo,Silva,hugo.silva229@mail.com,CTY-STO,SE,2025-12-01,PLAN-PAYG,false,active,1992
I,2026-04-01T00:00:00Z,RD-006047,OP-003,Thomas,Nilsson,thomas.nilsson97@outlook.com,CTY-STO,SE,2025-04-09,PLAN-UNLIMITED,false,active,1976
I,2026-04-01T00:00:00Z,RD-006048,OP-003,Ivan,Moreno,ivan.moreno414@gmx.de,CTY-STO,SE,2024-12-14,PLAN-COMMUTE,true,active,1982
I,2026-04-01T00:00:00Z,RD-006050,OP-003,Louis,Moreno,louis.moreno556@correo.es,CTY-STO,SE,2024-09-21,PLAN-PAYG,false,active,1998
I,2026-04-01T00:00:00Z,RD-006052,OP-003,Astrid,Weber,astrid.weber199@outlook.com,CTY-STO,SE,2025-01-28,PLAN-PAYG,true,active,1975
I,2026-04-01T00:00:00Z,RD-006053,OP-003,Aina,Serra,aina.serra566@outlook.com,CTY-STO,SE,2026-02-15,PLAN-PAYG,true,active,1968
I,2026-04-01T00:00:00Z,RD-006054,OP-003,Ines,Vidal,ines.vidal852@gmx.de,CTY-STO,SE,2024-03-26,PLAN-PAYG,false,active,2005
I,2026-04-01T00:00:00Z,RD-006055,OP-003,Lucia,Vidal,lucia.vidal377@mail.com,CTY-STO,SE,2026-02-10,PLAN-PAYG,true,active,2006
I,2026-04-01T00:00:00Z,RD-006056,OP-003,Nora,Nilsson,nora.nilsson80@proton.me,CTY-STO,SE,2025-10-29,PLAN-COMMUTE,true,active,1999
I,2026-04-01T00:00:00Z,RD-006057,OP-003,Nadia,Nilsson,nadia.nilsson727@gmx.de,CTY-STO,SE,2025-12-15,PLAN-COMMUTE,false,active,1989
I,2026-04-01T00:00:00Z,RD-006058,OP-003,Thomas,Almeida,thomas.almeida729@proton.me,CTY-STO,SE,2026-02-12,PLAN-PAYG,true,active,1988
I,2026-04-01T00:00:00Z,RD-006059,OP-003,Astrid,Moreno,astrid.moreno768@correo.es,CTY-STO,SE,2024-05-05,PLAN-PAYG,false,active,1985
I,2026-04-01T00:00:00Z,RD-006060,OP-003,Chloe,Martin,chloe.martin648@proton.me,CTY-STO,SE,2024-05-05,PLAN-PAYG,false,active,2001
I,2026-04-01T00:00:00Z,RD-006061,OP-003,Thomas,Serra,thomas.serra49@correo.es,CTY-STO,SE,2024-01-06,PLAN-PAYG,true,active,1970
I,2026-04-01T00:00:00Z,RD-006062,OP-003,Ivan,Dubois,ivan.dubois319@correo.es,CTY-STO,SE,2025-01-29,PLAN-TOURIST,true,active,2006
I,2026-04-01T00:00:00Z,RD-006063,OP-003,Oskar,Lopez,oskar.lopez636@proton.me,CTY-STO,SE,2025-09-29,PLAN-COMMUTE,true,active,1966
I,2026-04-01T00:00:00Z,RD-006064,OP-003,Lucia,Lopez,lucia.lopez166@proton.me,CTY-STO,SE,2025-09-20,PLAN-COMMUTE,true,active,2001
I,2026-04-01T00:00:00Z,RD-006065,OP-003,Omar,Kowalski,omar.kowalski57@proton.me,CTY-STO,SE,2026-01-12,PLAN-STUDENT,false,active,2002
I,2026-04-01T00:00:00Z,RD-006066,OP-003,Sofia,Vidal,sofia.vidal716@mail.com,CTY-STO,SE,2026-01-01,PLAN-COMMUTE,true,active,1993
I,2026-04-01T00:00:00Z,RD-006068,OP-003,Karim,Moreno,karim.moreno785@gmx.de,CTY-STO,SE,2025-11-28,PLAN-PAYG,true,active,1983
I,2026-04-01T00:00:00Z,RD-006069,OP-003,Hugo,Novak,hugo.novak600@gmx.de,CTY-STO,SE,2024-11-14,PLAN-STUDENT,false,active,1996
I,2026-04-01T00:00:00Z,RD-006070,OP-003,Antoine,Almeida,antoine.almeida22@correo.es,CTY-STO,SE,2024-04-01,PLAN-PAYG,false,active,1975
I,2026-04-01T00:00:00Z,RD-006071,OP-003,Emil,Kowalski,emil.kowalski471@outlook.com,CTY-STO,SE,2024-05-18,PLAN-PAYG,true,active,2000
I,2026-04-01T00:00:00Z,RD-006072,OP-003,Marta,Serra,marta.serra186@gmx.de,CTY-STO,SE,2024-08-07,PLAN-PAYG,true,active,1993
I,2026-04-01T00:00:00Z,RD-006073,OP-003,Manon,Pereira,manon.pereira728@proton.me,CTY-STO,SE,2026-01-12,PLAN-PAYG,false,active,1987
I,2026-04-01T00:00:00Z,RD-006074,OP-003,Elin,Nilsson,elin.nilsson986@outlook.com,CTY-STO,SE,2024-12-26,PLAN-CORP,true,active,1978
I,2026-04-01T00:00:00Z,RD-006075,OP-003,Nils,Lindqvist,nils.lindqvist895@gmx.de,CTY-STO,SE,2024-06-19,PLAN-PAYG,true,active,1978
I,2026-04-01T00:00:00Z,RD-006076,OP-003,Astrid,Berg,astrid.berg994@mail.com,CTY-STO,SE,2025-11-27,PLAN-CORP,false,active,1964
I,2026-04-01T00:00:00Z,RD-006078,OP-003,Hugo,Vidal,hugo.vidal731@gmx.de,CTY-STO,SE,2025-10-20,PLAN-COMMUTE,false,active,1979
I,2026-04-01T00:00:00Z,RD-006079,OP-003,Astrid,Fischer,astrid.fischer310@outlook.com,CTY-STO,SE,2026-03-26,PLAN-PAYG,false,active,2004
I,2026-04-01T00:00:00Z,RD-006081,OP-003,Chloe,Berg,chloe.berg377@proton.me,CTY-STO,SE,2025-10-06,PLAN-PAYG,true,active,1978
I,2026-04-01T00:00:00Z,RD-006082,OP-003,Aina,Almeida,aina.almeida66@correo.es,CTY-STO,SE,2025-05-06,PLAN-PAYG,true,active,1979
I,2026-04-01T00:00:00Z,RD-006083,OP-003,Ivan,Roux,ivan.roux805@gmx.de,CTY-STO,SE,2025-02-16,PLAN-COMMUTE,true,active,1970
I,2026-04-01T00:00:00Z,RD-006084,OP-003,Nora,Conti,nora.conti271@gmx.de,CTY-STO,SE,2024-11-26,PLAN-COMMUTE,true,active,1983
I,2026-04-01T00:00:00Z,RD-006087,OP-003,Marta,Lindqvist,marta.lindqvist743@correo.es,CTY-STO,SE,2025-09-18,PLAN-PAYG,false,active,1972
I,2026-04-01T00:00:00Z,RD-006088,OP-003,Joan,Rossi,joan.rossi577@mail.com,CTY-STO,SE,2024-08-05,PLAN-STUDENT,true,active,2004
I,2026-04-01T00:00:00Z,RD-006089,OP-003,Antoine,Novak,antoine.novak563@correo.es,CTY-STO,SE,2024-07-13,PLAN-PAYG,true,active,1994
I,2026-04-01T00:00:00Z,RD-006090,OP-003,Yasmin,Conti,yasmin.conti329@mail.com,CTY-STO,SE,2026-01-10,PLAN-PAYG,false,active,1996
I,2026-04-01T00:00:00Z,RD-006091,OP-003,Camille,Silva,camille.silva38@proton.me,CTY-STO,SE,2025-01-06,PLAN-PAYG,false,active,1968
I,2026-04-01T00:00:00Z,RD-006092,OP-003,Louis,Lopez,louis.lopez472@outlook.com,CTY-STO,SE,2024-05-16,PLAN-PAYG,false,active,1972
I,2026-04-01T00:00:00Z,RD-006093,OP-003,Lucia,Martin,lucia.martin772@proton.me,CTY-STO,SE,2025-12-24,PLAN-UNLIMITED,false,active,2007
I,2026-04-01T00:00:00Z,RD-006094,OP-003,Hugo,Nilsson,hugo.nilsson849@mail.com,CTY-STO,SE,2025-06-01,PLAN-CORP,false,active,1979
I,2026-04-01T00:00:00Z,RD-006096,OP-003,Rui,Dubois,rui.dubois36@mail.com,CTY-STO,SE,2025-10-27,PLAN-PAYG,false,active,1975
I,2026-04-01T00:00:00Z,RD-006097,OP-003,Ivan,Roux,ivan.roux291@gmx.de,CTY-STO,SE,2024-11-28,PLAN-STUDENT,true,active,1970
I,2026-04-01T00:00:00Z,RD-006098,OP-003,Camille,Vidal,camille.vidal998@outlook.com,CTY-STO,SE,2025-09-23,PLAN-COMMUTE,false,active,1997
I,2026-04-01T00:00:00Z,RD-006099,OP-003,Pablo,Andersson,pablo.andersson983@gmx.de,CTY-STO,SE,2024-02-24,PLAN-UNLIMITED,true,active,1965
I,2026-04-01T00:00:00Z,RD-006100,OP-003,Tiago,Haddad,tiago.haddad240@mail.com,CTY-STO,SE,2025-12-30,PLAN-TOURIST,true,active,2003
I,2026-04-01T00:00:00Z,RD-006101,OP-003,Omar,Serra,omar.serra169@gmx.de,CTY-STO,SE,2024-02-10,PLAN-UNLIMITED,false,active,1989
I,2026-04-01T00:00:00Z,RD-006102,OP-003,Nils,Fischer,nils.fischer840@proton.me,CTY-STO,SE,2024-02-16,PLAN-UNLIMITED,true,active,2006
I,2026-04-01T00:00:00Z,RD-006103,OP-003,Tiago,Serra,tiago.serra725@proton.me,CTY-STO,SE,2025-01-22,PLAN-PAYG,true,active,2005
I,2026-04-01T00:00:00Z,RD-006104,OP-003,Omar,Garcia,omar.garcia968@proton.me,CTY-STO,SE,2025-09-04,PLAN-PAYG,false,active,2006
I,2026-04-01T00:00:00Z,RD-006105,OP-003,Karim,Nilsson,karim.nilsson190@gmx.de,CTY-STO,SE,2025-02-23,PLAN-COMMUTE,false,active,1999
I,2026-04-01T00:00:00Z,RD-006106,OP-003,Marta,Conti,marta.conti223@gmx.de,CTY-STO,SE,2024-04-02,PLAN-PAYG,true,active,1965
I,2026-04-01T00:00:00Z,RD-006107,OP-003,Pablo,Serra,pablo.serra702@correo.es,CTY-STO,SE,2024-09-15,PLAN-PAYG,false,active,1986
I,2026-04-01T00:00:00Z,RD-006108,OP-003,Nils,Haddad,nils.haddad437@proton.me,CTY-STO,SE,2024-03-04,PLAN-COMMUTE,false,active,1981
I,2026-04-01T00:00:00Z,RD-006109,OP-003,Diego,Garcia,diego.garcia275@outlook.com,CTY-STO,SE,2024-03-29,PLAN-PAYG,true,active,1966
I,2026-04-01T00:00:00Z,RD-006111,OP-003,Elin,Lindqvist,elin.lindqvist830@outlook.com,CTY-STO,SE,2025-02-10,PLAN-STUDENT,false,active,1982
I,2026-04-01T00:00:00Z,RD-006112,OP-003,Marta,Vidal,marta.vidal292@gmx.de,CTY-STO,SE,2025-09-02,PLAN-PAYG,true,active,2008
I,2026-04-01T00:00:00Z,RD-006113,OP-003,Freja,Ferrer,freja.ferrer574@outlook.com,CTY-STO,SE,2024-06-01,PLAN-PAYG,true,active,1999
I,2026-04-01T00:00:00Z,RD-006114,OP-003,Aina,Fischer,aina.fischer650@outlook.com,CTY-STO,SE,2025-06-28,PLAN-COMMUTE,false,active,1986
I,2026-04-01T00:00:00Z,RD-006115,OP-003,Ines,Haddad,ines.haddad32@proton.me,CTY-STO,SE,2024-04-10,PLAN-COMMUTE,false,active,2008
I,2026-04-01T00:00:00Z,RD-006116,OP-003,Hugo,Bernard,hugo.bernard752@correo.es,CTY-STO,SE,2024-11-15,PLAN-PAYG,true,active,2004
I,2026-04-01T00:00:00Z,RD-006117,OP-003,Nora,Conti,nora.conti972@gmx.de,CTY-STO,SE,2024-04-15,PLAN-UNLIMITED,true,active,1989
I,2026-04-01T00:00:00Z,RD-006118,OP-003,Yasmin,Fischer,yasmin.fischer669@proton.me,CTY-STO,SE,2024-08-27,PLAN-PAYG,true,active,1993
I,2026-04-01T00:00:00Z,RD-006119,OP-003,Omar,Berg,omar.berg47@gmx.de,CTY-STO,SE,2024-01-30,PLAN-PAYG,false,active,1962
I,2026-04-01T00:00:00Z,RD-006120,OP-003,Nadia,Dubois,nadia.dubois617@proton.me,CTY-STO,SE,2024-08-20,PLAN-PAYG,true,active,1965
I,2026-04-01T00:00:00Z,RD-006121,OP-003,Omar,Berg,omar.berg103@gmx.de,CTY-STO,SE,2025-08-22,PLAN-COMMUTE,true,active,1984
I,2026-04-01T00:00:00Z,RD-006123,OP-003,Joan,Nilsson,joan.nilsson512@mail.com,CTY-STO,SE,2024-11-10,PLAN-PAYG,false,active,1993
I,2026-04-01T00:00:00Z,RD-006125,OP-003,Beatriz,Serra,beatriz.serra958@correo.es,CTY-STO,SE,2024-04-27,PLAN-PAYG,true,active,2002
I,2026-04-01T00:00:00Z,RD-006126,OP-003,Lucia,Almeida,lucia.almeida691@mail.com,CTY-STO,SE,2024-10-15,PLAN-PAYG,false,active,1987
I,2026-04-01T00:00:00Z,RD-006127,OP-003,Chloe,Lindqvist,chloe.lindqvist639@outlook.com,CTY-STO,SE,2026-03-10,PLAN-PAYG,true,active,1981
I,2026-04-01T00:00:00Z,RD-006130,OP-003,Manon,Dubois,manon.dubois753@proton.me,CTY-STO,SE,2025-02-21,PLAN-COMMUTE,false,active,1997
I,2026-04-01T00:00:00Z,RD-006131,OP-003,Elin,Pereira,elin.pereira104@proton.me,CTY-STO,SE,2025-03-29,PLAN-PAYG,false,active,1966
I,2026-04-01T00:00:00Z,RD-006132,OP-003,Camille,Rossi,camille.rossi825@outlook.com,CTY-STO,SE,2025-02-18,PLAN-PAYG,false,active,1970
I,2026-04-01T00:00:00Z,RD-006133,OP-003,Diego,Lopez,diego.lopez441@outlook.com,CTY-STO,SE,2024-04-30,PLAN-PAYG,false,active,1997
I,2026-04-01T00:00:00Z,RD-006134,OP-003,Hugo,Silva,hugo.silva280@correo.es,CTY-STO,SE,2024-09-10,PLAN-PAYG,true,active,1962
I,2026-04-01T00:00:00Z,RD-006135,OP-003,Pablo,Lopez,pablo.lopez947@outlook.com,CTY-STO,SE,2025-11-04,PLAN-PAYG,true,active,1979
I,2026-04-01T00:00:00Z,RD-006136,OP-003,Beatriz,Kowalski,beatriz.kowalski79@mail.com,CTY-STO,SE,2024-10-03,PLAN-PAYG,true,active,1964
I,2026-04-01T00:00:00Z,RD-006138,OP-003,Louis,Martin,louis.martin603@gmx.de,CTY-STO,SE,2024-04-08,PLAN-UNLIMITED,true,active,1994
I,2026-04-01T00:00:00Z,RD-006139,OP-003,Joan,Serra,joan.serra264@gmx.de,CTY-STO,SE,2024-06-25,PLAN-STUDENT,true,active,1978
I,2026-04-01T00:00:00Z,RD-006140,OP-003,Karim,Weber,karim.weber522@mail.com,CTY-STO,SE,2024-01-09,PLAN-COMMUTE,true,active,1999
I,2026-04-01T00:00:00Z,RD-006141,OP-003,Hugo,Dubois,hugo.dubois372@proton.me,CTY-STO,SE,2026-03-16,PLAN-PAYG,true,active,1988
I,2026-04-01T00:00:00Z,RD-006142,OP-003,Chloe,Nilsson,chloe.nilsson183@gmx.de,CTY-STO,SE,2024-10-08,PLAN-COMMUTE,true,active,1973
I,2026-04-01T00:00:00Z,RD-006143,OP-003,Freja,Benali,freja.benali327@gmx.de,CTY-STO,SE,2025-10-06,PLAN-PAYG,false,active,2000
I,2026-04-01T00:00:00Z,RD-006144,OP-003,Camille,Vidal,camille.vidal496@correo.es,CTY-STO,SE,2024-01-02,PLAN-COMMUTE,true,active,1970
I,2026-04-01T00:00:00Z,RD-006145,OP-003,Antoine,Weber,antoine.weber119@outlook.com,CTY-STO,SE,2025-12-18,PLAN-COMMUTE,true,active,1994
I,2026-04-01T00:00:00Z,RD-006146,OP-003,Nadia,Pereira,nadia.pereira214@gmx.de,CTY-STO,SE,2024-09-03,PLAN-COMMUTE,false,active,1984
I,2026-04-01T00:00:00Z,RD-006147,OP-003,Ivan,Haddad,ivan.haddad896@mail.com,CTY-STO,SE,2025-01-03,PLAN-PAYG,true,active,2006
I,2026-04-01T00:00:00Z,RD-006148,OP-003,Nora,Bernard,nora.bernard399@outlook.com,CTY-STO,SE,2024-11-25,PLAN-PAYG,true,active,1997
I,2026-04-01T00:00:00Z,RD-006149,OP-003,Diego,Berg,diego.berg462@outlook.com,CTY-STO,SE,2024-06-06,PLAN-PAYG,true,active,2004
I,2026-04-01T00:00:00Z,RD-006150,OP-003,Freja,Roux,freja.roux930@gmx.de,CTY-STO,SE,2026-01-04,PLAN-COMMUTE,false,active,1968
I,2026-04-01T00:00:00Z,RD-006152,OP-003,Astrid,Silva,astrid.silva918@proton.me,CTY-STO,SE,2024-08-28,PLAN-COMMUTE,true,active,1987
I,2026-04-01T00:00:00Z,RD-006153,OP-003,Nadia,Novak,nadia.novak442@mail.com,CTY-STO,SE,2026-02-16,PLAN-UNLIMITED,true,active,1977
I,2026-04-01T00:00:00Z,RD-006154,OP-003,Louis,Bernard,louis.bernard17@mail.com,CTY-STO,SE,2025-11-30,PLAN-COMMUTE,true,active,2000
I,2026-04-01T00:00:00Z,RD-006155,OP-003,Emil,Roux,emil.roux494@outlook.com,CTY-STO,SE,2025-10-15,PLAN-PAYG,false,active,1989
I,2026-04-01T00:00:00Z,RD-006156,OP-003,Elin,Novak,elin.novak625@correo.es,CTY-STO,SE,2024-01-05,PLAN-PAYG,true,active,1969
I,2026-04-01T00:00:00Z,RD-006157,OP-003,Aina,Bernard,aina.bernard639@mail.com,CTY-STO,SE,2025-02-12,PLAN-PAYG,false,active,1996
I,2026-04-01T00:00:00Z,RD-006158,OP-003,Yasmin,Andersson,yasmin.andersson735@correo.es,CTY-STO,SE,2024-06-27,PLAN-PAYG,false,active,1971
I,2026-04-01T00:00:00Z,RD-006159,OP-003,Ivan,Nilsson,ivan.nilsson74@proton.me,CTY-STO,SE,2024-10-01,PLAN-UNLIMITED,true,active,1997
I,2026-04-01T00:00:00Z,RD-006160,OP-003,Ines,Novak,ines.novak776@outlook.com,CTY-STO,SE,2024-09-17,PLAN-COMMUTE,false,active,1996
I,2026-04-01T00:00:00Z,RD-006161,OP-003,Louis,Serra,louis.serra220@correo.es,CTY-STO,SE,2024-06-17,PLAN-PAYG,false,active,1989
I,2026-04-01T00:00:00Z,RD-006162,OP-003,Manon,Almeida,manon.almeida581@proton.me,CTY-STO,SE,2025-08-20,PLAN-PAYG,true,active,1994
I,2026-04-01T00:00:00Z,RD-006163,OP-003,Freja,Andersson,freja.andersson246@correo.es,CTY-STO,SE,2024-04-23,PLAN-PAYG,false,active,2007
I,2026-04-01T00:00:00Z,RD-006164,OP-003,Louis,Serra,louis.serra354@gmx.de,CTY-STO,SE,2024-09-23,PLAN-STUDENT,false,active,1990
I,2026-04-01T00:00:00Z,RD-006165,OP-003,Aina,Vidal,aina.vidal53@gmx.de,CTY-STO,SE,2026-01-01,PLAN-TOURIST,false,active,1978
I,2026-04-01T00:00:00Z,RD-006166,OP-003,Manon,Berg,manon.berg674@gmx.de,CTY-STO,SE,2024-06-28,PLAN-COMMUTE,false,active,1974
I,2026-04-01T00:00:00Z,RD-006167,OP-003,Joan,Andersson,joan.andersson881@gmx.de,CTY-STO,SE,2025-06-11,PLAN-COMMUTE,true,active,1990
I,2026-04-01T00:00:00Z,RD-006168,OP-003,Yasmin,Berg,yasmin.berg752@mail.com,CTY-STO,SE,2024-05-28,PLAN-COMMUTE,true,active,1987
I,2026-04-01T00:00:00Z,RD-006169,OP-003,Louis,Garcia,louis.garcia564@correo.es,CTY-STO,SE,2026-03-11,PLAN-PAYG,false,active,1993
I,2026-04-01T00:00:00Z,RD-006170,OP-003,Ivan,Pereira,ivan.pereira495@gmx.de,CTY-STO,SE,2025-01-25,PLAN-CORP,false,active,1999
I,2026-04-01T00:00:00Z,RD-006171,OP-003,Ines,Dubois,ines.dubois745@gmx.de,CTY-STO,SE,2024-04-05,PLAN-PAYG,true,active,1976
I,2026-04-01T00:00:00Z,RD-006172,OP-003,Ivan,Silva,ivan.silva217@proton.me,CTY-STO,SE,2025-05-28,PLAN-COMMUTE,true,active,1973
I,2026-04-01T00:00:00Z,RD-006173,OP-003,Ivan,Roux,ivan.roux607@gmx.de,CTY-STO,SE,2026-02-05,PLAN-COMMUTE,true,active,1982
I,2026-04-01T00:00:00Z,RD-006174,OP-003,Nils,Benali,nils.benali852@proton.me,CTY-STO,SE,2025-11-26,PLAN-PAYG,true,active,2001
I,2026-04-01T00:00:00Z,RD-006175,OP-003,Hugo,Dubois,hugo.dubois123@correo.es,CTY-STO,SE,2025-06-21,PLAN-COMMUTE,true,active,1991
I,2026-04-01T00:00:00Z,RD-006176,OP-003,Rui,Novak,rui.novak554@mail.com,CTY-STO,SE,2024-10-13,PLAN-UNLIMITED,false,active,1972
I,2026-04-01T00:00:00Z,RD-006177,OP-003,Hugo,Berg,hugo.berg466@gmx.de,CTY-STO,SE,2026-02-11,PLAN-PAYG,false,active,2007
I,2026-04-01T00:00:00Z,RD-006178,OP-003,Ivan,Dubois,ivan.dubois488@mail.com,CTY-STO,SE,2024-03-21,PLAN-PAYG,false,active,1982
I,2026-04-01T00:00:00Z,RD-006179,OP-003,Camille,Silva,camille.silva466@proton.me,CTY-STO,SE,2025-02-04,PLAN-UNLIMITED,false,active,1977
I,2026-04-01T00:00:00Z,RD-006180,OP-003,Oskar,Moreno,oskar.moreno465@gmx.de,CTY-STO,SE,2025-03-04,PLAN-UNLIMITED,false,active,2006
I,2026-04-01T00:00:00Z,RD-006181,OP-003,Rui,Fischer,rui.fischer578@mail.com,CTY-STO,SE,2025-06-04,PLAN-COMMUTE,false,active,1969
I,2026-04-01T00:00:00Z,RD-006182,OP-003,Chloe,Almeida,chloe.almeida532@outlook.com,CTY-STO,SE,2025-05-18,PLAN-PAYG,true,active,1972
I,2026-04-01T00:00:00Z,RD-006183,OP-003,Diego,Weber,diego.weber225@mail.com,CTY-STO,SE,2024-05-18,PLAN-TOURIST,true,active,1997
I,2026-04-01T00:00:00Z,RD-006184,OP-003,Nora,Lindqvist,nora.lindqvist492@mail.com,CTY-STO,SE,2025-06-30,PLAN-COMMUTE,false,active,2005
I,2026-04-01T00:00:00Z,RD-006185,OP-003,Marta,Fischer,marta.fischer199@mail.com,CTY-STO,SE,2025-10-02,PLAN-COMMUTE,true,active,1994
I,2026-04-01T00:00:00Z,RD-006186,OP-003,Karim,Garcia,karim.garcia276@correo.es,CTY-STO,SE,2025-01-13,PLAN-PAYG,true,active,1990
I,2026-04-01T00:00:00Z,RD-006187,OP-003,Thomas,Lindqvist,thomas.lindqvist585@gmx.de,CTY-STO,SE,2025-12-29,PLAN-STUDENT,true,active,1979
I,2026-04-01T00:00:00Z,RD-006188,OP-003,Tiago,Bernard,tiago.bernard559@mail.com,CTY-STO,SE,2026-01-20,PLAN-COMMUTE,false,active,2006
I,2026-04-01T00:00:00Z,RD-006189,OP-003,Oskar,Haddad,oskar.haddad474@correo.es,CTY-STO,SE,2025-08-02,PLAN-PAYG,true,active,2003
I,2026-04-01T00:00:00Z,RD-006190,OP-003,Beatriz,Vidal,beatriz.vidal538@mail.com,CTY-STO,SE,2025-05-07,PLAN-COMMUTE,true,active,1995
I,2026-04-01T00:00:00Z,RD-006191,OP-003,Ivan,Fischer,ivan.fischer865@outlook.com,CTY-STO,SE,2025-08-11,PLAN-PAYG,true,active,2002
I,2026-04-01T00:00:00Z,RD-006192,OP-003,Joan,Pereira,joan.pereira975@proton.me,CTY-STO,SE,2024-10-10,PLAN-STUDENT,false,active,1974
I,2026-04-01T00:00:00Z,RD-006193,OP-003,Omar,Ferrer,omar.ferrer66@proton.me,CTY-STO,SE,2025-07-09,PLAN-COMMUTE,false,active,1996
I,2026-04-01T00:00:00Z,RD-006194,OP-003,Freja,Martin,freja.martin389@outlook.com,CTY-STO,SE,2025-10-26,PLAN-CORP,false,active,1978
I,2026-04-01T00:00:00Z,RD-006195,OP-003,Sofia,Berg,sofia.berg559@gmx.de,CTY-STO,SE,2024-05-02,PLAN-PAYG,true,active,1983
I,2026-04-01T00:00:00Z,RD-006196,OP-003,Sofia,Kowalski,sofia.kowalski996@correo.es,CTY-STO,SE,2026-03-07,PLAN-PAYG,false,active,1976
I,2026-04-01T00:00:00Z,RD-006197,OP-003,Marta,Conti,marta.conti765@mail.com,CTY-STO,SE,2025-05-31,PLAN-PAYG,true,active,1983
I,2026-04-01T00:00:00Z,RD-006198,OP-003,Ines,Nilsson,ines.nilsson17@correo.es,CTY-STO,SE,2024-08-17,PLAN-PAYG,false,active,1973
I,2026-04-01T00:00:00Z,RD-006199,OP-003,Emil,Rossi,emil.rossi163@mail.com,CTY-STO,SE,2025-01-16,PLAN-COMMUTE,true,active,1993
I,2026-04-01T00:00:00Z,RD-006200,OP-003,Manon,Conti,manon.conti151@correo.es,CTY-STO,SE,2025-11-13,PLAN-PAYG,true,active,2006
I,2026-04-01T00:00:00Z,RD-006201,OP-003,Sofia,Lindqvist,sofia.lindqvist396@proton.me,CTY-STO,SE,2026-01-15,PLAN-CORP,true,active,1996
I,2026-04-01T00:00:00Z,RD-006202,OP-003,Hugo,Pereira,hugo.pereira375@outlook.com,CTY-STO,SE,2026-02-14,PLAN-PAYG,false,active,1990
I,2026-04-01T00:00:00Z,RD-006203,OP-003,Astrid,Moreno,astrid.moreno718@gmx.de,CTY-STO,SE,2025-06-05,PLAN-PAYG,false,active,1974
I,2026-04-01T00:00:00Z,RD-006204,OP-003,Chloe,Nilsson,chloe.nilsson340@proton.me,CTY-STO,SE,2026-01-18,PLAN-PAYG,true,active,2001
I,2026-04-01T00:00:00Z,RD-006205,OP-003,Freja,Fischer,freja.fischer708@outlook.com,CTY-STO,SE,2024-09-22,PLAN-CORP,false,active,1968
I,2026-04-01T00:00:00Z,RD-006206,OP-003,Nils,Rossi,nils.rossi808@correo.es,CTY-STO,SE,2025-02-14,PLAN-COMMUTE,true,active,1993
I,2026-04-01T00:00:00Z,RD-006207,OP-003,Emil,Weber,emil.weber20@gmx.de,CTY-STO,SE,2026-02-25,PLAN-PAYG,true,active,1996
I,2026-04-01T00:00:00Z,RD-006208,OP-003,Omar,Lopez,omar.lopez24@mail.com,CTY-STO,SE,2024-01-14,PLAN-PAYG,false,active,1996
I,2026-04-01T00:00:00Z,RD-006209,OP-003,Ivan,Moreno,ivan.moreno852@correo.es,CTY-STO,SE,2025-06-14,PLAN-COMMUTE,true,active,1992
I,2026-04-01T00:00:00Z,RD-006210,OP-003,Camille,Berg,camille.berg497@mail.com,CTY-STO,SE,2025-07-06,PLAN-PAYG,true,active,1973
I,2026-04-01T00:00:00Z,RD-006211,OP-003,Elin,Ferrer,elin.ferrer640@correo.es,CTY-STO,SE,2024-03-31,PLAN-PAYG,true,active,1972
I,2026-04-01T00:00:00Z,RD-006213,OP-003,Diego,Weber,diego.weber970@correo.es,CTY-STO,SE,2025-05-08,PLAN-PAYG,false,active,2007
I,2026-04-01T00:00:00Z,RD-006214,OP-003,Rui,Serra,rui.serra449@proton.me,CTY-STO,SE,2026-03-27,PLAN-UNLIMITED,true,active,1991
I,2026-04-01T00:00:00Z,RD-006215,OP-003,Diego,Garcia,diego.garcia572@proton.me,CTY-STO,SE,2025-02-05,PLAN-PAYG,false,active,1970
I,2026-04-01T00:00:00Z,RD-006216,OP-003,Karim,Garcia,karim.garcia124@correo.es,CTY-STO,SE,2025-01-19,PLAN-PAYG,true,active,1974
I,2026-04-01T00:00:00Z,RD-006217,OP-003,Astrid,Almeida,astrid.almeida135@gmx.de,CTY-STO,SE,2025-07-28,PLAN-TOURIST,true,active,1963
I,2026-04-01T00:00:00Z,RD-006218,OP-003,Tiago,Martin,tiago.martin506@outlook.com,CTY-STO,SE,2026-02-28,PLAN-PAYG,true,active,1973
I,2026-04-01T00:00:00Z,RD-006219,OP-003,Ines,Lopez,ines.lopez966@correo.es,CTY-STO,SE,2024-03-25,PLAN-UNLIMITED,true,active,1982
I,2026-04-01T00:00:00Z,RD-006220,OP-003,Antoine,Rossi,antoine.rossi375@proton.me,CTY-STO,SE,2024-04-24,PLAN-PAYG,true,active,1973
I,2026-04-01T00:00:00Z,RD-006221,OP-003,Nadia,Almeida,nadia.almeida333@mail.com,CTY-STO,SE,2025-12-27,PLAN-COMMUTE,true,active,1982
I,2026-04-01T00:00:00Z,RD-006222,OP-003,Nils,Vidal,nils.vidal520@gmx.de,CTY-STO,SE,2026-03-02,PLAN-PAYG,false,active,2005
I,2026-04-01T00:00:00Z,RD-006223,OP-003,Hugo,Fischer,hugo.fischer261@mail.com,CTY-STO,SE,2025-05-27,PLAN-COMMUTE,true,active,1972
I,2026-04-01T00:00:00Z,RD-006224,OP-003,Oskar,Rossi,oskar.rossi272@correo.es,CTY-STO,SE,2024-02-14,PLAN-PAYG,true,active,1996
I,2026-04-01T00:00:00Z,RD-006225,OP-003,Hugo,Bernard,hugo.bernard158@gmx.de,CTY-STO,SE,2024-04-30,PLAN-PAYG,false,active,2004
I,2026-04-01T00:00:00Z,RD-006226,OP-003,Nils,Pereira,nils.pereira478@outlook.com,CTY-STO,SE,2025-11-07,PLAN-PAYG,true,active,1968
I,2026-04-01T00:00:00Z,RD-006227,OP-003,Emil,Serra,emil.serra52@outlook.com,CTY-STO,SE,2024-09-29,PLAN-COMMUTE,false,active,1984
I,2026-04-01T00:00:00Z,RD-006228,OP-003,Lucia,Andersson,lucia.andersson548@gmx.de,CTY-STO,SE,2025-11-29,PLAN-PAYG,false,active,2003
I,2026-04-01T00:00:00Z,RD-006229,OP-003,Pablo,Rossi,pablo.rossi507@outlook.com,CTY-STO,SE,2025-01-24,PLAN-COMMUTE,true,active,1997
I,2026-04-01T00:00:00Z,RD-006230,OP-003,Diego,Silva,diego.silva3@outlook.com,CTY-STO,SE,2024-06-06,PLAN-COMMUTE,false,active,2001
I,2026-04-01T00:00:00Z,RD-006231,OP-003,Thomas,Pereira,thomas.pereira526@gmx.de,CTY-STO,SE,2026-03-19,PLAN-PAYG,false,active,1964
I,2026-04-01T00:00:00Z,RD-006232,OP-003,Oskar,Almeida,oskar.almeida700@gmx.de,CTY-STO,SE,2026-02-10,PLAN-COMMUTE,true,active,2006
I,2026-04-01T00:00:00Z,RD-006233,OP-003,Sofia,Ferrer,sofia.ferrer49@proton.me,CTY-STO,SE,2024-04-11,PLAN-PAYG,true,active,1997
I,2026-04-01T00:00:00Z,RD-006234,OP-003,Astrid,Rossi,astrid.rossi633@proton.me,CTY-STO,SE,2025-09-14,PLAN-PAYG,false,active,1992
I,2026-04-01T00:00:00Z,RD-006235,OP-003,Antoine,Conti,antoine.conti49@correo.es,CTY-STO,SE,2024-11-24,PLAN-UNLIMITED,false,active,2001
I,2026-04-01T00:00:00Z,RD-006236,OP-003,Ivan,Rossi,ivan.rossi161@correo.es,CTY-STO,SE,2025-11-08,PLAN-CORP,true,active,1985
I,2026-04-01T00:00:00Z,RD-006237,OP-003,Sofia,Nilsson,sofia.nilsson829@gmx.de,CTY-STO,SE,2025-08-06,PLAN-UNLIMITED,true,active,1977
I,2026-04-01T00:00:00Z,RD-006238,OP-003,Louis,Garcia,louis.garcia559@correo.es,CTY-STO,SE,2024-11-20,PLAN-PAYG,false,active,1992
I,2026-04-01T00:00:00Z,RD-006239,OP-003,Astrid,Vidal,astrid.vidal453@proton.me,CTY-STO,SE,2025-01-19,PLAN-PAYG,true,active,1990
I,2026-04-01T00:00:00Z,RD-006240,OP-003,Elin,Lopez,elin.lopez5@proton.me,CTY-STO,SE,2025-07-10,PLAN-PAYG,false,active,1992
I,2026-04-01T00:00:00Z,RD-006241,OP-003,Rui,Nilsson,rui.nilsson593@mail.com,CTY-STO,SE,2025-12-12,PLAN-PAYG,false,active,2008
I,2026-04-01T00:00:00Z,RD-006242,OP-003,Aina,Serra,aina.serra115@proton.me,CTY-STO,SE,2026-01-11,PLAN-PAYG,true,active,1975
I,2026-04-01T00:00:00Z,RD-006243,OP-003,Freja,Lopez,freja.lopez789@gmx.de,CTY-STO,SE,2025-11-14,PLAN-PAYG,true,active,2005
I,2026-04-01T00:00:00Z,RD-006244,OP-003,Chloe,Serra,chloe.serra371@proton.me,CTY-STO,SE,2025-09-18,PLAN-PAYG,false,active,1995
I,2026-04-01T00:00:00Z,RD-006245,OP-003,Sofia,Roux,sofia.roux278@outlook.com,CTY-STO,SE,2025-10-16,PLAN-PAYG,true,active,1996
I,2026-04-01T00:00:00Z,RD-006246,OP-003,Ivan,Silva,ivan.silva727@correo.es,CTY-STO,SE,2024-02-04,PLAN-PAYG,true,active,1984
I,2026-04-01T00:00:00Z,RD-006247,OP-003,Nadia,Lopez,nadia.lopez792@gmx.de,CTY-STO,SE,2025-05-14,PLAN-UNLIMITED,false,active,1974
I,2026-04-01T00:00:00Z,RD-006248,OP-003,Nils,Benali,nils.benali753@mail.com,CTY-STO,SE,2025-07-07,PLAN-PAYG,false,active,1987
I,2026-04-01T00:00:00Z,RD-006249,OP-003,Joan,Martin,joan.martin867@gmx.de,CTY-STO,SE,2026-03-24,PLAN-PAYG,true,active,1993
I,2026-04-01T00:00:00Z,RD-006250,OP-003,Oskar,Benali,oskar.benali165@proton.me,CTY-STO,SE,2025-03-24,PLAN-UNLIMITED,true,active,1964
I,2026-04-01T00:00:00Z,RD-006251,OP-003,Tiago,Kowalski,tiago.kowalski407@correo.es,CTY-STO,SE,2024-11-30,PLAN-UNLIMITED,true,active,1978
I,2026-04-01T00:00:00Z,RD-006252,OP-003,Astrid,Kowalski,astrid.kowalski107@correo.es,CTY-STO,SE,2025-02-10,PLAN-PAYG,true,active,1995
I,2026-04-01T00:00:00Z,RD-006253,OP-003,Tiago,Rossi,tiago.rossi369@gmx.de,CTY-STO,SE,2025-05-13,PLAN-PAYG,false,active,1974
I,2026-04-01T00:00:00Z,RD-006254,OP-003,Nadia,Martin,nadia.martin489@outlook.com,CTY-STO,SE,2025-11-13,PLAN-UNLIMITED,true,active,1989
I,2026-04-01T00:00:00Z,RD-006255,OP-003,Chloe,Pereira,chloe.pereira639@proton.me,CTY-STO,SE,2024-02-14,PLAN-PAYG,true,active,1998
I,2026-04-01T00:00:00Z,RD-006256,OP-003,Tiago,Weber,tiago.weber457@gmx.de,CTY-STO,SE,2025-07-20,PLAN-COMMUTE,false,active,1974
I,2026-04-01T00:00:00Z,RD-006257,OP-003,Antoine,Serra,antoine.serra464@outlook.com,CTY-STO,SE,2025-10-17,PLAN-COMMUTE,false,active,1982
I,2026-04-01T00:00:00Z,RD-006258,OP-003,Astrid,Nilsson,astrid.nilsson474@mail.com,CTY-STO,SE,2025-11-29,PLAN-PAYG,false,active,1983
I,2026-04-01T00:00:00Z,RD-006259,OP-003,Tiago,Conti,tiago.conti320@outlook.com,CTY-STO,SE,2024-07-14,PLAN-COMMUTE,false,active,1980
I,2026-04-01T00:00:00Z,RD-006260,OP-003,Manon,Conti,manon.conti875@proton.me,CTY-STO,SE,2024-06-19,PLAN-COMMUTE,false,active,1967
I,2026-04-01T00:00:00Z,RD-006261,OP-003,Lucia,Conti,lucia.conti373@correo.es,CTY-STO,SE,2025-03-12,PLAN-PAYG,true,active,1967
I,2026-04-01T00:00:00Z,RD-006262,OP-003,Omar,Novak,omar.novak166@proton.me,CTY-STO,SE,2025-01-27,PLAN-PAYG,true,active,1996
I,2026-04-01T00:00:00Z,RD-006264,OP-003,Freja,Lindqvist,freja.lindqvist737@gmx.de,CTY-STO,SE,2025-03-08,PLAN-UNLIMITED,false,active,1964
I,2026-04-01T00:00:00Z,RD-006265,OP-003,Freja,Kowalski,freja.kowalski578@correo.es,CTY-STO,SE,2024-11-12,PLAN-UNLIMITED,true,active,1993
I,2026-04-01T00:00:00Z,RD-006266,OP-003,Elin,Silva,elin.silva216@outlook.com,CTY-STO,SE,2025-07-05,PLAN-PAYG,true,active,1976
I,2026-04-01T00:00:00Z,RD-006267,OP-003,Camille,Lopez,camille.lopez667@correo.es,CTY-STO,SE,2024-09-11,PLAN-PAYG,false,active,1994
I,2026-04-01T00:00:00Z,RD-006268,OP-003,Elin,Haddad,elin.haddad821@correo.es,CTY-STO,SE,2025-05-28,PLAN-COMMUTE,false,active,1989
I,2026-04-01T00:00:00Z,RD-006269,OP-003,Nils,Silva,nils.silva626@proton.me,CTY-STO,SE,2025-05-26,PLAN-UNLIMITED,true,active,1964
I,2026-04-01T00:00:00Z,RD-006271,OP-003,Nadia,Serra,nadia.serra420@mail.com,CTY-STO,SE,2025-02-12,PLAN-PAYG,true,active,1994
I,2026-04-01T00:00:00Z,RD-006272,OP-003,Chloe,Bernard,chloe.bernard263@gmx.de,CTY-STO,SE,2026-03-26,PLAN-COMMUTE,true,active,1987
I,2026-04-01T00:00:00Z,RD-006273,OP-003,Aina,Martin,aina.martin424@gmx.de,CTY-STO,SE,2026-03-07,PLAN-PAYG,false,active,1972
I,2026-04-01T00:00:00Z,RD-006274,OP-003,Oskar,Ferrer,oskar.ferrer137@outlook.com,CTY-STO,SE,2024-06-06,PLAN-PAYG,true,active,1985
I,2026-04-01T00:00:00Z,RD-006275,OP-003,Nora,Dubois,nora.dubois914@correo.es,CTY-STO,SE,2025-08-22,PLAN-TOURIST,true,active,1999
I,2026-04-01T00:00:00Z,RD-006276,OP-003,Astrid,Almeida,astrid.almeida385@correo.es,CTY-STO,SE,2024-04-29,PLAN-PAYG,true,active,1975
I,2026-04-01T00:00:00Z,RD-006277,OP-003,Ines,Garcia,ines.garcia50@proton.me,CTY-STO,SE,2025-11-16,PLAN-UNLIMITED,true,active,1969
I,2026-04-01T00:00:00Z,RD-006278,OP-003,Astrid,Dubois,astrid.dubois316@proton.me,CTY-STO,SE,2024-10-27,PLAN-PAYG,true,active,1980
I,2026-04-01T00:00:00Z,RD-006279,OP-003,Tiago,Almeida,tiago.almeida500@gmx.de,CTY-STO,SE,2024-04-29,PLAN-PAYG,true,active,1968
I,2026-04-01T00:00:00Z,RD-006280,OP-003,Omar,Vidal,omar.vidal119@gmx.de,CTY-STO,SE,2024-08-15,PLAN-UNLIMITED,true,active,1979
I,2026-04-01T00:00:00Z,RD-006281,OP-003,Rui,Martin,rui.martin858@proton.me,CTY-STO,SE,2024-04-15,PLAN-PAYG,true,active,2002
I,2026-04-01T00:00:00Z,RD-006282,OP-003,Ivan,Dubois,ivan.dubois110@proton.me,CTY-STO,SE,2024-11-01,PLAN-PAYG,false,active,2006
I,2026-04-01T00:00:00Z,RD-006283,OP-003,Freja,Bernard,freja.bernard192@correo.es,CTY-STO,SE,2025-07-27,PLAN-COMMUTE,false,active,2005
I,2026-04-01T00:00:00Z,RD-006284,OP-003,Karim,Andersson,karim.andersson456@outlook.com,CTY-STO,SE,2024-05-13,PLAN-PAYG,true,active,1995
I,2026-04-01T00:00:00Z,RD-006286,OP-003,Omar,Costa,omar.costa70@correo.es,CTY-STO,SE,2024-01-18,PLAN-PAYG,true,active,1978
I,2026-04-01T00:00:00Z,RD-006287,OP-003,Omar,Kowalski,omar.kowalski357@correo.es,CTY-STO,SE,2025-08-26,PLAN-PAYG,false,active,1998
I,2026-04-01T00:00:00Z,RD-006288,OP-003,Oskar,Lindqvist,oskar.lindqvist793@outlook.com,CTY-STO,SE,2024-03-26,PLAN-PAYG,false,active,1998
I,2026-04-01T00:00:00Z,RD-006289,OP-003,Thomas,Martin,thomas.martin987@outlook.com,CTY-STO,SE,2026-03-21,PLAN-UNLIMITED,false,active,1985
I,2026-04-01T00:00:00Z,RD-006290,OP-003,Louis,Kowalski,louis.kowalski267@gmx.de,CTY-STO,SE,2024-04-12,PLAN-PAYG,true,active,1962
I,2026-04-01T00:00:00Z,RD-006291,OP-003,Aina,Ferrer,aina.ferrer517@outlook.com,CTY-STO,SE,2024-07-28,PLAN-COMMUTE,true,active,2002
I,2026-04-01T00:00:00Z,RD-006292,OP-003,Astrid,Lopez,astrid.lopez651@proton.me,CTY-STO,SE,2026-02-02,PLAN-PAYG,false,active,1970
I,2026-04-01T00:00:00Z,RD-006293,OP-003,Lucia,Vidal,lucia.vidal824@mail.com,CTY-STO,SE,2024-04-11,PLAN-PAYG,false,active,1996
I,2026-04-01T00:00:00Z,RD-006294,OP-003,Emil,Benali,emil.benali83@mail.com,CTY-STO,SE,2024-05-27,PLAN-UNLIMITED,false,active,1997
I,2026-04-01T00:00:00Z,RD-006295,OP-003,Nils,Silva,nils.silva694@gmx.de,CTY-STO,SE,2024-12-21,PLAN-COMMUTE,false,active,1971
I,2026-04-01T00:00:00Z,RD-006296,OP-003,Hugo,Serra,hugo.serra659@gmx.de,CTY-STO,SE,2026-02-03,PLAN-STUDENT,false,active,1968
I,2026-04-01T00:00:00Z,RD-006298,OP-003,Nora,Rossi,nora.rossi422@outlook.com,CTY-STO,SE,2025-10-22,PLAN-STUDENT,false,active,1962
I,2026-04-01T00:00:00Z,RD-006299,OP-003,Yasmin,Almeida,yasmin.almeida662@proton.me,CTY-STO,SE,2025-06-12,PLAN-PAYG,true,active,1983
I,2026-04-01T00:00:00Z,RD-006300,OP-003,Manon,Bernard,manon.bernard777@correo.es,CTY-STO,SE,2026-03-07,PLAN-CORP,false,active,1967
I,2026-04-01T00:00:00Z,RD-006301,OP-003,Astrid,Costa,astrid.costa312@proton.me,CTY-STO,SE,2024-02-25,PLAN-PAYG,true,active,1981
I,2026-04-01T00:00:00Z,RD-006302,OP-003,Ines,Andersson,ines.andersson972@proton.me,CTY-STO,SE,2025-12-04,PLAN-PAYG,false,active,1977
I,2026-04-01T00:00:00Z,RD-006303,OP-003,Nadia,Serra,nadia.serra560@correo.es,CTY-STO,SE,2024-08-06,PLAN-PAYG,false,active,1975
I,2026-04-01T00:00:00Z,RD-006305,OP-003,Nils,Fischer,nils.fischer216@proton.me,CTY-STO,SE,2025-06-26,PLAN-PAYG,true,active,1976
I,2026-04-01T00:00:00Z,RD-006306,OP-003,Karim,Garcia,karim.garcia263@proton.me,CTY-STO,SE,2025-02-24,PLAN-PAYG,true,active,1977
I,2026-04-01T00:00:00Z,RD-006307,OP-003,Ines,Ferrer,ines.ferrer758@gmx.de,CTY-STO,SE,2024-11-30,PLAN-UNLIMITED,true,active,1996
I,2026-04-01T00:00:00Z,RD-006308,OP-003,Elin,Rossi,elin.rossi599@proton.me,CTY-STO,SE,2024-08-05,PLAN-PAYG,true,active,1969
I,2026-04-01T00:00:00Z,RD-006309,OP-003,Chloe,Garcia,chloe.garcia222@correo.es,CTY-STO,SE,2024-10-03,PLAN-PAYG,true,active,1999
I,2026-04-01T00:00:00Z,RD-006310,OP-003,Tiago,Ferrer,tiago.ferrer917@correo.es,CTY-STO,SE,2025-08-24,PLAN-STUDENT,true,active,2004
I,2026-04-01T00:00:00Z,RD-006311,OP-003,Beatriz,Pereira,beatriz.pereira747@outlook.com,CTY-STO,SE,2024-02-26,PLAN-UNLIMITED,false,active,1994
I,2026-04-01T00:00:00Z,RD-006312,OP-003,Diego,Kowalski,diego.kowalski336@outlook.com,CTY-STO,SE,2025-01-17,PLAN-COMMUTE,true,active,1972
I,2026-04-01T00:00:00Z,RD-006313,OP-003,Oskar,Serra,oskar.serra400@outlook.com,CTY-STO,SE,2025-03-26,PLAN-PAYG,false,active,1985
I,2026-04-01T00:00:00Z,RD-006314,OP-003,Chloe,Pereira,chloe.pereira320@correo.es,CTY-STO,SE,2024-10-27,PLAN-COMMUTE,false,active,1993
I,2026-04-01T00:00:00Z,RD-006315,OP-003,Elin,Garcia,elin.garcia150@gmx.de,CTY-STO,SE,2024-08-03,PLAN-PAYG,false,active,1990
I,2026-04-01T00:00:00Z,RD-006317,OP-003,Rui,Costa,rui.costa812@mail.com,CTY-STO,SE,2025-06-05,PLAN-TOURIST,false,active,1966
I,2026-04-01T00:00:00Z,RD-006318,OP-003,Chloe,Nilsson,chloe.nilsson749@correo.es,CTY-STO,SE,2024-01-23,PLAN-COMMUTE,false,active,1993
I,2026-04-01T00:00:00Z,RD-006319,OP-003,Astrid,Benali,astrid.benali260@mail.com,CTY-STO,SE,2024-06-30,PLAN-PAYG,true,active,1995
I,2026-04-01T00:00:00Z,RD-006320,OP-003,Freja,Rossi,freja.rossi151@correo.es,CTY-STO,SE,2025-01-19,PLAN-TOURIST,false,active,1983
I,2026-04-01T00:00:00Z,RD-006321,OP-003,Camille,Costa,camille.costa479@correo.es,CTY-STO,SE,2026-01-18,PLAN-COMMUTE,false,active,1991
I,2026-04-01T00:00:00Z,RD-006323,OP-003,Aina,Dubois,aina.dubois365@gmx.de,CTY-STO,SE,2025-03-17,PLAN-UNLIMITED,false,active,2001
I,2026-04-01T00:00:00Z,RD-006324,OP-003,Beatriz,Lopez,beatriz.lopez902@outlook.com,CTY-STO,SE,2025-10-14,PLAN-COMMUTE,true,active,2002
I,2026-04-01T00:00:00Z,RD-006325,OP-003,Marta,Novak,marta.novak772@outlook.com,CTY-STO,SE,2025-05-18,PLAN-UNLIMITED,true,active,1979
I,2026-04-01T00:00:00Z,RD-006327,OP-003,Ines,Rossi,ines.rossi479@proton.me,CTY-STO,SE,2025-06-28,PLAN-PAYG,true,active,1991
I,2026-04-01T00:00:00Z,RD-006328,OP-003,Elin,Garcia,elin.garcia102@gmx.de,CTY-STO,SE,2024-03-21,PLAN-CORP,false,active,1985
I,2026-04-01T00:00:00Z,RD-006329,OP-003,Antoine,Moreno,antoine.moreno826@outlook.com,CTY-STO,SE,2024-11-02,PLAN-COMMUTE,true,active,1997
I,2026-04-01T00:00:00Z,RD-006330,OP-003,Ines,Almeida,ines.almeida894@proton.me,CTY-STO,SE,2025-09-12,PLAN-UNLIMITED,true,active,1985
I,2026-04-01T00:00:00Z,RD-006331,OP-003,Tiago,Bernard,tiago.bernard500@mail.com,CTY-STO,SE,2024-03-06,PLAN-COMMUTE,false,active,1970
I,2026-04-01T00:00:00Z,RD-006333,OP-003,Pablo,Costa,pablo.costa664@gmx.de,CTY-STO,SE,2024-06-21,PLAN-PAYG,false,active,1965
I,2026-04-01T00:00:00Z,RD-006334,OP-003,Oskar,Novak,oskar.novak797@mail.com,CTY-STO,SE,2024-03-11,PLAN-PAYG,false,active,1988
I,2026-04-01T00:00:00Z,RD-006335,OP-003,Rui,Garcia,rui.garcia342@correo.es,CTY-STO,SE,2024-09-09,PLAN-UNLIMITED,true,active,1966
I,2026-04-01T00:00:00Z,RD-006336,OP-003,Rui,Nilsson,rui.nilsson596@mail.com,CTY-STO,SE,2024-03-26,PLAN-COMMUTE,true,active,1973
I,2026-04-01T00:00:00Z,RD-006338,OP-003,Astrid,Costa,astrid.costa124@correo.es,CTY-STO,SE,2024-05-23,PLAN-PAYG,true,active,1974
I,2026-04-01T00:00:00Z,RD-006339,OP-003,Karim,Nilsson,karim.nilsson782@mail.com,CTY-STO,SE,2025-07-31,PLAN-PAYG,false,active,1975
I,2026-04-01T00:00:00Z,RD-006340,OP-003,Nadia,Lopez,nadia.lopez968@mail.com,CTY-STO,SE,2026-03-04,PLAN-COMMUTE,false,active,1987
I,2026-04-01T00:00:00Z,RD-006341,OP-003,Nora,Weber,nora.weber73@outlook.com,CTY-STO,SE,2026-03-20,PLAN-COMMUTE,false,active,1963
I,2026-04-01T00:00:00Z,RD-006342,OP-003,Camille,Lopez,camille.lopez548@correo.es,CTY-STO,SE,2025-05-21,PLAN-PAYG,false,active,1981
I,2026-04-01T00:00:00Z,RD-006343,OP-003,Omar,Nilsson,omar.nilsson112@outlook.com,CTY-STO,SE,2024-07-13,PLAN-PAYG,true,active,1971
I,2026-04-01T00:00:00Z,RD-006344,OP-003,Oskar,Nilsson,oskar.nilsson982@outlook.com,CTY-STO,SE,2024-01-04,PLAN-COMMUTE,true,active,1978
I,2026-04-01T00:00:00Z,RD-006345,OP-003,Yasmin,Moreno,yasmin.moreno867@mail.com,CTY-STO,SE,2025-10-28,PLAN-UNLIMITED,false,active,2006
I,2026-04-01T00:00:00Z,RD-006346,OP-003,Marta,Dubois,marta.dubois261@proton.me,CTY-STO,SE,2025-02-25,PLAN-PAYG,false,active,2006
I,2026-04-01T00:00:00Z,RD-006347,OP-003,Aina,Novak,aina.novak419@outlook.com,CTY-STO,SE,2024-07-15,PLAN-COMMUTE,true,active,1967
I,2026-04-01T00:00:00Z,RD-006348,OP-003,Diego,Silva,diego.silva772@outlook.com,CTY-STO,SE,2024-08-27,PLAN-PAYG,true,active,1991
I,2026-04-01T00:00:00Z,RD-006350,OP-003,Nadia,Costa,nadia.costa284@gmx.de,CTY-STO,SE,2025-06-14,PLAN-PAYG,true,active,1973
I,2026-04-01T00:00:00Z,RD-006351,OP-003,Aina,Serra,aina.serra388@mail.com,CTY-STO,SE,2025-05-10,PLAN-PAYG,true,active,1989
I,2026-04-01T00:00:00Z,RD-006352,OP-003,Manon,Pereira,manon.pereira344@correo.es,CTY-STO,SE,2024-05-09,PLAN-PAYG,true,active,2008
I,2026-04-01T00:00:00Z,RD-006353,OP-003,Thomas,Nilsson,thomas.nilsson360@mail.com,CTY-STO,SE,2024-10-04,PLAN-COMMUTE,true,active,1987
I,2026-04-01T00:00:00Z,RD-006354,OP-003,Astrid,Martin,astrid.martin67@mail.com,CTY-STO,SE,2024-05-27,PLAN-UNLIMITED,true,active,1962
I,2026-04-01T00:00:00Z,RD-006355,OP-003,Nils,Andersson,nils.andersson205@proton.me,CTY-STO,SE,2024-10-29,PLAN-PAYG,false,active,1972
I,2026-04-01T00:00:00Z,RD-006356,OP-003,Elin,Dubois,elin.dubois277@correo.es,CTY-STO,SE,2024-12-20,PLAN-STUDENT,false,active,1977
I,2026-04-01T00:00:00Z,RD-006357,OP-003,Elin,Andersson,elin.andersson874@proton.me,CTY-STO,SE,2025-08-02,PLAN-PAYG,false,active,1995
I,2026-04-01T00:00:00Z,RD-006358,OP-003,Nils,Bernard,nils.bernard860@correo.es,CTY-STO,SE,2025-06-05,PLAN-PAYG,false,active,1976
I,2026-04-01T00:00:00Z,RD-006359,OP-003,Elin,Garcia,elin.garcia459@proton.me,CTY-STO,SE,2024-07-05,PLAN-PAYG,false,active,2002
I,2026-04-01T00:00:00Z,RD-006360,OP-003,Beatriz,Garcia,beatriz.garcia261@proton.me,CTY-STO,SE,2025-06-14,PLAN-UNLIMITED,true,active,1992
I,2026-04-01T00:00:00Z,RD-006361,OP-003,Nadia,Garcia,nadia.garcia901@proton.me,CTY-STO,SE,2025-05-20,PLAN-COMMUTE,true,active,1972
I,2026-04-01T00:00:00Z,RD-006362,OP-003,Hugo,Fischer,hugo.fischer910@correo.es,CTY-STO,SE,2025-11-30,PLAN-TOURIST,true,active,1964
I,2026-04-01T00:00:00Z,RD-006363,OP-003,Thomas,Nilsson,thomas.nilsson220@gmx.de,CTY-STO,SE,2024-06-02,PLAN-PAYG,true,active,1974
I,2026-04-01T00:00:00Z,RD-006364,OP-003,Ivan,Kowalski,ivan.kowalski656@correo.es,CTY-STO,SE,2025-05-05,PLAN-PAYG,false,active,1975
I,2026-04-01T00:00:00Z,RD-006365,OP-003,Oskar,Ferrer,oskar.ferrer100@gmx.de,CTY-STO,SE,2024-05-08,PLAN-COMMUTE,false,active,1977
I,2026-04-01T00:00:00Z,RD-006366,OP-003,Tiago,Andersson,tiago.andersson580@gmx.de,CTY-STO,SE,2025-03-01,PLAN-COMMUTE,true,active,1988
I,2026-04-01T00:00:00Z,RD-006367,OP-003,Karim,Silva,karim.silva638@gmx.de,CTY-STO,SE,2026-01-18,PLAN-COMMUTE,false,active,1996
I,2026-04-01T00:00:00Z,RD-006368,OP-003,Chloe,Silva,chloe.silva860@correo.es,CTY-STO,SE,2024-04-26,PLAN-COMMUTE,false,active,1980
I,2026-04-01T00:00:00Z,RD-006369,OP-003,Antoine,Silva,antoine.silva713@correo.es,CTY-STO,SE,2024-09-10,PLAN-COMMUTE,false,active,1993
I,2026-04-01T00:00:00Z,RD-006370,OP-003,Nora,Martin,nora.martin320@correo.es,CTY-STO,SE,2025-08-18,PLAN-PAYG,true,active,1994
I,2026-04-01T00:00:00Z,RD-006371,OP-003,Camille,Roux,camille.roux112@proton.me,CTY-STO,SE,2025-02-07,PLAN-CORP,false,active,1976
I,2026-04-01T00:00:00Z,RD-006372,OP-003,Ivan,Nilsson,ivan.nilsson830@mail.com,CTY-STO,SE,2025-06-08,PLAN-COMMUTE,true,active,1983
I,2026-04-01T00:00:00Z,RD-006373,OP-003,Sofia,Conti,sofia.conti177@gmx.de,CTY-STO,SE,2025-06-06,PLAN-COMMUTE,false,active,1991
I,2026-04-01T00:00:00Z,RD-006374,OP-003,Marta,Weber,marta.weber683@outlook.com,CTY-STO,SE,2024-09-22,PLAN-PAYG,false,active,1964
I,2026-04-01T00:00:00Z,RD-006375,OP-003,Karim,Pereira,karim.pereira506@proton.me,CTY-STO,SE,2024-10-03,PLAN-PAYG,true,active,1989
I,2026-04-01T00:00:00Z,RD-006376,OP-003,Emil,Kowalski,emil.kowalski737@gmx.de,CTY-STO,SE,2025-10-26,PLAN-TOURIST,true,active,1991
I,2026-04-01T00:00:00Z,RD-006377,OP-003,Oskar,Fischer,oskar.fischer206@outlook.com,CTY-STO,SE,2024-04-13,PLAN-PAYG,false,active,1988
I,2026-04-01T00:00:00Z,RD-006378,OP-003,Hugo,Haddad,hugo.haddad683@outlook.com,CTY-STO,SE,2024-11-05,PLAN-PAYG,false,active,1968
I,2026-04-01T00:00:00Z,RD-006379,OP-003,Elin,Rossi,elin.rossi722@correo.es,CTY-STO,SE,2024-06-07,PLAN-STUDENT,false,active,1993
I,2026-04-01T00:00:00Z,RD-006380,OP-003,Freja,Ferrer,freja.ferrer459@proton.me,CTY-STO,SE,2025-03-13,PLAN-TOURIST,false,active,2004
I,2026-04-01T00:00:00Z,RD-006381,OP-003,Manon,Pereira,manon.pereira579@outlook.com,CTY-STO,SE,2024-10-06,PLAN-COMMUTE,true,active,1981
I,2026-04-01T00:00:00Z,RD-006382,OP-003,Sofia,Moreno,sofia.moreno818@outlook.com,CTY-STO,SE,2025-05-12,PLAN-STUDENT,true,active,1994
I,2026-04-01T00:00:00Z,RD-006383,OP-003,Beatriz,Vidal,beatriz.vidal869@outlook.com,CTY-STO,SE,2024-06-17,PLAN-PAYG,false,active,2003
I,2026-04-01T00:00:00Z,RD-006384,OP-003,Rui,Lindqvist,rui.lindqvist772@gmx.de,CTY-STO,SE,2024-08-06,PLAN-COMMUTE,true,active,2001
I,2026-04-01T00:00:00Z,RD-006385,OP-003,Joan,Bernard,joan.bernard779@mail.com,CTY-STO,SE,2024-03-27,PLAN-COMMUTE,false,active,1990
I,2026-04-01T00:00:00Z,RD-006386,OP-003,Chloe,Berg,chloe.berg798@proton.me,CTY-STO,SE,2024-09-26,PLAN-PAYG,false,active,1995
I,2026-04-01T00:00:00Z,RD-006387,OP-003,Omar,Dubois,omar.dubois469@mail.com,CTY-STO,SE,2024-01-04,PLAN-PAYG,true,active,1987
I,2026-04-01T00:00:00Z,RD-006388,OP-003,Rui,Berg,rui.berg680@outlook.com,CTY-STO,SE,2024-04-27,PLAN-TOURIST,false,active,2000
I,2026-04-01T00:00:00Z,RD-006389,OP-003,Emil,Kowalski,emil.kowalski781@proton.me,CTY-STO,SE,2026-01-02,PLAN-COMMUTE,true,active,1983
I,2026-04-01T00:00:00Z,RD-006390,OP-003,Ivan,Conti,ivan.conti474@gmx.de,CTY-STO,SE,2025-11-20,PLAN-CORP,true,active,1984
I,2026-04-01T00:00:00Z,RD-006391,OP-003,Manon,Berg,manon.berg597@outlook.com,CTY-STO,SE,2024-03-07,PLAN-COMMUTE,false,active,2004
I,2026-04-01T00:00:00Z,RD-006392,OP-003,Antoine,Moreno,antoine.moreno296@correo.es,CTY-STO,SE,2025-05-07,PLAN-PAYG,false,active,1970
I,2026-04-01T00:00:00Z,RD-006393,OP-003,Aina,Dubois,aina.dubois367@mail.com,CTY-STO,SE,2024-10-30,PLAN-TOURIST,true,active,1995
I,2026-04-01T00:00:00Z,RD-006395,OP-003,Astrid,Garcia,astrid.garcia762@correo.es,CTY-STO,SE,2024-02-20,PLAN-PAYG,false,active,1976
I,2026-04-01T00:00:00Z,RD-006396,OP-003,Omar,Lopez,omar.lopez38@mail.com,CTY-STO,SE,2024-04-29,PLAN-PAYG,true,active,1978
I,2026-04-01T00:00:00Z,RD-006397,OP-003,Freja,Ferrer,freja.ferrer911@correo.es,CTY-STO,SE,2024-05-03,PLAN-PAYG,false,active,1978
I,2026-04-01T00:00:00Z,RD-006398,OP-003,Louis,Novak,louis.novak817@proton.me,CTY-STO,SE,2026-01-13,PLAN-UNLIMITED,false,active,1976
I,2026-04-01T00:00:00Z,RD-006399,OP-003,Pablo,Novak,pablo.novak74@mail.com,CTY-STO,SE,2025-06-08,PLAN-PAYG,false,active,1990
I,2026-04-01T00:00:00Z,RD-006400,OP-003,Yasmin,Ferrer,yasmin.ferrer793@correo.es,CTY-STO,SE,2025-11-23,PLAN-COMMUTE,false,active,2005
I,2026-04-01T00:00:00Z,RD-006401,OP-003,Astrid,Benali,astrid.benali330@gmx.de,CTY-STO,SE,2024-08-06,PLAN-COMMUTE,false,active,1979
I,2026-04-01T00:00:00Z,RD-006402,OP-003,Aina,Conti,aina.conti228@gmx.de,CTY-STO,SE,2024-06-11,PLAN-COMMUTE,false,active,1996
I,2026-04-01T00:00:00Z,RD-006403,OP-003,Ines,Martin,ines.martin679@mail.com,CTY-STO,SE,2025-09-29,PLAN-PAYG,false,active,1980
I,2026-04-01T00:00:00Z,RD-006404,OP-003,Manon,Bernard,manon.bernard78@correo.es,CTY-STO,SE,2024-10-16,PLAN-PAYG,true,active,1980
I,2026-04-01T00:00:00Z,RD-006405,OP-003,Beatriz,Almeida,beatriz.almeida917@correo.es,CTY-STO,SE,2025-09-08,PLAN-COMMUTE,true,active,2007
I,2026-04-01T00:00:00Z,RD-006406,OP-003,Freja,Vidal,freja.vidal343@correo.es,CTY-STO,SE,2024-08-19,PLAN-PAYG,true,active,1986
I,2026-04-01T00:00:00Z,RD-006407,OP-003,Lucia,Moreno,lucia.moreno815@outlook.com,CTY-STO,SE,2025-06-14,PLAN-PAYG,false,active,1992
I,2026-04-01T00:00:00Z,RD-006408,OP-003,Pablo,Pereira,pablo.pereira520@gmx.de,CTY-STO,SE,2025-09-27,PLAN-PAYG,false,active,1981
I,2026-04-01T00:00:00Z,RD-006409,OP-003,Ines,Martin,ines.martin821@mail.com,CTY-STO,SE,2026-01-26,PLAN-COMMUTE,false,active,1988
I,2026-04-01T00:00:00Z,RD-006410,OP-003,Pablo,Berg,pablo.berg287@outlook.com,CTY-STO,SE,2025-09-16,PLAN-PAYG,false,active,1987
I,2026-04-01T00:00:00Z,RD-006412,OP-003,Antoine,Dubois,antoine.dubois237@correo.es,CTY-STO,SE,2024-12-06,PLAN-PAYG,false,active,1983
I,2026-04-01T00:00:00Z,RD-006413,OP-003,Antoine,Andersson,antoine.andersson233@proton.me,CTY-STO,SE,2024-02-12,PLAN-UNLIMITED,true,active,1970
I,2026-04-01T00:00:00Z,RD-006414,OP-003,Freja,Conti,freja.conti555@proton.me,CTY-STO,SE,2026-03-14,PLAN-TOURIST,false,active,2008
I,2026-04-01T00:00:00Z,RD-006415,OP-003,Astrid,Novak,astrid.novak136@correo.es,CTY-STO,SE,2024-10-19,PLAN-UNLIMITED,true,active,1990
I,2026-04-01T00:00:00Z,RD-006416,OP-003,Thomas,Bernard,thomas.bernard463@mail.com,CTY-STO,SE,2024-08-11,PLAN-PAYG,false,active,1982
I,2026-04-01T00:00:00Z,RD-006417,OP-003,Tiago,Roux,tiago.roux979@proton.me,CTY-STO,SE,2024-10-18,PLAN-COMMUTE,true,active,1964
I,2026-04-01T00:00:00Z,RD-006418,OP-003,Sofia,Pereira,sofia.pereira387@gmx.de,CTY-STO,SE,2024-11-30,PLAN-PAYG,true,active,2006
I,2026-04-01T00:00:00Z,RD-006419,OP-003,Freja,Conti,freja.conti200@outlook.com,CTY-STO,SE,2025-02-04,PLAN-COMMUTE,true,active,1975
I,2026-04-01T00:00:00Z,RD-006420,OP-003,Omar,Benali,omar.benali831@correo.es,CTY-STO,SE,2025-11-06,PLAN-UNLIMITED,true,active,1965
I,2026-04-01T00:00:00Z,RD-006421,OP-003,Nadia,Nilsson,nadia.nilsson100@mail.com,CTY-STO,SE,2024-07-06,PLAN-PAYG,true,active,1963
I,2026-04-01T00:00:00Z,RD-006422,OP-003,Diego,Novak,diego.novak961@correo.es,CTY-STO,SE,2025-07-30,PLAN-PAYG,true,active,1967
I,2026-04-01T00:00:00Z,RD-006423,OP-003,Hugo,Lindqvist,hugo.lindqvist459@outlook.com,CTY-STO,SE,2026-03-01,PLAN-STUDENT,true,active,1993
I,2026-04-01T00:00:00Z,RD-006424,OP-003,Camille,Martin,camille.martin612@mail.com,CTY-STO,SE,2024-12-21,PLAN-PAYG,true,active,1999
I,2026-04-01T00:00:00Z,RD-006425,OP-003,Yasmin,Kowalski,yasmin.kowalski159@mail.com,CTY-STO,SE,2025-09-25,PLAN-PAYG,true,active,1990
I,2026-04-01T00:00:00Z,RD-006426,OP-003,Marta,Conti,marta.conti904@gmx.de,CTY-STO,SE,2025-04-30,PLAN-COMMUTE,false,active,1965
I,2026-04-01T00:00:00Z,RD-006427,OP-003,Omar,Conti,omar.conti304@outlook.com,CTY-STO,SE,2025-12-23,PLAN-COMMUTE,true,active,1976
I,2026-04-01T00:00:00Z,RD-006428,OP-003,Rui,Vidal,rui.vidal895@proton.me,CTY-STO,SE,2024-07-20,PLAN-COMMUTE,false,active,2001
I,2026-04-01T00:00:00Z,RD-006429,OP-003,Ivan,Roux,ivan.roux444@outlook.com,CTY-STO,SE,2026-03-02,PLAN-PAYG,true,active,1997
I,2026-04-01T00:00:00Z,RD-006430,OP-003,Marta,Rossi,marta.rossi224@correo.es,CTY-STO,SE,2025-12-02,PLAN-COMMUTE,true,active,1989
I,2026-04-01T00:00:00Z,RD-006432,OP-003,Diego,Conti,diego.conti511@proton.me,CTY-STO,SE,2024-10-17,PLAN-PAYG,false,active,1985
I,2026-04-01T00:00:00Z,RD-006433,OP-003,Nadia,Pereira,nadia.pereira738@gmx.de,CTY-STO,SE,2025-11-16,PLAN-PAYG,true,active,2003
I,2026-04-01T00:00:00Z,RD-006434,OP-003,Lucia,Garcia,lucia.garcia617@gmx.de,CTY-STO,SE,2025-09-16,PLAN-COMMUTE,true,active,1999
I,2026-04-01T00:00:00Z,RD-006435,OP-003,Hugo,Serra,hugo.serra761@outlook.com,CTY-STO,SE,2024-03-06,PLAN-PAYG,false,active,2007
I,2026-04-01T00:00:00Z,RD-006436,OP-003,Louis,Bernard,louis.bernard660@correo.es,CTY-STO,SE,2024-08-03,PLAN-PAYG,true,active,2005
I,2026-04-01T00:00:00Z,RD-006437,OP-003,Tiago,Benali,tiago.benali77@mail.com,CTY-STO,SE,2025-12-05,PLAN-PAYG,true,active,1971
I,2026-04-01T00:00:00Z,RD-006439,OP-003,Ivan,Fischer,ivan.fischer912@gmx.de,CTY-STO,SE,2025-10-01,PLAN-PAYG,true,active,1994
I,2026-04-01T00:00:00Z,RD-006440,OP-003,Tiago,Andersson,tiago.andersson257@correo.es,CTY-STO,SE,2024-10-02,PLAN-PAYG,false,active,1980
I,2026-04-01T00:00:00Z,RD-006441,OP-003,Aina,Berg,aina.berg95@proton.me,CTY-STO,SE,2024-11-03,PLAN-PAYG,false,active,1992
I,2026-04-01T00:00:00Z,RD-006442,OP-003,Thomas,Martin,thomas.martin598@correo.es,CTY-STO,SE,2024-08-08,PLAN-PAYG,true,active,1967
I,2026-04-01T00:00:00Z,RD-006443,OP-003,Joan,Benali,joan.benali935@mail.com,CTY-STO,SE,2025-03-25,PLAN-COMMUTE,true,active,1962
I,2026-04-01T00:00:00Z,RD-006444,OP-003,Diego,Novak,diego.novak456@outlook.com,CTY-STO,SE,2025-08-29,PLAN-COMMUTE,true,active,1977
I,2026-04-01T00:00:00Z,RD-006445,OP-003,Diego,Lopez,diego.lopez886@correo.es,CTY-STO,SE,2026-02-04,PLAN-TOURIST,false,active,1971
I,2026-04-01T00:00:00Z,RD-006446,OP-003,Oskar,Ferrer,oskar.ferrer400@correo.es,CTY-STO,SE,2025-12-04,PLAN-PAYG,false,active,1972
I,2026-04-01T00:00:00Z,RD-006447,OP-003,Nils,Roux,nils.roux969@outlook.com,CTY-STO,SE,2024-03-08,PLAN-PAYG,false,active,1989
I,2026-04-01T00:00:00Z,RD-006448,OP-003,Yasmin,Kowalski,yasmin.kowalski425@mail.com,CTY-STO,SE,2025-09-17,PLAN-COMMUTE,false,active,2002
I,2026-04-01T00:00:00Z,RD-006449,OP-003,Tiago,Dubois,tiago.dubois981@proton.me,CTY-STO,SE,2025-07-30,PLAN-PAYG,true,active,1981
I,2026-04-01T00:00:00Z,RD-006450,OP-003,Hugo,Weber,hugo.weber813@outlook.com,CTY-STO,SE,2025-01-10,PLAN-COMMUTE,true,active,1967
I,2026-04-01T00:00:00Z,RD-006451,OP-003,Chloe,Nilsson,chloe.nilsson30@outlook.com,CTY-STO,SE,2026-01-09,PLAN-COMMUTE,true,active,1984
I,2026-04-01T00:00:00Z,RD-006452,OP-003,Omar,Haddad,omar.haddad49@proton.me,CTY-STO,SE,2024-08-04,PLAN-PAYG,true,active,1992
I,2026-04-01T00:00:00Z,RD-006454,OP-003,Ines,Garcia,ines.garcia624@proton.me,CTY-STO,SE,2024-11-13,PLAN-CORP,false,active,1979
I,2026-04-01T00:00:00Z,RD-006456,OP-003,Lucia,Martin,lucia.martin937@gmx.de,CTY-STO,SE,2024-01-15,PLAN-PAYG,true,active,1980
I,2026-04-01T00:00:00Z,RD-006457,OP-003,Emil,Andersson,emil.andersson849@proton.me,CTY-STO,SE,2025-06-20,PLAN-COMMUTE,false,active,1983
I,2026-04-01T00:00:00Z,RD-006458,OP-003,Omar,Vidal,omar.vidal170@outlook.com,CTY-STO,SE,2024-06-13,PLAN-UNLIMITED,false,active,1969
I,2026-04-01T00:00:00Z,RD-006459,OP-003,Ivan,Lindqvist,ivan.lindqvist566@mail.com,CTY-STO,SE,2024-11-25,PLAN-UNLIMITED,true,active,1965
I,2026-04-01T00:00:00Z,RD-006460,OP-003,Nora,Martin,nora.martin29@correo.es,CTY-STO,SE,2024-01-16,PLAN-PAYG,true,active,1982
I,2026-04-01T00:00:00Z,RD-006463,OP-003,Karim,Bernard,karim.bernard403@mail.com,CTY-STO,SE,2025-06-03,PLAN-PAYG,false,active,1968
I,2026-04-01T00:00:00Z,RD-006464,OP-003,Diego,Lindqvist,diego.lindqvist226@gmx.de,CTY-STO,SE,2024-10-13,PLAN-COMMUTE,true,active,2007
I,2026-04-01T00:00:00Z,RD-006465,OP-003,Manon,Novak,manon.novak155@gmx.de,CTY-STO,SE,2025-08-09,PLAN-STUDENT,false,active,1990
I,2026-04-01T00:00:00Z,RD-006466,OP-003,Thomas,Nilsson,thomas.nilsson303@correo.es,CTY-STO,SE,2025-10-03,PLAN-PAYG,true,active,1965
I,2026-04-01T00:00:00Z,RD-006468,OP-003,Pablo,Costa,pablo.costa242@gmx.de,CTY-STO,SE,2024-12-24,PLAN-PAYG,false,active,1970
I,2026-04-01T00:00:00Z,RD-006470,OP-003,Lucia,Haddad,lucia.haddad258@correo.es,CTY-STO,SE,2026-02-23,PLAN-PAYG,true,active,1977
I,2026-04-01T00:00:00Z,RD-006472,OP-003,Elin,Almeida,elin.almeida889@mail.com,CTY-STO,SE,2024-12-15,PLAN-UNLIMITED,true,active,1962
I,2026-04-01T00:00:00Z,RD-006473,OP-003,Camille,Roux,camille.roux558@gmx.de,CTY-STO,SE,2024-07-13,PLAN-COMMUTE,true,active,1990
I,2026-04-01T00:00:00Z,RD-006475,OP-003,Nora,Kowalski,nora.kowalski102@gmx.de,CTY-STO,SE,2025-08-31,PLAN-PAYG,true,active,1964
I,2026-04-01T00:00:00Z,RD-006476,OP-003,Pablo,Conti,pablo.conti465@outlook.com,CTY-STO,SE,2026-01-16,PLAN-UNLIMITED,true,active,1979
I,2026-04-01T00:00:00Z,RD-006477,OP-003,Marta,Garcia,marta.garcia808@mail.com,CTY-STO,SE,2025-03-31,PLAN-STUDENT,false,active,2002
I,2026-04-01T00:00:00Z,RD-006478,OP-003,Joan,Moreno,joan.moreno743@correo.es,CTY-STO,SE,2025-07-29,PLAN-COMMUTE,false,active,1977
I,2026-04-01T00:00:00Z,RD-006479,OP-003,Diego,Benali,diego.benali208@correo.es,CTY-STO,SE,2025-03-16,PLAN-PAYG,false,active,1976
I,2026-04-01T00:00:00Z,RD-006480,OP-003,Camille,Weber,camille.weber806@proton.me,CTY-STO,SE,2025-09-23,PLAN-UNLIMITED,false,active,1974
I,2026-04-01T00:00:00Z,RD-006481,OP-003,Pablo,Martin,pablo.martin837@outlook.com,CTY-STO,SE,2024-05-14,PLAN-PAYG,true,active,2004
I,2026-04-01T00:00:00Z,RD-006482,OP-003,Hugo,Berg,hugo.berg687@mail.com,CTY-STO,SE,2025-10-18,PLAN-PAYG,false,active,1998
I,2026-04-01T00:00:00Z,RD-006483,OP-003,Nora,Martin,nora.martin878@outlook.com,CTY-STO,SE,2024-12-08,PLAN-PAYG,true,active,1983
I,2026-04-01T00:00:00Z,RD-006484,OP-003,Joan,Novak,joan.novak575@proton.me,CTY-STO,SE,2024-05-28,PLAN-CORP,false,active,1962
I,2026-04-01T00:00:00Z,RD-006485,OP-003,Louis,Bernard,louis.bernard661@proton.me,CTY-STO,SE,2025-01-15,PLAN-TOURIST,false,active,1970
I,2026-04-01T00:00:00Z,RD-006486,OP-003,Omar,Lindqvist,omar.lindqvist575@mail.com,CTY-STO,SE,2025-10-05,PLAN-COMMUTE,true,active,1989
I,2026-04-01T00:00:00Z,RD-006487,OP-003,Diego,Serra,diego.serra600@correo.es,CTY-STO,SE,2024-11-04,PLAN-UNLIMITED,false,active,1966
I,2026-04-01T00:00:00Z,RD-006488,OP-003,Freja,Conti,freja.conti286@gmx.de,CTY-STO,SE,2025-12-27,PLAN-PAYG,true,active,1993
I,2026-04-01T00:00:00Z,RD-006489,OP-003,Camille,Benali,camille.benali860@correo.es,CTY-STO,SE,2026-03-16,PLAN-COMMUTE,true,active,1962
I,2026-04-01T00:00:00Z,RD-006492,OP-003,Diego,Lindqvist,diego.lindqvist569@mail.com,CTY-STO,SE,2024-10-05,PLAN-PAYG,true,active,2006
I,2026-04-01T00:00:00Z,RD-006493,OP-003,Freja,Bernard,freja.bernard226@correo.es,CTY-STO,SE,2024-10-25,PLAN-COMMUTE,true,active,1969
I,2026-04-01T00:00:00Z,RD-006494,OP-003,Sofia,Novak,sofia.novak624@mail.com,CTY-STO,SE,2024-05-26,PLAN-PAYG,true,active,1965
I,2026-04-01T00:00:00Z,RD-006495,OP-003,Tiago,Moreno,tiago.moreno8@correo.es,CTY-STO,SE,2026-03-26,PLAN-COMMUTE,true,active,1969
I,2026-04-01T00:00:00Z,RD-006496,OP-003,Camille,Nilsson,camille.nilsson383@outlook.com,CTY-STO,SE,2024-12-18,PLAN-PAYG,false,active,1972
I,2026-04-01T00:00:00Z,RD-006497,OP-003,Lucia,Pereira,lucia.pereira519@gmx.de,CTY-STO,SE,2024-09-15,PLAN-COMMUTE,false,active,1976
I,2026-04-01T00:00:00Z,RD-006498,OP-003,Joan,Silva,joan.silva954@proton.me,CTY-STO,SE,2024-09-24,PLAN-TOURIST,false,active,1963
I,2026-04-01T00:00:00Z,RD-006499,OP-003,Antoine,Bernard,antoine.bernard568@correo.es,CTY-STO,SE,2024-08-22,PLAN-PAYG,true,active,1987
I,2026-04-01T00:00:00Z,RD-006500,OP-003,Lucia,Lindqvist,lucia.lindqvist88@outlook.com,CTY-STO,SE,2025-10-30,PLAN-UNLIMITED,true,active,1993
I,2026-04-01T00:00:00Z,RD-006501,OP-003,Ivan,Fischer,ivan.fischer932@proton.me,CTY-STO,SE,2024-05-26,PLAN-PAYG,false,active,1976
I,2026-04-01T00:00:00Z,RD-006502,OP-003,Oskar,Silva,oskar.silva313@proton.me,CTY-STO,SE,2025-06-30,PLAN-STUDENT,false,active,1975
I,2026-04-01T00:00:00Z,RD-006503,OP-003,Manon,Novak,manon.novak848@outlook.com,CTY-STO,SE,2026-03-05,PLAN-PAYG,true,active,1975
I,2026-04-01T00:00:00Z,RD-006504,OP-003,Karim,Serra,karim.serra783@correo.es,CTY-STO,SE,2024-08-16,PLAN-COMMUTE,false,active,1965
I,2026-04-01T00:00:00Z,RD-006506,OP-003,Hugo,Almeida,hugo.almeida332@outlook.com,CTY-STO,SE,2025-07-16,PLAN-PAYG,false,active,1997
I,2026-04-01T00:00:00Z,RD-006507,OP-003,Omar,Ferrer,omar.ferrer745@correo.es,CTY-STO,SE,2026-01-08,PLAN-PAYG,true,active,1994
I,2026-04-01T00:00:00Z,RD-006508,OP-003,Oskar,Novak,oskar.novak748@mail.com,CTY-STO,SE,2025-07-03,PLAN-STUDENT,true,active,1978
I,2026-04-01T00:00:00Z,RD-006509,OP-003,Ivan,Kowalski,ivan.kowalski181@proton.me,CTY-STO,SE,2025-12-28,PLAN-PAYG,false,active,1999
I,2026-04-01T00:00:00Z,RD-006510,OP-003,Joan,Haddad,joan.haddad287@proton.me,CTY-STO,SE,2025-11-03,PLAN-TOURIST,true,active,2008
I,2026-04-01T00:00:00Z,RD-006511,OP-003,Nora,Vidal,nora.vidal417@correo.es,CTY-STO,SE,2024-02-09,PLAN-UNLIMITED,false,active,1988
I,2026-04-01T00:00:00Z,RD-006512,OP-003,Pablo,Lindqvist,pablo.lindqvist449@correo.es,CTY-STO,SE,2024-09-23,PLAN-STUDENT,true,active,1992
I,2026-04-01T00:00:00Z,RD-006513,OP-003,Joan,Serra,joan.serra330@gmx.de,CTY-STO,SE,2024-11-25,PLAN-COMMUTE,false,active,1974
I,2026-04-01T00:00:00Z,RD-006514,OP-003,Diego,Novak,diego.novak118@gmx.de,CTY-STO,SE,2024-09-28,PLAN-PAYG,false,active,2004
I,2026-04-01T00:00:00Z,RD-006515,OP-003,Pablo,Roux,pablo.roux938@gmx.de,CTY-STO,SE,2025-04-05,PLAN-COMMUTE,true,active,2004
I,2026-04-01T00:00:00Z,RD-006516,OP-003,Camille,Andersson,camille.andersson425@gmx.de,CTY-STO,SE,2025-03-15,PLAN-PAYG,false,active,2006
I,2026-04-01T00:00:00Z,RD-006517,OP-003,Pablo,Novak,pablo.novak1@outlook.com,CTY-STO,SE,2025-08-30,PLAN-COMMUTE,true,active,1990
I,2026-04-01T00:00:00Z,RD-006518,OP-003,Sofia,Silva,sofia.silva383@proton.me,CTY-STO,SE,2024-10-08,PLAN-PAYG,true,active,1985
I,2026-04-01T00:00:00Z,RD-006519,OP-003,Marta,Martin,marta.martin233@proton.me,CTY-STO,SE,2024-07-13,PLAN-STUDENT,true,active,1988
I,2026-04-01T00:00:00Z,RD-006520,OP-003,Diego,Weber,diego.weber971@correo.es,CTY-STO,SE,2026-02-12,PLAN-PAYG,true,active,1968
I,2026-04-01T00:00:00Z,RD-006521,OP-003,Diego,Almeida,diego.almeida62@mail.com,CTY-STO,SE,2025-05-26,PLAN-COMMUTE,false,active,1995
I,2026-04-01T00:00:00Z,RD-006522,OP-003,Nora,Fischer,nora.fischer790@outlook.com,CTY-STO,SE,2024-06-24,PLAN-UNLIMITED,false,active,1975
I,2026-04-01T00:00:00Z,RD-006523,OP-003,Aina,Lindqvist,aina.lindqvist414@gmx.de,CTY-STO,SE,2024-06-30,PLAN-COMMUTE,false,active,1980
I,2026-04-01T00:00:00Z,RD-006524,OP-003,Emil,Berg,emil.berg205@proton.me,CTY-STO,SE,2025-09-09,PLAN-PAYG,true,active,1982
I,2026-04-01T00:00:00Z,RD-006525,OP-003,Aina,Moreno,aina.moreno254@gmx.de,CTY-STO,SE,2025-06-16,PLAN-PAYG,false,active,1979
I,2026-04-01T00:00:00Z,RD-006526,OP-003,Manon,Garcia,manon.garcia859@outlook.com,CTY-STO,SE,2026-02-22,PLAN-PAYG,false,active,1979
I,2026-04-01T00:00:00Z,RD-006527,OP-003,Emil,Fischer,emil.fischer373@correo.es,CTY-STO,SE,2024-07-20,PLAN-COMMUTE,false,active,1986
I,2026-04-01T00:00:00Z,RD-006528,OP-003,Hugo,Fischer,hugo.fischer299@correo.es,CTY-STO,SE,2024-11-28,PLAN-COMMUTE,false,active,1970
I,2026-04-01T00:00:00Z,RD-006529,OP-003,Yasmin,Pereira,yasmin.pereira978@outlook.com,CTY-STO,SE,2024-03-24,PLAN-PAYG,true,active,1988
I,2026-04-01T00:00:00Z,RD-006530,OP-003,Thomas,Martin,thomas.martin442@mail.com,CTY-STO,SE,2024-08-01,PLAN-COMMUTE,false,active,1986
I,2026-04-01T00:00:00Z,RD-006531,OP-003,Astrid,Lindqvist,astrid.lindqvist124@proton.me,CTY-STO,SE,2024-05-25,PLAN-COMMUTE,false,active,1984
I,2026-04-01T00:00:00Z,RD-006532,OP-003,Beatriz,Berg,beatriz.berg272@proton.me,CTY-STO,SE,2024-11-01,PLAN-PAYG,true,active,1963
I,2026-04-01T00:00:00Z,RD-006533,OP-003,Manon,Berg,manon.berg998@proton.me,CTY-STO,SE,2024-08-17,PLAN-COMMUTE,false,active,1999
I,2026-04-01T00:00:00Z,RD-006534,OP-003,Antoine,Dubois,antoine.dubois446@correo.es,CTY-STO,SE,2025-12-13,PLAN-PAYG,true,active,1979
I,2026-04-01T00:00:00Z,RD-006535,OP-003,Ivan,Haddad,ivan.haddad772@proton.me,CTY-STO,SE,2024-02-21,PLAN-PAYG,true,active,1991
I,2026-04-01T00:00:00Z,RD-006536,OP-003,Beatriz,Bernard,beatriz.bernard213@correo.es,CTY-STO,SE,2024-06-26,PLAN-COMMUTE,true,active,1992
I,2026-04-01T00:00:00Z,RD-006537,OP-003,Ines,Martin,ines.martin643@gmx.de,CTY-STO,SE,2025-11-11,PLAN-UNLIMITED,true,active,2001
I,2026-04-01T00:00:00Z,RD-006538,OP-003,Hugo,Lopez,hugo.lopez568@mail.com,CTY-STO,SE,2025-04-09,PLAN-COMMUTE,true,active,1986
I,2026-04-01T00:00:00Z,RD-006539,OP-003,Camille,Haddad,camille.haddad226@gmx.de,CTY-STO,SE,2025-03-24,PLAN-COMMUTE,true,active,1965
I,2026-04-01T00:00:00Z,RD-006540,OP-003,Oskar,Kowalski,oskar.kowalski640@proton.me,CTY-STO,SE,2025-10-14,PLAN-PAYG,false,active,1988
I,2026-04-01T00:00:00Z,RD-006541,OP-003,Ines,Silva,ines.silva38@outlook.com,CTY-STO,SE,2024-01-03,PLAN-PAYG,false,active,1991
I,2026-04-01T00:00:00Z,RD-006542,OP-003,Manon,Kowalski,manon.kowalski168@outlook.com,CTY-STO,SE,2025-08-29,PLAN-PAYG,false,active,2003
I,2026-04-01T00:00:00Z,RD-006544,OP-003,Nadia,Vidal,nadia.vidal903@proton.me,CTY-STO,SE,2025-07-06,PLAN-PAYG,false,active,2008
I,2026-04-01T00:00:00Z,RD-006545,OP-003,Thomas,Martin,thomas.martin237@outlook.com,CTY-STO,SE,2025-03-13,PLAN-PAYG,true,active,1985
I,2026-04-01T00:00:00Z,RD-006546,OP-003,Aina,Martin,aina.martin19@proton.me,CTY-STO,SE,2024-01-12,PLAN-PAYG,true,active,1978
I,2026-04-01T00:00:00Z,RD-006547,OP-003,Marta,Novak,marta.novak727@correo.es,CTY-STO,SE,2024-04-26,PLAN-CORP,true,active,1994
I,2026-04-01T00:00:00Z,RD-006548,OP-003,Beatriz,Ferrer,beatriz.ferrer325@correo.es,CTY-STO,SE,2025-04-15,PLAN-COMMUTE,true,active,1962
I,2026-04-01T00:00:00Z,RD-006549,OP-003,Antoine,Novak,antoine.novak510@proton.me,CTY-STO,SE,2024-01-13,PLAN-UNLIMITED,false,active,1969
I,2026-04-01T00:00:00Z,RD-006550,OP-003,Omar,Bernard,omar.bernard724@mail.com,CTY-STO,SE,2025-02-28,PLAN-PAYG,false,active,1964
I,2026-04-01T00:00:00Z,RD-006551,OP-003,Nadia,Serra,nadia.serra135@outlook.com,CTY-STO,SE,2024-01-04,PLAN-PAYG,true,active,1973
I,2026-04-01T00:00:00Z,RD-006552,OP-003,Louis,Nilsson,louis.nilsson444@mail.com,CTY-STO,SE,2025-02-01,PLAN-TOURIST,false,active,1982
I,2026-04-01T00:00:00Z,RD-006553,OP-003,Lucia,Martin,lucia.martin576@proton.me,CTY-STO,SE,2025-01-03,PLAN-PAYG,true,active,1987
I,2026-04-01T00:00:00Z,RD-006554,OP-003,Oskar,Martin,oskar.martin929@correo.es,CTY-STO,SE,2024-11-01,PLAN-PAYG,true,active,1974
I,2026-04-01T00:00:00Z,RD-006555,OP-003,Manon,Haddad,manon.haddad748@outlook.com,CTY-STO,SE,2025-11-20,PLAN-PAYG,true,active,1973
I,2026-04-01T00:00:00Z,RD-006556,OP-003,Manon,Almeida,manon.almeida467@proton.me,CTY-STO,SE,2024-03-20,PLAN-COMMUTE,false,active,1990
I,2026-04-01T00:00:00Z,RD-006557,OP-003,Astrid,Nilsson,astrid.nilsson859@gmx.de,CTY-STO,SE,2024-08-02,PLAN-COMMUTE,false,active,1965
I,2026-04-01T00:00:00Z,RD-006559,OP-003,Astrid,Vidal,astrid.vidal137@proton.me,CTY-STO,SE,2025-09-27,PLAN-PAYG,false,active,2006
I,2026-04-01T00:00:00Z,RD-006560,OP-003,Elin,Fischer,elin.fischer471@outlook.com,CTY-STO,SE,2025-02-26,PLAN-STUDENT,false,active,1969
I,2026-04-01T00:00:00Z,RD-006561,OP-003,Ines,Benali,ines.benali719@proton.me,CTY-STO,SE,2024-03-20,PLAN-PAYG,true,active,1993
I,2026-04-01T00:00:00Z,RD-006562,OP-003,Ivan,Rossi,ivan.rossi30@mail.com,CTY-STO,SE,2024-02-17,PLAN-UNLIMITED,false,active,1992
I,2026-04-01T00:00:00Z,RD-006563,OP-003,Freja,Almeida,freja.almeida54@correo.es,CTY-STO,SE,2024-02-17,PLAN-PAYG,true,active,2003
I,2026-04-01T00:00:00Z,RD-006564,OP-003,Omar,Lindqvist,omar.lindqvist316@correo.es,CTY-STO,SE,2025-03-16,PLAN-PAYG,true,active,1970
I,2026-04-01T00:00:00Z,RD-006565,OP-003,Ivan,Silva,ivan.silva31@outlook.com,CTY-STO,SE,2024-05-24,PLAN-PAYG,true,active,1978
I,2026-04-01T00:00:00Z,RD-006566,OP-003,Elin,Novak,elin.novak649@mail.com,CTY-STO,SE,2024-07-09,PLAN-PAYG,true,active,1972
I,2026-04-01T00:00:00Z,RD-006567,OP-003,Oskar,Berg,oskar.berg841@mail.com,CTY-STO,SE,2025-10-24,PLAN-COMMUTE,true,active,1967
I,2026-04-01T00:00:00Z,RD-006568,OP-003,Nadia,Andersson,nadia.andersson342@gmx.de,CTY-STO,SE,2025-02-16,PLAN-PAYG,false,active,2006
I,2026-04-01T00:00:00Z,RD-006569,OP-003,Elin,Moreno,elin.moreno328@proton.me,CTY-STO,SE,2025-02-02,PLAN-COMMUTE,true,active,1988
I,2026-04-01T00:00:00Z,RD-006570,OP-003,Diego,Benali,diego.benali849@outlook.com,CTY-STO,SE,2024-01-27,PLAN-COMMUTE,true,active,1988
I,2026-04-01T00:00:00Z,RD-006572,OP-003,Joan,Conti,joan.conti729@mail.com,CTY-STO,SE,2024-07-15,PLAN-PAYG,true,active,1962
I,2026-04-01T00:00:00Z,RD-006574,OP-003,Beatriz,Benali,beatriz.benali615@outlook.com,CTY-STO,SE,2024-02-10,PLAN-STUDENT,true,active,1988
I,2026-04-01T00:00:00Z,RD-006575,OP-003,Rui,Haddad,rui.haddad117@outlook.com,CTY-STO,SE,2025-07-14,PLAN-COMMUTE,true,active,1992
I,2026-04-01T00:00:00Z,RD-006576,OP-003,Lucia,Ferrer,lucia.ferrer61@proton.me,CTY-STO,SE,2025-08-15,PLAN-PAYG,true,active,1976
I,2026-04-01T00:00:00Z,RD-006577,OP-003,Louis,Pereira,louis.pereira980@outlook.com,CTY-STO,SE,2025-07-07,PLAN-PAYG,false,active,2007
I,2026-04-01T00:00:00Z,RD-006578,OP-003,Tiago,Bernard,tiago.bernard552@mail.com,CTY-STO,SE,2024-11-17,PLAN-PAYG,true,active,1971
I,2026-04-01T00:00:00Z,RD-006580,OP-003,Louis,Roux,louis.roux78@outlook.com,CTY-STO,SE,2024-12-06,PLAN-COMMUTE,false,active,1975
I,2026-04-01T00:00:00Z,RD-006581,OP-003,Thomas,Weber,thomas.weber858@outlook.com,CTY-STO,SE,2024-07-03,PLAN-PAYG,true,active,1976
I,2026-04-01T00:00:00Z,RD-006582,OP-003,Beatriz,Conti,beatriz.conti780@proton.me,CTY-STO,SE,2026-01-19,PLAN-PAYG,true,active,1963
I,2026-04-01T00:00:00Z,RD-006584,OP-003,Louis,Novak,louis.novak651@gmx.de,CTY-STO,SE,2024-11-15,PLAN-PAYG,true,active,1978
I,2026-04-01T00:00:00Z,RD-006586,OP-003,Tiago,Almeida,tiago.almeida195@correo.es,CTY-STO,SE,2025-12-11,PLAN-PAYG,false,active,1995
I,2026-04-01T00:00:00Z,RD-006588,OP-003,Camille,Nilsson,camille.nilsson879@proton.me,CTY-STO,SE,2024-11-18,PLAN-PAYG,false,active,1967
I,2026-04-01T00:00:00Z,RD-006589,OP-003,Chloe,Novak,chloe.novak904@proton.me,CTY-STO,SE,2024-12-07,PLAN-PAYG,true,active,1967
I,2026-04-01T00:00:00Z,RD-006590,OP-003,Hugo,Berg,hugo.berg747@outlook.com,CTY-STO,SE,2024-04-28,PLAN-PAYG,true,active,1978
I,2026-04-01T00:00:00Z,RD-006591,OP-003,Emil,Fischer,emil.fischer117@proton.me,CTY-STO,SE,2025-02-12,PLAN-PAYG,true,active,1982
I,2026-04-01T00:00:00Z,RD-006592,OP-003,Camille,Rossi,camille.rossi41@gmx.de,CTY-STO,SE,2024-02-08,PLAN-UNLIMITED,false,active,1969
I,2026-04-01T00:00:00Z,RD-006593,OP-003,Karim,Dubois,karim.dubois278@mail.com,CTY-STO,SE,2024-08-03,PLAN-PAYG,false,active,1983
I,2026-04-01T00:00:00Z,RD-006594,OP-003,Sofia,Moreno,sofia.moreno187@proton.me,CTY-STO,SE,2026-03-03,PLAN-PAYG,true,active,2004
I,2026-04-01T00:00:00Z,RD-006596,OP-003,Rui,Bernard,rui.bernard156@correo.es,CTY-STO,SE,2025-08-27,PLAN-PAYG,true,active,1975
I,2026-04-01T00:00:00Z,RD-006597,OP-003,Nadia,Dubois,nadia.dubois330@mail.com,CTY-STO,SE,2025-11-14,PLAN-PAYG,false,active,1963
I,2026-04-01T00:00:00Z,RD-006598,OP-003,Emil,Serra,emil.serra36@proton.me,CTY-STO,SE,2024-07-17,PLAN-PAYG,false,active,1974
I,2026-04-01T00:00:00Z,RD-006599,OP-003,Manon,Berg,manon.berg588@gmx.de,CTY-STO,SE,2024-05-21,PLAN-STUDENT,false,active,2005
I,2026-04-01T00:00:00Z,RD-006600,OP-003,Louis,Vidal,louis.vidal342@outlook.com,CTY-STO,SE,2024-12-09,PLAN-PAYG,true,active,1969
I,2026-04-01T00:00:00Z,RD-006601,OP-003,Freja,Ferrer,freja.ferrer485@outlook.com,CTY-STO,SE,2024-06-07,PLAN-PAYG,false,active,1996
I,2026-04-01T00:00:00Z,RD-006602,OP-003,Omar,Dubois,omar.dubois900@gmx.de,CTY-STO,SE,2026-03-07,PLAN-COMMUTE,true,active,1970
I,2026-04-01T00:00:00Z,RD-006603,OP-003,Ines,Ferrer,ines.ferrer621@gmx.de,CTY-STO,SE,2025-02-22,PLAN-UNLIMITED,true,active,1969
I,2026-04-01T00:00:00Z,RD-006604,OP-003,Pablo,Ferrer,pablo.ferrer778@gmx.de,CTY-STO,SE,2025-09-03,PLAN-PAYG,false,active,1969
I,2026-04-01T00:00:00Z,RD-006605,OP-003,Elin,Almeida,elin.almeida735@outlook.com,CTY-STO,SE,2025-04-28,PLAN-COMMUTE,false,active,1968
I,2026-04-01T00:00:00Z,RD-006607,OP-003,Sofia,Serra,sofia.serra645@gmx.de,CTY-STO,SE,2025-07-18,PLAN-COMMUTE,false,active,1990
I,2026-04-01T00:00:00Z,RD-006609,OP-003,Elin,Silva,elin.silva907@gmx.de,CTY-STO,SE,2025-06-14,PLAN-COMMUTE,true,active,1986
I,2026-04-01T00:00:00Z,RD-006610,OP-003,Beatriz,Ferrer,beatriz.ferrer804@outlook.com,CTY-STO,SE,2025-08-16,PLAN-PAYG,false,active,2001
I,2026-04-01T00:00:00Z,RD-006611,OP-003,Camille,Roux,camille.roux786@gmx.de,CTY-STO,SE,2024-11-07,PLAN-STUDENT,false,active,1964
I,2026-04-01T00:00:00Z,RD-006612,OP-003,Aina,Fischer,aina.fischer954@mail.com,CTY-STO,SE,2026-02-13,PLAN-COMMUTE,false,active,2000
I,2026-04-01T00:00:00Z,RD-006613,OP-003,Diego,Ferrer,diego.ferrer136@mail.com,CTY-STO,SE,2025-10-21,PLAN-TOURIST,true,active,1973
I,2026-04-01T00:00:00Z,RD-006614,OP-003,Omar,Garcia,omar.garcia477@proton.me,CTY-STO,SE,2025-05-23,PLAN-PAYG,true,active,1983
I,2026-04-01T00:00:00Z,RD-006615,OP-003,Ivan,Garcia,ivan.garcia226@correo.es,CTY-STO,SE,2025-08-16,PLAN-PAYG,false,active,1991
I,2026-04-01T00:00:00Z,RD-006616,OP-003,Astrid,Ferrer,astrid.ferrer506@outlook.com,CTY-STO,SE,2025-07-31,PLAN-PAYG,true,active,1996
I,2026-04-01T00:00:00Z,RD-006617,OP-003,Diego,Moreno,diego.moreno960@proton.me,CTY-STO,SE,2024-05-27,PLAN-COMMUTE,true,active,1976
I,2026-04-01T00:00:00Z,RD-006618,OP-003,Aina,Costa,aina.costa144@gmx.de,CTY-STO,SE,2024-09-11,PLAN-PAYG,false,active,2003
I,2026-04-01T00:00:00Z,RD-006619,OP-003,Manon,Rossi,manon.rossi81@proton.me,CTY-STO,SE,2026-02-15,PLAN-PAYG,false,active,1973
I,2026-04-01T00:00:00Z,RD-006621,OP-003,Camille,Berg,camille.berg771@gmx.de,CTY-STO,SE,2025-06-10,PLAN-PAYG,false,active,1988
I,2026-04-01T00:00:00Z,RD-006622,OP-003,Chloe,Lopez,chloe.lopez73@proton.me,CTY-STO,SE,2025-12-08,PLAN-STUDENT,true,active,1962
I,2026-04-01T00:00:00Z,RD-006623,OP-003,Emil,Moreno,emil.moreno497@outlook.com,CTY-STO,SE,2025-05-08,PLAN-STUDENT,false,active,1976
I,2026-04-01T00:00:00Z,RD-006624,OP-003,Marta,Benali,marta.benali963@mail.com,CTY-STO,SE,2024-12-08,PLAN-COMMUTE,false,active,1962
I,2026-04-01T00:00:00Z,RD-006625,OP-003,Astrid,Andersson,astrid.andersson59@gmx.de,CTY-STO,SE,2024-06-25,PLAN-PAYG,true,active,2005
I,2026-04-01T00:00:00Z,RD-006626,OP-003,Antoine,Nilsson,antoine.nilsson947@mail.com,CTY-STO,SE,2024-11-06,PLAN-PAYG,true,active,1990
I,2026-04-01T00:00:00Z,RD-006627,OP-003,Tiago,Silva,tiago.silva656@correo.es,CTY-STO,SE,2025-12-25,PLAN-UNLIMITED,false,active,1974
I,2026-04-01T00:00:00Z,RD-006628,OP-003,Freja,Lopez,freja.lopez844@mail.com,CTY-STO,SE,2025-01-08,PLAN-PAYG,true,active,1978
I,2026-04-01T00:00:00Z,RD-006629,OP-003,Ivan,Lopez,ivan.lopez446@outlook.com,CTY-STO,SE,2025-06-25,PLAN-UNLIMITED,false,active,1991
I,2026-04-01T00:00:00Z,RD-006630,OP-003,Astrid,Costa,astrid.costa917@outlook.com,CTY-STO,SE,2025-02-12,PLAN-TOURIST,true,active,1986
I,2026-04-01T00:00:00Z,RD-006631,OP-003,Ivan,Andersson,ivan.andersson36@outlook.com,CTY-STO,SE,2024-06-03,PLAN-PAYG,true,active,1988
I,2026-04-01T00:00:00Z,RD-006632,OP-003,Ines,Costa,ines.costa921@outlook.com,CTY-STO,SE,2025-08-19,PLAN-COMMUTE,true,active,2006
I,2026-04-01T00:00:00Z,RD-006634,OP-003,Omar,Bernard,omar.bernard803@correo.es,CTY-STO,SE,2024-02-28,PLAN-PAYG,true,active,2001
I,2026-04-01T00:00:00Z,RD-006635,OP-003,Aina,Berg,aina.berg552@correo.es,CTY-STO,SE,2025-04-17,PLAN-PAYG,false,active,1979
I,2026-04-01T00:00:00Z,RD-006636,OP-003,Hugo,Silva,hugo.silva830@outlook.com,CTY-GOT,SWE,2025-06-04,PLAN-COMMUTE,true,active,1971
I,2026-04-01T00:00:00Z,RD-006637,OP-003,Manon,Berg,manon.berg421@outlook.com,CTY-GOT,SWE,2025-10-01,PLAN-PAYG,false,active,2007
I,2026-04-01T00:00:00Z,RD-006638,OP-003,Louis,Dubois,louis.dubois219@correo.es,CTY-GOT,SWE,2025-05-17,PLAN-PAYG,true,active,1978
I,2026-04-01T00:00:00Z,RD-006639,OP-003,Karim,Haddad,karim.haddad619@correo.es,CTY-GOT,SWE,2024-06-17,PLAN-COMMUTE,true,active,1976
I,2026-04-01T00:00:00Z,RD-006640,OP-003,Aina,Nilsson,aina.nilsson74@outlook.com,CTY-GOT,SWE,2025-02-06,PLAN-PAYG,false,active,1987
I,2026-04-01T00:00:00Z,RD-006642,OP-003,Marta,Costa,marta.costa633@gmx.de,CTY-GOT,SWE,2025-02-20,PLAN-COMMUTE,true,active,1986
I,2026-04-01T00:00:00Z,RD-006643,OP-003,Lucia,Pereira,lucia.pereira205@gmx.de,CTY-GOT,SWE,2024-04-07,PLAN-CORP,true,active,1971
I,2026-04-01T00:00:00Z,RD-006644,OP-003,Manon,Silva,manon.silva190@gmx.de,CTY-GOT,SWE,2024-02-18,PLAN-UNLIMITED,true,active,1967
I,2026-04-01T00:00:00Z,RD-006645,OP-003,Rui,Dubois,rui.dubois49@gmx.de,CTY-GOT,SWE,2025-03-22,PLAN-COMMUTE,true,active,1981
I,2026-04-01T00:00:00Z,RD-006646,OP-003,Aina,Berg,aina.berg710@proton.me,CTY-GOT,SWE,2024-05-29,PLAN-PAYG,true,active,1989
I,2026-04-01T00:00:00Z,RD-006647,OP-003,Lucia,Almeida,lucia.almeida305@correo.es,CTY-GOT,SWE,2025-02-17,PLAN-PAYG,true,active,1990
I,2026-04-01T00:00:00Z,RD-006648,OP-003,Hugo,Nilsson,hugo.nilsson915@proton.me,CTY-GOT,SWE,2025-02-06,PLAN-TOURIST,true,active,1984
I,2026-04-01T00:00:00Z,RD-006650,OP-003,Diego,Martin,diego.martin740@outlook.com,CTY-GOT,SWE,2026-03-23,PLAN-COMMUTE,false,active,1992
I,2026-04-01T00:00:00Z,RD-006651,OP-003,Thomas,Martin,thomas.martin313@correo.es,CTY-GOT,SWE,2024-07-08,PLAN-UNLIMITED,true,active,1992
I,2026-04-01T00:00:00Z,RD-006652,OP-003,Ines,Nilsson,ines.nilsson181@outlook.com,CTY-GOT,SWE,2024-03-14,PLAN-COMMUTE,false,active,1968
I,2026-04-01T00:00:00Z,RD-006653,OP-003,Aina,Weber,aina.weber437@mail.com,CTY-GOT,SWE,2024-05-28,PLAN-PAYG,false,active,1990
I,2026-04-01T00:00:00Z,RD-006654,OP-003,Rui,Haddad,rui.haddad675@outlook.com,CTY-GOT,SWE,2024-10-20,PLAN-PAYG,false,active,2006
I,2026-04-01T00:00:00Z,RD-006655,OP-003,Karim,Ferrer,karim.ferrer125@correo.es,CTY-GOT,SWE,2025-07-18,PLAN-STUDENT,false,active,1987
I,2026-04-01T00:00:00Z,RD-006656,OP-003,Lucia,Conti,lucia.conti573@proton.me,CTY-GOT,SWE,2024-02-07,PLAN-PAYG,true,active,1971
I,2026-04-01T00:00:00Z,RD-006657,OP-003,Elin,Fischer,elin.fischer516@gmx.de,CTY-GOT,SWE,2025-02-06,PLAN-PAYG,true,active,1986
I,2026-04-01T00:00:00Z,RD-006658,OP-003,Karim,Serra,karim.serra965@proton.me,CTY-GOT,SWE,2024-03-17,PLAN-PAYG,false,active,2001
I,2026-04-01T00:00:00Z,RD-006659,OP-003,Nora,Novak,nora.novak804@outlook.com,CTY-GOT,SWE,2025-12-16,PLAN-COMMUTE,false,active,1966
I,2026-04-01T00:00:00Z,RD-006660,OP-003,Omar,Serra,omar.serra114@gmx.de,CTY-GOT,SWE,2024-09-26,PLAN-COMMUTE,true,active,2008
I,2026-04-01T00:00:00Z,RD-006661,OP-003,Emil,Bernard,emil.bernard307@proton.me,CTY-GOT,SWE,2026-02-07,PLAN-COMMUTE,true,active,1969
I,2026-04-01T00:00:00Z,RD-006662,OP-003,Nils,Haddad,nils.haddad942@mail.com,CTY-GOT,SWE,2024-05-21,PLAN-UNLIMITED,true,active,2004
I,2026-04-01T00:00:00Z,RD-006663,OP-003,Ivan,Andersson,ivan.andersson32@proton.me,CTY-GOT,SWE,2025-05-18,PLAN-PAYG,true,active,2005
I,2026-04-01T00:00:00Z,RD-006664,OP-003,Tiago,Lopez,tiago.lopez554@outlook.com,CTY-GOT,SWE,2025-04-28,PLAN-PAYG,false,active,2006
I,2026-04-01T00:00:00Z,RD-006666,OP-003,Beatriz,Garcia,beatriz.garcia819@outlook.com,CTY-GOT,SWE,2025-07-12,PLAN-STUDENT,true,active,2007
I,2026-04-01T00:00:00Z,RD-006667,OP-003,Tiago,Costa,tiago.costa142@gmx.de,CTY-GOT,SWE,2025-01-07,PLAN-STUDENT,true,active,1983
I,2026-04-01T00:00:00Z,RD-006669,OP-003,Freja,Novak,freja.novak13@gmx.de,CTY-GOT,SWE,2025-02-21,PLAN-PAYG,true,active,1999
I,2026-04-01T00:00:00Z,RD-006670,OP-003,Elin,Haddad,elin.haddad217@outlook.com,CTY-GOT,SWE,2024-09-24,PLAN-COMMUTE,true,active,1983
I,2026-04-01T00:00:00Z,RD-006671,OP-003,Ines,Novak,ines.novak159@gmx.de,CTY-GOT,SWE,2024-06-15,PLAN-STUDENT,true,active,1972
I,2026-04-01T00:00:00Z,RD-006672,OP-003,Pablo,Moreno,pablo.moreno400@proton.me,CTY-GOT,SWE,2026-02-05,PLAN-TOURIST,true,active,1972
I,2026-04-01T00:00:00Z,RD-006673,OP-003,Yasmin,Roux,yasmin.roux187@outlook.com,CTY-GOT,SWE,2025-12-18,PLAN-UNLIMITED,true,active,1978
I,2026-04-01T00:00:00Z,RD-006674,OP-003,Rui,Bernard,rui.bernard910@proton.me,CTY-GOT,SWE,2024-12-24,PLAN-UNLIMITED,true,active,2007
I,2026-04-01T00:00:00Z,RD-006675,OP-003,Emil,Roux,emil.roux958@gmx.de,CTY-GOT,SWE,2026-02-22,PLAN-TOURIST,true,active,1986
I,2026-04-01T00:00:00Z,RD-006676,OP-003,Antoine,Lopez,antoine.lopez324@correo.es,CTY-GOT,SWE,2024-03-11,PLAN-COMMUTE,true,active,1986
I,2026-04-01T00:00:00Z,RD-006677,OP-003,Freja,Weber,freja.weber313@gmx.de,CTY-GOT,SWE,2026-03-02,PLAN-COMMUTE,false,active,1991
I,2026-04-01T00:00:00Z,RD-006678,OP-003,Chloe,Nilsson,chloe.nilsson302@correo.es,CTY-GOT,SWE,2024-08-26,PLAN-PAYG,false,active,1997
I,2026-04-01T00:00:00Z,RD-006679,OP-003,Thomas,Weber,thomas.weber821@proton.me,CTY-GOT,SWE,2024-12-15,PLAN-PAYG,true,active,1968
I,2026-04-01T00:00:00Z,RD-006680,OP-003,Manon,Silva,manon.silva576@mail.com,CTY-GOT,SWE,2025-02-12,PLAN-UNLIMITED,true,active,2000
I,2026-04-01T00:00:00Z,RD-006681,OP-003,Freja,Nilsson,freja.nilsson450@outlook.com,CTY-GOT,SWE,2025-01-13,PLAN-PAYG,false,active,1988
I,2026-04-01T00:00:00Z,RD-006682,OP-003,Marta,Weber,marta.weber483@outlook.com,CTY-GOT,SWE,2024-03-18,PLAN-PAYG,false,active,1968
I,2026-04-01T00:00:00Z,RD-006683,OP-003,Karim,Nilsson,karim.nilsson233@mail.com,CTY-GOT,SWE,2025-04-27,PLAN-PAYG,true,active,1971
I,2026-04-01T00:00:00Z,RD-006684,OP-003,Astrid,Benali,astrid.benali717@correo.es,CTY-GOT,SWE,2025-12-30,PLAN-CORP,false,active,1974
I,2026-04-01T00:00:00Z,RD-006685,OP-003,Marta,Moreno,marta.moreno438@outlook.com,CTY-GOT,SWE,2025-09-20,PLAN-COMMUTE,false,active,1987
I,2026-04-01T00:00:00Z,RD-006687,OP-003,Freja,Silva,freja.silva560@outlook.com,CTY-GOT,SWE,2025-12-10,PLAN-PAYG,false,active,1997
I,2026-04-01T00:00:00Z,RD-006688,OP-003,Diego,Nilsson,diego.nilsson571@mail.com,CTY-GOT,SWE,2025-12-06,PLAN-COMMUTE,false,active,1968
I,2026-04-01T00:00:00Z,RD-006689,OP-003,Yasmin,Nilsson,yasmin.nilsson363@gmx.de,CTY-GOT,SWE,2025-08-12,PLAN-CORP,false,active,1974
I,2026-04-01T00:00:00Z,RD-006690,OP-003,Tiago,Lopez,tiago.lopez735@proton.me,CTY-GOT,SWE,2025-03-10,PLAN-COMMUTE,false,active,2003
I,2026-04-01T00:00:00Z,RD-006691,OP-003,Aina,Bernard,aina.bernard86@correo.es,CTY-GOT,SWE,2025-03-10,PLAN-COMMUTE,true,active,2002
I,2026-04-01T00:00:00Z,RD-006693,OP-003,Chloe,Novak,chloe.novak798@outlook.com,CTY-GOT,SWE,2024-10-17,PLAN-PAYG,false,active,1987
I,2026-04-01T00:00:00Z,RD-006694,OP-003,Ines,Dubois,ines.dubois376@outlook.com,CTY-GOT,SWE,2025-01-27,PLAN-UNLIMITED,false,active,1993
I,2026-04-01T00:00:00Z,RD-006695,OP-003,Pablo,Roux,pablo.roux691@proton.me,CTY-GOT,SWE,2024-03-23,PLAN-PAYG,true,active,1979
I,2026-04-01T00:00:00Z,RD-006696,OP-003,Joan,Haddad,joan.haddad589@outlook.com,CTY-GOT,SWE,2025-10-10,PLAN-PAYG,false,active,1969
I,2026-04-01T00:00:00Z,RD-006697,OP-003,Lucia,Fischer,lucia.fischer974@correo.es,CTY-GOT,SWE,2025-03-05,PLAN-STUDENT,false,active,1979
I,2026-04-01T00:00:00Z,RD-006698,OP-003,Joan,Pereira,joan.pereira36@outlook.com,CTY-GOT,SWE,2024-04-30,PLAN-PAYG,false,active,1973
I,2026-04-01T00:00:00Z,RD-006699,OP-003,Nils,Benali,nils.benali946@proton.me,CTY-GOT,SWE,2025-03-05,PLAN-PAYG,false,active,1994
I,2026-04-01T00:00:00Z,RD-006701,OP-003,Nora,Lopez,nora.lopez530@correo.es,CTY-GOT,SWE,2026-03-26,PLAN-PAYG,false,active,1999
I,2026-04-01T00:00:00Z,RD-006702,OP-003,Ines,Lopez,ines.lopez46@proton.me,CTY-GOT,SWE,2024-02-17,PLAN-PAYG,false,active,1972
I,2026-04-01T00:00:00Z,RD-006703,OP-003,Nils,Dubois,nils.dubois989@proton.me,CTY-GOT,SWE,2025-01-14,PLAN-COMMUTE,false,active,2008
I,2026-04-01T00:00:00Z,RD-006704,OP-003,Chloe,Dubois,chloe.dubois75@correo.es,CTY-GOT,SWE,2024-01-16,PLAN-COMMUTE,true,active,2005
I,2026-04-01T00:00:00Z,RD-006705,OP-003,Manon,Haddad,manon.haddad703@gmx.de,CTY-GOT,SWE,2024-09-18,PLAN-PAYG,false,active,1979
I,2026-04-01T00:00:00Z,RD-006706,OP-003,Freja,Garcia,freja.garcia360@mail.com,CTY-GOT,SWE,2024-04-20,PLAN-PAYG,false,active,1984
I,2026-04-01T00:00:00Z,RD-006707,OP-003,Omar,Serra,omar.serra52@mail.com,CTY-GOT,SWE,2024-07-24,PLAN-PAYG,false,active,1992
I,2026-04-01T00:00:00Z,RD-006708,OP-003,Chloe,Novak,chloe.novak547@gmx.de,CTY-GOT,SWE,2025-02-13,PLAN-COMMUTE,true,active,1971
I,2026-04-01T00:00:00Z,RD-006709,OP-003,Karim,Vidal,karim.vidal19@proton.me,CTY-GOT,SWE,2024-02-23,PLAN-UNLIMITED,false,active,2008
I,2026-04-01T00:00:00Z,RD-006710,OP-003,Louis,Benali,louis.benali463@gmx.de,CTY-GOT,SWE,2025-10-24,PLAN-COMMUTE,false,active,1979
I,2026-04-01T00:00:00Z,RD-006711,OP-003,Aina,Novak,aina.novak675@mail.com,CTY-GOT,SWE,2025-06-03,PLAN-PAYG,false,active,1971
I,2026-04-01T00:00:00Z,RD-006712,OP-003,Marta,Rossi,marta.rossi953@outlook.com,CTY-GOT,SWE,2026-01-21,PLAN-PAYG,true,active,1966
I,2026-04-01T00:00:00Z,RD-006715,OP-003,Freja,Vidal,freja.vidal496@mail.com,CTY-GOT,SWE,2025-03-20,PLAN-PAYG,true,active,1978
I,2026-04-01T00:00:00Z,RD-006716,OP-003,Freja,Rossi,freja.rossi904@proton.me,CTY-GOT,SWE,2024-08-19,PLAN-STUDENT,true,active,2005
I,2026-04-01T00:00:00Z,RD-006717,OP-003,Camille,Conti,camille.conti426@gmx.de,CTY-GOT,SWE,2025-11-17,PLAN-PAYG,true,active,1976
I,2026-04-01T00:00:00Z,RD-006718,OP-003,Nils,Fischer,nils.fischer172@correo.es,CTY-GOT,SWE,2024-06-16,PLAN-CORP,true,active,1996
I,2026-04-01T00:00:00Z,RD-006719,OP-003,Freja,Lopez,freja.lopez103@correo.es,CTY-GOT,SWE,2024-05-22,PLAN-UNLIMITED,false,active,1963
I,2026-04-01T00:00:00Z,RD-006721,OP-003,Nora,Nilsson,nora.nilsson712@gmx.de,CTY-GOT,SWE,2024-03-14,PLAN-PAYG,true,active,1978
I,2026-04-01T00:00:00Z,RD-006722,OP-003,Chloe,Dubois,chloe.dubois480@outlook.com,CTY-GOT,SWE,2026-01-28,PLAN-COMMUTE,false,active,1975
I,2026-04-01T00:00:00Z,RD-006723,OP-003,Diego,Nilsson,diego.nilsson687@proton.me,CTY-GOT,SWE,2024-04-25,PLAN-STUDENT,false,active,1989
I,2026-04-01T00:00:00Z,RD-006724,OP-003,Karim,Almeida,karim.almeida408@correo.es,CTY-GOT,SWE,2025-09-06,PLAN-PAYG,true,active,1977
I,2026-04-01T00:00:00Z,RD-006725,OP-003,Beatriz,Serra,beatriz.serra118@outlook.com,CTY-GOT,SWE,2024-01-11,PLAN-PAYG,false,active,1967
I,2026-04-01T00:00:00Z,RD-006727,OP-003,Astrid,Vidal,astrid.vidal695@mail.com,CTY-GOT,SWE,2025-05-02,PLAN-UNLIMITED,false,active,2004
I,2026-04-01T00:00:00Z,RD-006728,OP-003,Lucia,Conti,lucia.conti866@outlook.com,CTY-GOT,SWE,2024-08-17,PLAN-PAYG,true,active,2000
I,2026-04-01T00:00:00Z,RD-006729,OP-003,Marta,Berg,marta.berg90@proton.me,CTY-GOT,SWE,2025-06-06,PLAN-COMMUTE,false,active,1973
I,2026-04-01T00:00:00Z,RD-006730,OP-003,Rui,Lopez,rui.lopez11@gmx.de,CTY-GOT,SWE,2024-09-05,PLAN-PAYG,true,active,1967
I,2026-04-01T00:00:00Z,RD-006731,OP-003,Tiago,Costa,tiago.costa359@correo.es,CTY-GOT,SWE,2026-03-01,PLAN-PAYG,true,active,1967
I,2026-04-01T00:00:00Z,RD-006732,OP-003,Manon,Roux,manon.roux360@proton.me,CTY-GOT,SWE,2025-02-07,PLAN-PAYG,true,active,1973
I,2026-04-01T00:00:00Z,RD-006733,OP-003,Sofia,Moreno,sofia.moreno947@gmx.de,CTY-GOT,SWE,2025-02-02,PLAN-COMMUTE,true,active,1995
I,2026-04-01T00:00:00Z,RD-006734,OP-003,Diego,Moreno,diego.moreno581@gmx.de,CTY-GOT,SWE,2025-11-23,PLAN-STUDENT,true,active,1972
I,2026-04-01T00:00:00Z,RD-006735,OP-003,Hugo,Berg,hugo.berg897@gmx.de,CTY-GOT,SWE,2025-12-08,PLAN-PAYG,false,active,1963
I,2026-04-01T00:00:00Z,RD-006736,OP-003,Chloe,Conti,chloe.conti873@gmx.de,CTY-GOT,SWE,2024-03-28,PLAN-COMMUTE,true,active,2006
I,2026-04-01T00:00:00Z,RD-006737,OP-003,Aina,Vidal,aina.vidal503@proton.me,CTY-GOT,SWE,2025-08-28,PLAN-COMMUTE,false,active,1996
I,2026-04-01T00:00:00Z,RD-006738,OP-003,Freja,Lopez,freja.lopez961@outlook.com,CTY-GOT,SWE,2026-02-05,PLAN-PAYG,false,active,2006
I,2026-04-01T00:00:00Z,RD-006739,OP-003,Beatriz,Moreno,beatriz.moreno825@mail.com,CTY-GOT,SWE,2024-06-29,PLAN-STUDENT,false,active,1972
I,2026-04-01T00:00:00Z,RD-006740,OP-003,Sofia,Costa,sofia.costa799@gmx.de,CTY-GOT,SWE,2024-03-03,PLAN-PAYG,true,active,1965
I,2026-04-01T00:00:00Z,RD-006741,OP-003,Ines,Novak,ines.novak117@proton.me,CTY-GOT,SWE,2025-02-27,PLAN-UNLIMITED,true,active,1995
I,2026-04-01T00:00:00Z,RD-006742,OP-003,Emil,Moreno,emil.moreno985@outlook.com,CTY-GOT,SWE,2024-08-17,PLAN-COMMUTE,false,active,1974
I,2026-04-01T00:00:00Z,RD-006743,OP-003,Aina,Berg,aina.berg911@gmx.de,CTY-GOT,SWE,2024-03-01,PLAN-PAYG,true,active,1989
I,2026-04-01T00:00:00Z,RD-006744,OP-003,Oskar,Haddad,oskar.haddad192@gmx.de,CTY-GOT,SWE,2025-08-17,PLAN-PAYG,false,active,2008
I,2026-04-01T00:00:00Z,RD-006746,OP-003,Sofia,Rossi,sofia.rossi976@outlook.com,CTY-GOT,SWE,2025-08-12,PLAN-PAYG,true,active,1966
I,2026-04-01T00:00:00Z,RD-006747,OP-003,Thomas,Dubois,thomas.dubois666@correo.es,CTY-GOT,SWE,2024-03-28,PLAN-PAYG,true,active,2006
I,2026-04-01T00:00:00Z,RD-006748,OP-003,Nils,Conti,nils.conti95@proton.me,CTY-GOT,SWE,2025-05-15,PLAN-UNLIMITED,false,active,1973
I,2026-04-01T00:00:00Z,RD-006749,OP-003,Yasmin,Martin,yasmin.martin749@gmx.de,CTY-GOT,SWE,2024-05-28,PLAN-PAYG,true,active,1988
I,2026-04-01T00:00:00Z,RD-006750,OP-003,Hugo,Moreno,hugo.moreno14@outlook.com,CTY-GOT,SWE,2024-07-30,PLAN-PAYG,true,active,1963
I,2026-04-01T00:00:00Z,RD-006751,OP-003,Manon,Fischer,manon.fischer89@gmx.de,CTY-GOT,SWE,2025-08-15,PLAN-COMMUTE,true,active,1998
I,2026-04-01T00:00:00Z,RD-006752,OP-003,Ivan,Roux,ivan.roux864@mail.com,CTY-GOT,SWE,2024-09-18,PLAN-COMMUTE,true,active,1967
I,2026-04-01T00:00:00Z,RD-006753,OP-003,Louis,Lopez,louis.lopez609@correo.es,CTY-GOT,SWE,2025-06-12,PLAN-PAYG,false,active,1976
I,2026-04-01T00:00:00Z,RD-006754,OP-003,Lucia,Lindqvist,lucia.lindqvist582@outlook.com,CTY-GOT,SWE,2024-05-26,PLAN-PAYG,true,active,1995
I,2026-04-01T00:00:00Z,RD-006755,OP-003,Astrid,Dubois,astrid.dubois42@gmx.de,CTY-GOT,SWE,2026-02-05,PLAN-PAYG,true,active,1994
I,2026-04-01T00:00:00Z,RD-006756,OP-003,Emil,Kowalski,emil.kowalski760@outlook.com,CTY-GOT,SWE,2024-01-24,PLAN-PAYG,false,active,2005
I,2026-04-01T00:00:00Z,RD-006757,OP-003,Thomas,Dubois,thomas.dubois162@proton.me,CTY-GOT,SWE,2024-10-15,PLAN-UNLIMITED,true,active,2000
I,2026-04-01T00:00:00Z,RD-006758,OP-003,Nadia,Dubois,nadia.dubois153@gmx.de,CTY-GOT,SWE,2025-01-12,PLAN-PAYG,true,active,1974
I,2026-04-01T00:00:00Z,RD-006759,OP-003,Omar,Bernard,omar.bernard972@mail.com,CTY-GOT,SWE,2024-11-11,PLAN-PAYG,false,active,2002
I,2026-04-01T00:00:00Z,RD-006760,OP-003,Camille,Berg,camille.berg660@gmx.de,CTY-GOT,SWE,2025-11-19,PLAN-STUDENT,true,active,1999
I,2026-04-01T00:00:00Z,RD-006761,OP-003,Oskar,Berg,oskar.berg688@correo.es,CTY-GOT,SWE,2024-06-23,PLAN-PAYG,false,active,1964
I,2026-04-01T00:00:00Z,RD-006762,OP-003,Hugo,Costa,hugo.costa519@gmx.de,CTY-GOT,SWE,2025-10-30,PLAN-COMMUTE,true,active,1962
I,2026-04-01T00:00:00Z,RD-006763,OP-003,Ines,Bernard,ines.bernard836@mail.com,CTY-GOT,SWE,2025-10-10,PLAN-PAYG,true,active,1995
I,2026-04-01T00:00:00Z,RD-006764,OP-003,Louis,Dubois,louis.dubois250@mail.com,CTY-GOT,SWE,2024-11-28,PLAN-PAYG,false,active,1980
I,2026-04-01T00:00:00Z,RD-006765,OP-003,Louis,Almeida,louis.almeida764@proton.me,CTY-GOT,SWE,2025-07-26,PLAN-COMMUTE,false,active,1978
I,2026-04-01T00:00:00Z,RD-006766,OP-003,Emil,Martin,emil.martin242@outlook.com,CTY-GOT,SWE,2024-12-04,PLAN-COMMUTE,true,active,1990
I,2026-04-01T00:00:00Z,RD-006767,OP-003,Antoine,Pereira,antoine.pereira195@correo.es,CTY-GOT,SWE,2025-01-12,PLAN-PAYG,true,active,2007
I,2026-04-01T00:00:00Z,RD-006768,OP-003,Pablo,Garcia,pablo.garcia959@mail.com,CTY-GOT,SWE,2025-11-10,PLAN-COMMUTE,true,active,1969
I,2026-04-01T00:00:00Z,RD-006769,OP-003,Rui,Bernard,rui.bernard492@gmx.de,CTY-GOT,SWE,2026-03-19,PLAN-COMMUTE,false,active,1988
I,2026-04-01T00:00:00Z,RD-006770,OP-003,Beatriz,Weber,beatriz.weber430@outlook.com,CTY-GOT,SWE,2024-04-02,PLAN-COMMUTE,false,active,2005
I,2026-04-01T00:00:00Z,RD-006771,OP-003,Louis,Lopez,louis.lopez118@outlook.com,CTY-GOT,SWE,2025-09-22,PLAN-PAYG,true,active,2002
I,2026-04-01T00:00:00Z,RD-006772,OP-003,Sofia,Berg,sofia.berg708@proton.me,CTY-GOT,SWE,2025-09-05,PLAN-PAYG,true,active,1977
I,2026-04-01T00:00:00Z,RD-006773,OP-003,Thomas,Garcia,thomas.garcia67@outlook.com,CTY-GOT,SWE,2025-03-11,PLAN-PAYG,false,active,2003
I,2026-04-01T00:00:00Z,RD-006775,OP-003,Karim,Pereira,karim.pereira123@outlook.com,CTY-GOT,SWE,2025-04-20,PLAN-PAYG,false,active,2007
I,2026-04-01T00:00:00Z,RD-006777,OP-003,Emil,Costa,emil.costa670@outlook.com,CTY-GOT,SWE,2025-06-30,PLAN-COMMUTE,true,active,2008
I,2026-04-01T00:00:00Z,RD-006778,OP-003,Sofia,Andersson,sofia.andersson951@gmx.de,CTY-GOT,SWE,2025-09-08,PLAN-UNLIMITED,true,active,1977
I,2026-04-01T00:00:00Z,RD-006779,OP-003,Nora,Lindqvist,nora.lindqvist956@proton.me,CTY-GOT,SWE,2026-01-02,PLAN-COMMUTE,false,active,1979
I,2026-04-01T00:00:00Z,RD-006780,OP-003,Nora,Vidal,nora.vidal426@outlook.com,CTY-GOT,SWE,2024-10-09,PLAN-PAYG,false,active,1969
I,2026-04-01T00:00:00Z,RD-006781,OP-003,Nils,Benali,nils.benali812@correo.es,CTY-GOT,SWE,2025-06-12,PLAN-COMMUTE,false,active,1992
I,2026-04-01T00:00:00Z,RD-006782,OP-003,Emil,Fischer,emil.fischer316@correo.es,CTY-GOT,SWE,2024-02-24,PLAN-UNLIMITED,false,active,1969
I,2026-04-01T00:00:00Z,RD-006783,OP-003,Ines,Bernard,ines.bernard146@proton.me,CTY-GOT,SWE,2024-10-06,PLAN-STUDENT,false,active,2008
I,2026-04-01T00:00:00Z,RD-006784,OP-003,Rui,Pereira,rui.pereira952@gmx.de,CTY-GOT,SWE,2024-10-15,PLAN-PAYG,true,active,2000
I,2026-04-01T00:00:00Z,RD-006785,OP-003,Karim,Serra,karim.serra895@correo.es,CTY-GOT,SWE,2024-01-19,PLAN-CORP,false,active,1989
I,2026-04-01T00:00:00Z,RD-006786,OP-003,Omar,Benali,omar.benali380@gmx.de,CTY-GOT,SWE,2026-01-28,PLAN-UNLIMITED,false,active,1962
I,2026-04-01T00:00:00Z,RD-006787,OP-003,Nils,Almeida,nils.almeida606@gmx.de,CTY-GOT,SWE,2025-08-31,PLAN-PAYG,true,active,1972
I,2026-04-01T00:00:00Z,RD-006788,OP-003,Ines,Andersson,ines.andersson6@outlook.com,CTY-GOT,SWE,2024-08-25,PLAN-PAYG,true,active,2003
I,2026-04-01T00:00:00Z,RD-006789,OP-003,Louis,Roux,louis.roux667@correo.es,CTY-GOT,SWE,2024-04-26,PLAN-COMMUTE,true,active,2008
I,2026-04-01T00:00:00Z,RD-006790,OP-003,Marta,Serra,marta.serra830@gmx.de,CTY-GOT,SWE,2024-01-30,PLAN-CORP,false,active,1990
I,2026-04-01T00:00:00Z,RD-006791,OP-003,Nadia,Serra,nadia.serra440@mail.com,CTY-GOT,SWE,2025-07-03,PLAN-PAYG,true,active,1966
I,2026-04-01T00:00:00Z,RD-006792,OP-003,Tiago,Pereira,tiago.pereira906@correo.es,CTY-GOT,SWE,2024-04-20,PLAN-CORP,false,active,2005
I,2026-04-01T00:00:00Z,RD-006793,OP-003,Sofia,Ferrer,sofia.ferrer341@outlook.com,CTY-GOT,SWE,2025-08-29,PLAN-PAYG,false,active,1966
I,2026-04-01T00:00:00Z,RD-006794,OP-003,Ines,Nilsson,ines.nilsson506@proton.me,CTY-GOT,SWE,2025-10-21,PLAN-PAYG,true,active,1977
I,2026-04-01T00:00:00Z,RD-006795,OP-003,Antoine,Moreno,antoine.moreno310@outlook.com,CTY-GOT,SWE,2025-06-25,PLAN-PAYG,false,active,1966
I,2026-04-01T00:00:00Z,RD-006796,OP-003,Freja,Lindqvist,freja.lindqvist321@gmx.de,CTY-GOT,SWE,2025-06-23,PLAN-PAYG,true,active,1976
I,2026-04-01T00:00:00Z,RD-006797,OP-003,Nils,Pereira,nils.pereira6@correo.es,CTY-GOT,SWE,2025-11-10,PLAN-PAYG,true,active,2008
I,2026-04-01T00:00:00Z,RD-006798,OP-003,Antoine,Lopez,antoine.lopez674@correo.es,CTY-GOT,SWE,2025-08-10,PLAN-TOURIST,true,active,1969
I,2026-04-01T00:00:00Z,RD-006799,OP-003,Karim,Roux,karim.roux588@mail.com,CTY-GOT,SWE,2025-07-01,PLAN-PAYG,false,active,1966
I,2026-04-01T00:00:00Z,RD-006800,OP-003,Marta,Vidal,marta.vidal19@gmx.de,CTY-GOT,SWE,2025-09-17,PLAN-UNLIMITED,true,active,1978
I,2026-04-01T00:00:00Z,RD-006801,OP-003,Astrid,Novak,astrid.novak53@gmx.de,CTY-GOT,SWE,2025-11-14,PLAN-PAYG,true,active,1975
I,2026-04-01T00:00:00Z,RD-006802,OP-003,Joan,Haddad,joan.haddad759@proton.me,CTY-GOT,SWE,2025-08-13,PLAN-PAYG,false,active,2008
I,2026-04-01T00:00:00Z,RD-006803,OP-003,Sofia,Andersson,sofia.andersson395@gmx.de,CTY-GOT,SWE,2025-10-20,PLAN-PAYG,true,active,2001
I,2026-04-01T00:00:00Z,RD-006804,OP-003,Elin,Berg,elin.berg990@proton.me,CTY-GOT,SWE,2024-07-29,PLAN-PAYG,true,active,1962
I,2026-04-01T00:00:00Z,RD-006805,OP-003,Joan,Lindqvist,joan.lindqvist468@mail.com,CTY-GOT,SWE,2024-10-05,PLAN-PAYG,false,active,1971
I,2026-04-01T00:00:00Z,RD-006806,OP-003,Ivan,Nilsson,ivan.nilsson375@correo.es,CTY-GOT,SWE,2024-06-29,PLAN-COMMUTE,true,active,1969
I,2026-04-01T00:00:00Z,RD-006808,OP-003,Pablo,Lopez,pablo.lopez138@mail.com,CTY-GOT,SWE,2024-12-18,PLAN-PAYG,true,active,1996
I,2026-04-01T00:00:00Z,RD-006809,OP-003,Emil,Conti,emil.conti311@proton.me,CTY-GOT,SWE,2024-04-10,PLAN-PAYG,false,active,2003
I,2026-04-01T00:00:00Z,RD-006810,OP-003,Ivan,Dubois,ivan.dubois647@gmx.de,CTY-GOT,SWE,2024-02-08,PLAN-COMMUTE,true,active,2002
I,2026-04-01T00:00:00Z,RD-006811,OP-003,Louis,Martin,louis.martin721@gmx.de,CTY-GOT,SWE,2025-04-11,PLAN-PAYG,true,active,1985
I,2026-04-01T00:00:00Z,RD-006812,OP-003,Ivan,Silva,ivan.silva439@correo.es,CTY-GOT,SWE,2024-09-26,PLAN-PAYG,false,active,1991
I,2026-04-01T00:00:00Z,RD-006813,OP-003,Manon,Almeida,manon.almeida626@proton.me,CTY-GOT,SWE,2024-02-27,PLAN-PAYG,true,active,1998
I,2026-04-01T00:00:00Z,RD-006814,OP-003,Omar,Lopez,omar.lopez111@outlook.com,CTY-GOT,SWE,2025-01-24,PLAN-PAYG,true,active,1985
I,2026-04-01T00:00:00Z,RD-006815,OP-003,Pablo,Nilsson,pablo.nilsson890@gmx.de,CTY-GOT,SWE,2026-03-16,PLAN-COMMUTE,false,active,1965
I,2026-04-01T00:00:00Z,RD-006816,OP-003,Joan,Nilsson,joan.nilsson823@proton.me,CTY-GOT,SWE,2025-09-11,PLAN-PAYG,true,active,1997
I,2026-04-01T00:00:00Z,RD-006817,OP-003,Sofia,Almeida,sofia.almeida687@gmx.de,CTY-GOT,SWE,2024-10-04,PLAN-COMMUTE,false,active,1986
I,2026-04-01T00:00:00Z,RD-006819,OP-003,Hugo,Lindqvist,hugo.lindqvist84@gmx.de,CTY-GOT,SWE,2024-02-16,PLAN-PAYG,true,active,1980
I,2026-04-01T00:00:00Z,RD-006820,OP-003,Marta,Novak,marta.novak495@proton.me,CTY-GOT,SWE,2024-01-27,PLAN-PAYG,false,active,1972
I,2026-04-01T00:00:00Z,RD-006821,OP-003,Marta,Moreno,marta.moreno471@correo.es,CTY-GOT,SWE,2024-04-21,PLAN-COMMUTE,true,active,1999
I,2026-04-01T00:00:00Z,RD-006822,OP-003,Diego,Lindqvist,diego.lindqvist26@outlook.com,CTY-GOT,SWE,2024-07-10,PLAN-UNLIMITED,false,active,1967
I,2026-04-01T00:00:00Z,RD-006823,OP-003,Louis,Benali,louis.benali475@proton.me,CTY-GOT,SWE,2025-01-03,PLAN-COMMUTE,false,active,1975
I,2026-04-01T00:00:00Z,RD-006824,OP-003,Diego,Moreno,diego.moreno984@proton.me,CTY-GOT,SWE,2024-09-02,PLAN-PAYG,true,active,2007
I,2026-04-01T00:00:00Z,RD-006825,OP-003,Chloe,Dubois,chloe.dubois102@correo.es,CTY-GOT,SWE,2025-05-19,PLAN-PAYG,true,active,1994
I,2026-04-01T00:00:00Z,RD-006826,OP-003,Astrid,Dubois,astrid.dubois527@outlook.com,CTY-GOT,SWE,2025-05-24,PLAN-PAYG,false,active,1972
I,2026-04-01T00:00:00Z,RD-006827,OP-003,Elin,Roux,elin.roux829@gmx.de,CTY-GOT,SWE,2024-09-09,PLAN-PAYG,false,active,1969
I,2026-04-01T00:00:00Z,RD-006828,OP-003,Elin,Berg,elin.berg255@proton.me,CTY-GOT,SWE,2024-10-25,PLAN-UNLIMITED,false,active,1977
I,2026-04-01T00:00:00Z,RD-006829,OP-003,Tiago,Martin,tiago.martin241@mail.com,CTY-GOT,SWE,2024-10-20,PLAN-TOURIST,false,active,1997
I,2026-04-01T00:00:00Z,RD-006830,OP-003,Manon,Almeida,manon.almeida872@gmx.de,CTY-GOT,SWE,2025-03-12,PLAN-COMMUTE,false,active,1981
I,2026-04-01T00:00:00Z,RD-006832,OP-003,Nora,Lindqvist,nora.lindqvist717@proton.me,CTY-GOT,SWE,2024-12-05,PLAN-COMMUTE,true,active,1968
I,2026-04-01T00:00:00Z,RD-006833,OP-003,Elin,Costa,elin.costa559@mail.com,CTY-GOT,SWE,2025-06-25,PLAN-UNLIMITED,true,active,1998
I,2026-04-01T00:00:00Z,RD-006834,OP-003,Elin,Bernard,elin.bernard356@mail.com,CTY-GOT,SWE,2024-10-05,PLAN-COMMUTE,true,active,2000
I,2026-04-01T00:00:00Z,RD-006835,OP-003,Freja,Costa,freja.costa867@gmx.de,CTY-GOT,SWE,2024-02-17,PLAN-PAYG,true,active,2000
I,2026-04-01T00:00:00Z,RD-006836,OP-003,Tiago,Costa,tiago.costa562@correo.es,CTY-GOT,SWE,2025-02-09,PLAN-UNLIMITED,true,active,1984
I,2026-04-01T00:00:00Z,RD-006837,OP-003,Pablo,Bernard,pablo.bernard31@correo.es,CTY-GOT,SWE,2024-11-11,PLAN-PAYG,false,active,1978
I,2026-04-01T00:00:00Z,RD-006838,OP-003,Camille,Martin,camille.martin934@gmx.de,CTY-GOT,SWE,2024-05-07,PLAN-PAYG,false,active,1963
I,2026-04-01T00:00:00Z,RD-006839,OP-003,Ivan,Novak,ivan.novak251@proton.me,CTY-GOT,SWE,2025-08-12,PLAN-PAYG,false,active,1964
I,2026-04-01T00:00:00Z,RD-006840,OP-003,Aina,Moreno,aina.moreno355@gmx.de,CTY-GOT,SWE,2024-10-02,PLAN-COMMUTE,true,active,2002
I,2026-04-01T00:00:00Z,RD-006841,OP-003,Camille,Weber,camille.weber27@proton.me,CTY-GOT,SWE,2025-02-02,PLAN-PAYG,false,active,2002
I,2026-04-01T00:00:00Z,RD-006842,OP-003,Beatriz,Andersson,beatriz.andersson421@proton.me,CTY-GOT,SWE,2025-03-09,PLAN-UNLIMITED,true,active,1981
I,2026-04-01T00:00:00Z,RD-006844,OP-003,Nora,Conti,nora.conti368@gmx.de,CTY-GOT,SWE,2024-09-24,PLAN-COMMUTE,true,active,1988
I,2026-04-01T00:00:00Z,RD-006845,OP-003,Hugo,Fischer,hugo.fischer615@correo.es,CTY-GOT,SWE,2024-03-23,PLAN-PAYG,true,active,2005
I,2026-04-01T00:00:00Z,RD-006846,OP-003,Lucia,Rossi,lucia.rossi121@mail.com,CTY-GOT,SWE,2024-05-07,PLAN-PAYG,false,active,1992
I,2026-04-01T00:00:00Z,RD-006847,OP-003,Nora,Conti,nora.conti27@mail.com,CTY-GOT,SWE,2025-07-15,PLAN-CORP,false,active,1997
I,2026-04-01T00:00:00Z,RD-006848,OP-003,Rui,Fischer,rui.fischer880@outlook.com,CTY-GOT,SWE,2024-04-06,PLAN-COMMUTE,false,active,1962
I,2026-04-01T00:00:00Z,RD-006849,OP-003,Chloe,Pereira,chloe.pereira522@outlook.com,CTY-GOT,SWE,2025-03-16,PLAN-PAYG,true,active,1974
I,2026-04-01T00:00:00Z,RD-006850,OP-003,Lucia,Pereira,lucia.pereira556@correo.es,CTY-GOT,SWE,2025-09-03,PLAN-PAYG,true,active,2004
I,2026-04-01T00:00:00Z,RD-006851,OP-003,Hugo,Martin,hugo.martin621@mail.com,CTY-GOT,SWE,2024-10-27,PLAN-PAYG,false,active,1965
I,2026-04-01T00:00:00Z,RD-006852,OP-003,Oskar,Nilsson,oskar.nilsson236@gmx.de,CTY-GOT,SWE,2025-09-02,PLAN-PAYG,false,active,1992
I,2026-04-01T00:00:00Z,RD-006853,OP-003,Louis,Lindqvist,louis.lindqvist255@outlook.com,CTY-GOT,SWE,2024-10-15,PLAN-PAYG,true,active,1993
I,2026-04-01T00:00:00Z,RD-006854,OP-003,Hugo,Costa,hugo.costa93@gmx.de,CTY-GOT,SWE,2024-01-13,PLAN-COMMUTE,false,active,1995
I,2026-04-01T00:00:00Z,RD-006856,OP-003,Hugo,Garcia,hugo.garcia623@correo.es,CTY-GOT,SWE,2026-01-07,PLAN-PAYG,false,active,1965
I,2026-04-01T00:00:00Z,RD-006857,OP-003,Karim,Moreno,karim.moreno364@gmx.de,CTY-GOT,SWE,2025-06-03,PLAN-COMMUTE,false,active,1984
I,2026-04-01T00:00:00Z,RD-006858,OP-003,Joan,Costa,joan.costa95@proton.me,CTY-GOT,SWE,2025-07-10,PLAN-UNLIMITED,false,active,1967
I,2026-04-01T00:00:00Z,RD-006859,OP-003,Diego,Serra,diego.serra142@gmx.de,CTY-GOT,SWE,2025-03-05,PLAN-PAYG,false,active,1993
I,2026-04-01T00:00:00Z,RD-006861,OP-003,Camille,Serra,camille.serra915@gmx.de,CTY-GOT,SWE,2025-02-06,PLAN-COMMUTE,true,active,1982
I,2026-04-01T00:00:00Z,RD-006863,OP-003,Aina,Costa,aina.costa763@correo.es,CTY-GOT,SWE,2024-12-12,PLAN-PAYG,false,active,1999
I,2026-04-01T00:00:00Z,RD-006864,OP-003,Omar,Lopez,omar.lopez237@proton.me,CTY-GOT,SWE,2026-03-05,PLAN-PAYG,false,active,1988
I,2026-04-01T00:00:00Z,RD-006865,OP-003,Oskar,Almeida,oskar.almeida509@correo.es,CTY-GOT,SWE,2024-08-01,PLAN-CORP,true,active,1981
I,2026-04-01T00:00:00Z,RD-006866,OP-003,Tiago,Roux,tiago.roux62@mail.com,CTY-GOT,SWE,2025-09-24,PLAN-COMMUTE,true,active,1963
I,2026-04-01T00:00:00Z,RD-006867,OP-003,Hugo,Berg,hugo.berg74@correo.es,CTY-GOT,SWE,2026-03-20,PLAN-PAYG,false,active,1963
I,2026-04-01T00:00:00Z,RD-006868,OP-003,Freja,Almeida,freja.almeida383@outlook.com,CTY-GOT,SWE,2024-05-16,PLAN-PAYG,false,active,1996
I,2026-04-01T00:00:00Z,RD-006869,OP-003,Emil,Nilsson,emil.nilsson133@outlook.com,CTY-GOT,SWE,2024-04-09,PLAN-PAYG,false,active,1973
I,2026-04-01T00:00:00Z,RD-006870,OP-003,Lucia,Martin,lucia.martin809@proton.me,CTY-GOT,SWE,2024-06-28,PLAN-PAYG,true,active,1966
I,2026-04-01T00:00:00Z,RD-006871,OP-003,Chloe,Benali,chloe.benali760@gmx.de,CTY-GOT,SWE,2025-11-06,PLAN-TOURIST,false,active,1997
I,2026-04-01T00:00:00Z,RD-006872,OP-003,Thomas,Haddad,thomas.haddad89@correo.es,CTY-GOT,SWE,2025-11-18,PLAN-PAYG,true,active,1989
I,2026-04-01T00:00:00Z,RD-006873,OP-003,Lucia,Novak,lucia.novak778@outlook.com,CTY-GOT,SWE,2024-10-28,PLAN-COMMUTE,true,active,2002
I,2026-04-01T00:00:00Z,RD-006874,OP-003,Aina,Almeida,aina.almeida544@correo.es,CTY-GOT,SWE,2025-12-07,PLAN-PAYG,false,active,1967
I,2026-04-01T00:00:00Z,RD-006875,OP-003,Diego,Costa,diego.costa353@mail.com,CTY-GOT,SWE,2026-03-19,PLAN-COMMUTE,true,active,1975
I,2026-04-01T00:00:00Z,RD-006876,OP-003,Nora,Ferrer,nora.ferrer489@mail.com,CTY-GOT,SWE,2025-06-17,PLAN-PAYG,true,active,2007
I,2026-04-01T00:00:00Z,RD-006877,OP-003,Sofia,Serra,sofia.serra369@correo.es,CTY-GOT,SWE,2025-07-13,PLAN-PAYG,false,active,2001
I,2026-04-01T00:00:00Z,RD-006878,OP-003,Astrid,Novak,astrid.novak314@gmx.de,CTY-GOT,SWE,2024-10-11,PLAN-CORP,false,active,1975
I,2026-04-01T00:00:00Z,RD-006879,OP-003,Antoine,Kowalski,antoine.kowalski493@gmx.de,CTY-GOT,SWE,2024-09-24,PLAN-COMMUTE,false,active,1998
I,2026-04-01T00:00:00Z,RD-006880,OP-003,Pablo,Lindqvist,pablo.lindqvist73@gmx.de,CTY-GOT,SWE,2024-01-15,PLAN-PAYG,true,active,2008
I,2026-04-01T00:00:00Z,RD-006881,OP-003,Lucia,Novak,lucia.novak905@outlook.com,CTY-GOT,SWE,2024-12-25,PLAN-PAYG,true,active,1972
I,2026-04-01T00:00:00Z,RD-006882,OP-003,Nora,Pereira,nora.pereira575@outlook.com,CTY-GOT,SWE,2026-01-15,PLAN-PAYG,true,active,1994
I,2026-04-01T00:00:00Z,RD-006883,OP-003,Louis,Roux,louis.roux152@correo.es,CTY-GOT,SWE,2024-08-25,PLAN-UNLIMITED,true,active,1966
I,2026-04-01T00:00:00Z,RD-006884,OP-003,Ivan,Kowalski,ivan.kowalski170@correo.es,CTY-GOT,SWE,2025-12-28,PLAN-PAYG,false,active,1998
I,2026-04-01T00:00:00Z,RD-006885,OP-003,Louis,Fischer,louis.fischer20@correo.es,CTY-GOT,SWE,2025-04-05,PLAN-PAYG,false,active,1996
I,2026-04-01T00:00:00Z,RD-006887,OP-003,Sofia,Martin,sofia.martin193@mail.com,CTY-GOT,SWE,2025-05-07,PLAN-PAYG,false,active,1967
I,2026-04-01T00:00:00Z,RD-006888,OP-003,Sofia,Serra,sofia.serra367@proton.me,CTY-GOT,SWE,2025-03-25,PLAN-CORP,false,active,2005
I,2026-04-01T00:00:00Z,RD-006889,OP-003,Sofia,Weber,sofia.weber126@proton.me,CTY-GOT,SWE,2025-10-27,PLAN-COMMUTE,true,active,2003
I,2026-04-01T00:00:00Z,RD-006890,OP-003,Nora,Garcia,nora.garcia715@gmx.de,CTY-GOT,SWE,2024-12-12,PLAN-STUDENT,false,active,1987
I,2026-04-01T00:00:00Z,RD-006892,OP-003,Elin,Novak,elin.novak810@proton.me,CTY-GOT,SWE,2024-04-05,PLAN-PAYG,false,active,1978
I,2026-04-01T00:00:00Z,RD-006893,OP-003,Aina,Lopez,aina.lopez55@mail.com,CTY-GOT,SWE,2025-03-20,PLAN-PAYG,true,active,1981
I,2026-04-01T00:00:00Z,RD-006894,OP-003,Emil,Serra,emil.serra836@correo.es,CTY-GOT,SWE,2024-06-26,PLAN-COMMUTE,false,active,1983
I,2026-04-01T00:00:00Z,RD-006895,OP-003,Nora,Moreno,nora.moreno826@gmx.de,CTY-GOT,SWE,2025-12-24,PLAN-PAYG,false,active,1980
I,2026-04-01T00:00:00Z,RD-006896,OP-003,Nadia,Moreno,nadia.moreno801@gmx.de,CTY-GOT,SWE,2024-01-16,PLAN-PAYG,true,active,1963
I,2026-04-01T00:00:00Z,RD-006897,OP-003,Ines,Silva,ines.silva754@mail.com,CTY-GOT,SWE,2025-06-14,PLAN-COMMUTE,false,active,1972
I,2026-04-01T00:00:00Z,RD-006898,OP-003,Marta,Weber,marta.weber780@outlook.com,CTY-GOT,SWE,2025-04-22,PLAN-PAYG,true,active,2006
I,2026-04-01T00:00:00Z,RD-006899,OP-003,Rui,Haddad,rui.haddad631@proton.me,CTY-GOT,SWE,2025-10-06,PLAN-COMMUTE,false,active,1983
I,2026-04-01T00:00:00Z,RD-006900,OP-003,Thomas,Haddad,thomas.haddad104@mail.com,CTY-GOT,SWE,2024-08-19,PLAN-PAYG,false,active,1963
I,2026-04-01T00:00:00Z,RD-006901,OP-003,Karim,Kowalski,karim.kowalski532@mail.com,CTY-GOT,SWE,2025-04-15,PLAN-PAYG,false,active,2006
I,2026-04-01T00:00:00Z,RD-006903,OP-003,Emil,Ferrer,emil.ferrer921@proton.me,CTY-GOT,SWE,2025-06-22,PLAN-PAYG,false,active,1969
I,2026-04-01T00:00:00Z,RD-006904,OP-003,Thomas,Pereira,thomas.pereira207@outlook.com,CTY-GOT,SWE,2024-01-24,PLAN-TOURIST,false,active,1971
I,2026-04-01T00:00:00Z,RD-006905,OP-003,Camille,Bernard,camille.bernard307@mail.com,CTY-GOT,SWE,2025-09-18,PLAN-PAYG,false,active,1980
I,2026-04-01T00:00:00Z,RD-006906,OP-003,Omar,Rossi,omar.rossi963@mail.com,CTY-GOT,SWE,2025-01-11,PLAN-PAYG,false,active,1967
I,2026-04-01T00:00:00Z,RD-006907,OP-003,Pablo,Roux,pablo.roux83@proton.me,CTY-GOT,SWE,2024-04-03,PLAN-COMMUTE,false,active,1996
I,2026-04-01T00:00:00Z,RD-006908,OP-003,Emil,Andersson,emil.andersson573@gmx.de,CTY-GOT,SWE,2024-02-26,PLAN-PAYG,false,active,2001
I,2026-04-01T00:00:00Z,RD-006909,OP-003,Nadia,Almeida,nadia.almeida384@proton.me,CTY-GOT,SWE,2025-04-08,PLAN-COMMUTE,false,active,1998
I,2026-04-01T00:00:00Z,RD-006910,OP-003,Elin,Nilsson,elin.nilsson97@correo.es,CTY-GOT,SWE,2024-07-15,PLAN-COMMUTE,false,active,1973
I,2026-04-01T00:00:00Z,RD-006911,OP-003,Louis,Almeida,louis.almeida670@proton.me,CTY-GOT,SWE,2025-09-19,PLAN-COMMUTE,false,active,1991
I,2026-04-01T00:00:00Z,RD-006912,OP-003,Pablo,Lindqvist,pablo.lindqvist650@outlook.com,CTY-GOT,SWE,2025-10-12,PLAN-STUDENT,false,active,1963
I,2026-04-01T00:00:00Z,RD-006913,OP-003,Joan,Moreno,joan.moreno356@mail.com,CTY-GOT,SWE,2024-10-26,PLAN-COMMUTE,true,active,2008
I,2026-04-01T00:00:00Z,RD-006914,OP-003,Sofia,Novak,sofia.novak227@outlook.com,CTY-GOT,SWE,2024-06-27,PLAN-COMMUTE,true,active,1964
I,2026-04-01T00:00:00Z,RD-006915,OP-003,Nora,Roux,nora.roux749@proton.me,CTY-GOT,SWE,2024-10-29,PLAN-PAYG,true,active,1979
I,2026-04-01T00:00:00Z,RD-006916,OP-003,Marta,Haddad,marta.haddad898@correo.es,CTY-GOT,SWE,2025-12-16,PLAN-COMMUTE,false,active,1971
I,2026-04-01T00:00:00Z,RD-006917,OP-003,Nadia,Haddad,nadia.haddad358@outlook.com,CTY-GOT,SWE,2024-06-03,PLAN-COMMUTE,false,active,1974
I,2026-04-01T00:00:00Z,RD-006919,OP-003,Hugo,Rossi,hugo.rossi822@correo.es,CTY-GOT,SWE,2025-03-25,PLAN-STUDENT,true,active,1989
I,2026-04-01T00:00:00Z,RD-006920,OP-003,Freja,Dubois,freja.dubois902@outlook.com,CTY-GOT,SWE,2024-10-07,PLAN-COMMUTE,false,active,1998
I,2026-04-01T00:00:00Z,RD-006921,OP-003,Emil,Andersson,emil.andersson468@gmx.de,CTY-GOT,SWE,2024-09-03,PLAN-COMMUTE,false,active,1978
I,2026-04-01T00:00:00Z,RD-006922,OP-003,Oskar,Fischer,oskar.fischer971@outlook.com,CTY-GOT,SWE,2024-03-03,PLAN-COMMUTE,true,active,1962
I,2026-04-01T00:00:00Z,RD-006923,OP-003,Chloe,Almeida,chloe.almeida578@gmx.de,CTY-GOT,SWE,2024-05-22,PLAN-PAYG,false,active,1965
I,2026-04-01T00:00:00Z,RD-006924,OP-003,Sofia,Haddad,sofia.haddad153@outlook.com,CTY-GOT,SWE,2025-05-14,PLAN-PAYG,false,active,2008
I,2026-04-01T00:00:00Z,RD-006925,OP-003,Rui,Weber,rui.weber960@mail.com,CTY-GOT,SWE,2025-08-21,PLAN-PAYG,true,active,1990
I,2026-04-01T00:00:00Z,RD-006926,OP-003,Chloe,Benali,chloe.benali37@gmx.de,CTY-GOT,SWE,2024-01-30,PLAN-COMMUTE,false,active,1971
I,2026-04-01T00:00:00Z,RD-006927,OP-003,Marta,Serra,marta.serra960@outlook.com,CTY-GOT,SWE,2025-06-27,PLAN-COMMUTE,true,active,1975
I,2026-04-01T00:00:00Z,RD-006929,OP-003,Joan,Lopez,joan.lopez915@gmx.de,CTY-GOT,SWE,2024-06-21,PLAN-COMMUTE,false,active,1980
I,2026-04-01T00:00:00Z,RD-006930,OP-003,Ivan,Lopez,ivan.lopez636@outlook.com,CTY-GOT,SWE,2024-05-09,PLAN-PAYG,true,active,1968
I,2026-04-01T00:00:00Z,RD-006931,OP-003,Marta,Andersson,marta.andersson669@gmx.de,CTY-GOT,SWE,2025-04-28,PLAN-STUDENT,true,active,1999
I,2026-04-01T00:00:00Z,RD-006932,OP-003,Hugo,Conti,hugo.conti683@gmx.de,CTY-GOT,SWE,2026-03-05,PLAN-PAYG,true,active,1999
I,2026-04-01T00:00:00Z,RD-006934,OP-003,Manon,Berg,manon.berg108@gmx.de,CTY-GOT,SWE,2025-04-12,PLAN-STUDENT,true,active,1964
I,2026-04-01T00:00:00Z,RD-006935,OP-003,Omar,Silva,omar.silva354@mail.com,CTY-GOT,SWE,2024-11-10,PLAN-COMMUTE,true,active,1993
I,2026-04-01T00:00:00Z,RD-006936,OP-003,Camille,Costa,camille.costa558@proton.me,CTY-GOT,SWE,2025-09-05,PLAN-PAYG,true,active,2000
I,2026-04-01T00:00:00Z,RD-006937,OP-003,Emil,Berg,emil.berg719@gmx.de,CTY-GOT,SWE,2025-11-27,PLAN-PAYG,false,active,1978
I,2026-04-01T00:00:00Z,RD-006938,OP-003,Tiago,Vidal,tiago.vidal810@outlook.com,CTY-GOT,SWE,2024-06-24,PLAN-PAYG,false,active,1972
I,2026-04-01T00:00:00Z,RD-006939,OP-003,Yasmin,Silva,yasmin.silva286@proton.me,CTY-GOT,SWE,2025-02-21,PLAN-PAYG,false,active,1980
I,2026-04-01T00:00:00Z,RD-006941,OP-003,Nils,Pereira,nils.pereira277@gmx.de,CTY-GOT,SWE,2024-06-02,PLAN-PAYG,true,active,1989
I,2026-04-01T00:00:00Z,RD-006942,OP-003,Louis,Ferrer,louis.ferrer820@gmx.de,CTY-GOT,SWE,2024-06-09,PLAN-COMMUTE,true,active,1997
I,2026-04-01T00:00:00Z,RD-006943,OP-003,Pablo,Moreno,pablo.moreno468@proton.me,CTY-GOT,SWE,2024-02-24,PLAN-PAYG,true,active,1963
I,2026-04-01T00:00:00Z,RD-006944,OP-003,Beatriz,Almeida,beatriz.almeida167@proton.me,CTY-GOT,SWE,2026-01-07,PLAN-COMMUTE,true,active,1986
I,2026-04-01T00:00:00Z,RD-006945,OP-003,Tiago,Berg,tiago.berg20@correo.es,CTY-GOT,SWE,2026-01-18,PLAN-PAYG,true,active,1966
I,2026-04-01T00:00:00Z,RD-006946,OP-003,Antoine,Nilsson,antoine.nilsson941@outlook.com,CTY-GOT,SWE,2024-02-05,PLAN-PAYG,false,active,1975
I,2026-04-01T00:00:00Z,RD-006947,OP-003,Hugo,Haddad,hugo.haddad5@gmx.de,CTY-GOT,SWE,2024-10-31,PLAN-STUDENT,false,active,1980
I,2026-04-01T00:00:00Z,RD-006948,OP-003,Aina,Haddad,aina.haddad127@proton.me,CTY-GOT,SWE,2026-02-01,PLAN-PAYG,false,active,1991
I,2026-04-01T00:00:00Z,RD-006949,OP-003,Omar,Fischer,omar.fischer692@correo.es,CTY-GOT,SWE,2025-05-18,PLAN-PAYG,false,active,1964
I,2026-04-01T00:00:00Z,RD-006950,OP-003,Nils,Ferrer,nils.ferrer146@mail.com,CTY-GOT,SWE,2025-02-02,PLAN-PAYG,false,active,1980
I,2026-04-01T00:00:00Z,RD-006951,OP-003,Thomas,Costa,thomas.costa640@mail.com,CTY-GOT,SWE,2025-08-13,PLAN-COMMUTE,false,active,1974
I,2026-04-01T00:00:00Z,RD-006952,OP-003,Diego,Rossi,diego.rossi76@gmx.de,CTY-GOT,SWE,2025-10-03,PLAN-PAYG,true,active,1968
I,2026-04-01T00:00:00Z,RD-006953,OP-003,Sofia,Garcia,sofia.garcia792@mail.com,CTY-GOT,SWE,2025-07-25,PLAN-UNLIMITED,false,active,2004
I,2026-04-01T00:00:00Z,RD-006955,OP-003,Antoine,Lindqvist,antoine.lindqvist178@proton.me,CTY-GOT,SWE,2024-10-25,PLAN-PAYG,true,active,2008
I,2026-04-01T00:00:00Z,RD-006956,OP-003,Sofia,Vidal,sofia.vidal427@gmx.de,CTY-GOT,SWE,2024-02-28,PLAN-COMMUTE,true,active,1970
I,2026-04-01T00:00:00Z,RD-006957,OP-003,Yasmin,Vidal,yasmin.vidal818@mail.com,CTY-GOT,SWE,2025-03-31,PLAN-PAYG,false,active,1965
I,2026-04-01T00:00:00Z,RD-006958,OP-003,Antoine,Garcia,antoine.garcia928@outlook.com,CTY-GOT,SWE,2025-05-28,PLAN-PAYG,true,active,1978
I,2026-04-01T00:00:00Z,RD-006959,OP-003,Pablo,Berg,pablo.berg806@gmx.de,CTY-GOT,SWE,2024-10-14,PLAN-PAYG,false,active,1987
I,2026-04-01T00:00:00Z,RD-006961,OP-003,Omar,Ferrer,omar.ferrer363@proton.me,CTY-GOT,SWE,2024-09-03,PLAN-PAYG,false,active,2001
I,2026-04-01T00:00:00Z,RD-006962,OP-003,Sofia,Benali,sofia.benali472@gmx.de,CTY-GOT,SWE,2025-02-18,PLAN-PAYG,false,active,2004
I,2026-04-01T00:00:00Z,RD-006963,OP-003,Nils,Martin,nils.martin824@gmx.de,CTY-GOT,SWE,2025-03-27,PLAN-CORP,true,active,1976
I,2026-04-01T00:00:00Z,RD-006964,OP-003,Diego,Rossi,diego.rossi939@outlook.com,CTY-GOT,SWE,2025-02-06,PLAN-COMMUTE,false,active,1962
I,2026-04-01T00:00:00Z,RD-006965,OP-003,Nora,Serra,nora.serra166@mail.com,CTY-GOT,SWE,2024-05-25,PLAN-PAYG,false,active,1984
I,2026-04-01T00:00:00Z,RD-006966,OP-003,Nora,Rossi,nora.rossi291@gmx.de,CTY-GOT,SWE,2025-11-26,PLAN-COMMUTE,true,active,1969
I,2026-04-01T00:00:00Z,RD-006967,OP-003,Diego,Almeida,diego.almeida291@outlook.com,CTY-GOT,SWE,2024-01-17,PLAN-PAYG,false,active,2001
I,2026-04-01T00:00:00Z,RD-006968,OP-003,Joan,Ferrer,joan.ferrer103@outlook.com,CTY-GOT,SWE,2025-05-29,PLAN-CORP,true,active,1989
I,2026-04-01T00:00:00Z,RD-006969,OP-003,Oskar,Lopez,oskar.lopez596@mail.com,CTY-GOT,SWE,2025-02-13,PLAN-PAYG,true,active,1996
I,2026-04-01T00:00:00Z,RD-006970,OP-003,Omar,Lindqvist,omar.lindqvist210@outlook.com,CTY-GOT,SWE,2024-12-27,PLAN-PAYG,true,active,1964
I,2026-04-01T00:00:00Z,RD-006971,OP-003,Elin,Dubois,elin.dubois784@gmx.de,CTY-GOT,SWE,2024-08-09,PLAN-PAYG,true,active,1993
I,2026-04-01T00:00:00Z,RD-006972,OP-003,Oskar,Ferrer,oskar.ferrer340@mail.com,CTY-GOT,SWE,2025-08-27,PLAN-COMMUTE,true,active,1982
I,2026-04-01T00:00:00Z,RD-006973,OP-003,Sofia,Costa,sofia.costa282@mail.com,CTY-GOT,SWE,2025-03-16,PLAN-PAYG,false,active,1973
I,2026-04-01T00:00:00Z,RD-006974,OP-003,Thomas,Vidal,thomas.vidal682@outlook.com,CTY-GOT,SWE,2024-02-14,PLAN-PAYG,false,active,1962
I,2026-04-01T00:00:00Z,RD-006975,OP-003,Nora,Fischer,nora.fischer776@mail.com,CTY-GOT,SWE,2026-03-22,PLAN-PAYG,false,active,1998
I,2026-04-01T00:00:00Z,RD-006976,OP-003,Rui,Conti,rui.conti178@gmx.de,CTY-GOT,SWE,2026-03-04,PLAN-PAYG,false,active,1969
I,2026-04-01T00:00:00Z,RD-006977,OP-003,Nils,Almeida,nils.almeida222@proton.me,CTY-GOT,SWE,2026-03-31,PLAN-STUDENT,true,active,1996
I,2026-04-01T00:00:00Z,RD-006978,OP-003,Lucia,Moreno,lucia.moreno1@correo.es,CTY-GOT,SWE,2026-02-24,PLAN-PAYG,true,active,2004
I,2026-04-01T00:00:00Z,RD-006979,OP-003,Ivan,Vidal,ivan.vidal551@correo.es,CTY-GOT,SWE,2024-07-24,PLAN-PAYG,false,active,1979
I,2026-04-01T00:00:00Z,RD-006980,OP-003,Yasmin,Rossi,yasmin.rossi482@outlook.com,CTY-GOT,SWE,2024-05-04,PLAN-PAYG,true,active,2003
I,2026-04-01T00:00:00Z,RD-006982,OP-003,Karim,Nilsson,karim.nilsson567@proton.me,CTY-GOT,SWE,2025-02-22,PLAN-CORP,false,active,1969
I,2026-04-01T00:00:00Z,RD-006983,OP-003,Pablo,Martin,pablo.martin178@mail.com,CTY-GOT,SWE,2024-01-15,PLAN-PAYG,false,active,1984
I,2026-04-01T00:00:00Z,RD-006984,OP-003,Joan,Andersson,joan.andersson599@outlook.com,CTY-GOT,SWE,2025-10-04,PLAN-PAYG,false,active,1976
I,2026-04-01T00:00:00Z,RD-006985,OP-003,Lucia,Andersson,lucia.andersson121@correo.es,CTY-GOT,SWE,2024-06-04,PLAN-STUDENT,true,active,2008
I,2026-04-01T00:00:00Z,RD-006986,OP-003,Nadia,Serra,nadia.serra726@proton.me,CTY-GOT,SWE,2024-09-18,PLAN-PAYG,false,active,1970
I,2026-04-01T00:00:00Z,RD-006987,OP-003,Yasmin,Benali,yasmin.benali945@proton.me,CTY-GOT,SWE,2024-07-25,PLAN-TOURIST,true,active,1983
I,2026-04-01T00:00:00Z,RD-006989,OP-003,Yasmin,Nilsson,yasmin.nilsson713@correo.es,CTY-GOT,SWE,2024-04-25,PLAN-PAYG,false,active,2000
I,2026-04-01T00:00:00Z,RD-006990,OP-003,Tiago,Nilsson,tiago.nilsson382@correo.es,CTY-GOT,SWE,2025-04-07,PLAN-COMMUTE,false,active,1965
I,2026-04-01T00:00:00Z,RD-006991,OP-003,Marta,Martin,marta.martin944@correo.es,CTY-GOT,SWE,2024-04-21,PLAN-UNLIMITED,true,active,1985
I,2026-04-01T00:00:00Z,RD-006992,OP-003,Ivan,Andersson,ivan.andersson976@proton.me,CTY-GOT,SWE,2024-09-07,PLAN-UNLIMITED,false,active,1966
I,2026-04-01T00:00:00Z,RD-006993,OP-003,Karim,Dubois,karim.dubois31@mail.com,CTY-GOT,SWE,2025-05-28,PLAN-PAYG,false,active,1986
I,2026-04-01T00:00:00Z,RD-006994,OP-003,Oskar,Roux,oskar.roux268@outlook.com,CTY-GOT,SWE,2024-12-01,PLAN-COMMUTE,false,active,1997
I,2026-04-01T00:00:00Z,RD-006995,OP-003,Thomas,Fischer,thomas.fischer204@gmx.de,CTY-GOT,SWE,2024-05-24,PLAN-COMMUTE,false,active,2001
I,2026-04-01T00:00:00Z,RD-006997,OP-003,Karim,Vidal,karim.vidal689@outlook.com,CTY-GOT,SWE,2025-11-30,PLAN-PAYG,true,active,1986
I,2026-04-01T00:00:00Z,RD-006998,OP-003,Nils,Almeida,nils.almeida935@correo.es,CTY-GOT,SWE,2024-04-10,PLAN-COMMUTE,false,active,1973
I,2026-04-01T00:00:00Z,RD-006999,OP-003,Chloe,Bernard,chloe.bernard558@outlook.com,CTY-GOT,SWE,2024-07-28,PLAN-PAYG,false,active,1993
I,2026-04-01T00:00:00Z,RD-007000,OP-003,Marta,Moreno,marta.moreno86@gmx.de,CTY-GOT,SWE,2024-07-04,PLAN-PAYG,false,active,2000
I,2026-04-01T00:00:00Z,RD-007001,OP-003,Yasmin,Fischer,yasmin.fischer233@outlook.com,CTY-GOT,SWE,2025-09-24,PLAN-PAYG,false,active,1972
I,2026-04-01T00:00:00Z,RD-007002,OP-003,Ines,Conti,ines.conti546@outlook.com,CTY-GOT,SWE,2026-03-24,PLAN-PAYG,false,active,1988
I,2026-04-01T00:00:00Z,RD-007004,OP-003,Louis,Dubois,louis.dubois476@mail.com,CTY-GOT,SWE,2025-04-16,PLAN-PAYG,true,active,1975
I,2026-04-01T00:00:00Z,RD-007005,OP-003,Ivan,Silva,ivan.silva633@outlook.com,CTY-GOT,SWE,2024-06-11,PLAN-COMMUTE,false,active,1980
I,2026-04-01T00:00:00Z,RD-007006,OP-003,Omar,Vidal,omar.vidal794@mail.com,CTY-GOT,SWE,2024-11-28,PLAN-PAYG,false,active,1975
I,2026-04-01T00:00:00Z,RD-007007,OP-003,Manon,Haddad,manon.haddad229@outlook.com,CTY-GOT,SWE,2026-03-29,PLAN-PAYG,false,active,2006
I,2026-04-01T00:00:00Z,RD-007008,OP-003,Aina,Pereira,aina.pereira152@correo.es,CTY-GOT,SWE,2025-12-21,PLAN-COMMUTE,true,active,1999
I,2026-04-01T00:00:00Z,RD-007009,OP-003,Diego,Martin,diego.martin515@proton.me,CTY-GOT,SWE,2026-02-01,PLAN-PAYG,false,active,1985
I,2026-04-01T00:00:00Z,RD-007011,OP-003,Nadia,Almeida,nadia.almeida487@outlook.com,CTY-GOT,SWE,2024-07-06,PLAN-STUDENT,false,active,1995
I,2026-04-01T00:00:00Z,RD-007012,OP-003,Pablo,Novak,pablo.novak423@gmx.de,CTY-GOT,SWE,2025-10-18,PLAN-PAYG,false,active,1995
I,2026-04-01T00:00:00Z,RD-007013,OP-003,Yasmin,Vidal,yasmin.vidal580@gmx.de,CTY-GOT,SWE,2024-05-07,PLAN-COMMUTE,true,active,2001
I,2026-04-01T00:00:00Z,RD-007015,OP-003,Astrid,Martin,astrid.martin123@outlook.com,CTY-GOT,SWE,2024-04-08,PLAN-PAYG,false,active,1981
I,2026-04-01T00:00:00Z,RD-007016,OP-003,Joan,Conti,joan.conti262@proton.me,CTY-GOT,SWE,2026-03-27,PLAN-COMMUTE,true,active,1997
I,2026-04-01T00:00:00Z,RD-007017,OP-003,Hugo,Andersson,hugo.andersson805@proton.me,CTY-GOT,SWE,2025-08-28,PLAN-PAYG,true,active,1984
I,2026-04-01T00:00:00Z,RD-007018,OP-003,Ines,Roux,ines.roux529@gmx.de,CTY-GOT,SWE,2025-11-09,PLAN-COMMUTE,true,active,1990
I,2026-04-01T00:00:00Z,RD-007020,OP-003,Omar,Roux,omar.roux579@gmx.de,CTY-GOT,SWE,2025-09-14,PLAN-PAYG,true,active,2002
I,2026-04-01T00:00:00Z,RD-007021,OP-003,Yasmin,Kowalski,yasmin.kowalski770@gmx.de,CTY-GOT,SWE,2024-11-09,PLAN-STUDENT,false,active,1989
I,2026-04-01T00:00:00Z,RD-007022,OP-003,Manon,Conti,manon.conti351@mail.com,CTY-GOT,SWE,2025-02-04,PLAN-UNLIMITED,true,active,1992
I,2026-04-01T00:00:00Z,RD-007023,OP-003,Marta,Nilsson,marta.nilsson168@correo.es,CTY-GOT,SWE,2025-12-27,PLAN-UNLIMITED,true,active,2003
I,2026-04-01T00:00:00Z,RD-007024,OP-003,Chloe,Serra,chloe.serra805@outlook.com,CTY-GOT,SWE,2025-01-20,PLAN-PAYG,true,active,1962
I,2026-04-01T00:00:00Z,RD-007025,OP-003,Omar,Lindqvist,omar.lindqvist527@mail.com,CTY-GOT,SWE,2025-01-11,PLAN-COMMUTE,false,active,2001
I,2026-04-01T00:00:00Z,RD-007026,OP-003,Louis,Silva,louis.silva879@proton.me,CTY-GOT,SWE,2026-03-23,PLAN-COMMUTE,false,active,1985
I,2026-04-01T00:00:00Z,RD-007027,OP-003,Aina,Berg,aina.berg519@outlook.com,CTY-GOT,SWE,2025-01-05,PLAN-PAYG,true,active,1985
I,2026-04-01T00:00:00Z,RD-007028,OP-003,Rui,Lopez,rui.lopez683@outlook.com,CTY-GOT,SWE,2025-08-04,PLAN-PAYG,false,active,1984
I,2026-04-01T00:00:00Z,RD-007029,OP-003,Hugo,Serra,hugo.serra450@proton.me,CTY-GOT,SWE,2025-09-18,PLAN-COMMUTE,true,active,1985
I,2026-04-01T00:00:00Z,RD-007030,OP-003,Camille,Haddad,camille.haddad364@outlook.com,CTY-GOT,SWE,2024-10-17,PLAN-STUDENT,false,active,1980
I,2026-04-01T00:00:00Z,RD-007031,OP-003,Aina,Serra,aina.serra302@outlook.com,CTY-GOT,SWE,2024-11-25,PLAN-COMMUTE,false,active,1973
I,2026-04-01T00:00:00Z,RD-007032,OP-003,Yasmin,Fischer,yasmin.fischer114@correo.es,CTY-GOT,SWE,2025-08-14,PLAN-COMMUTE,false,active,1990
I,2026-04-01T00:00:00Z,RD-007033,OP-003,Ivan,Lindqvist,ivan.lindqvist886@correo.es,CTY-GOT,SWE,2025-11-23,PLAN-PAYG,false,active,1975
I,2026-04-01T00:00:00Z,RD-007034,OP-003,Aina,Andersson,aina.andersson77@proton.me,CTY-GOT,SWE,2025-10-03,PLAN-PAYG,false,active,1984
I,2026-04-01T00:00:00Z,RD-007035,OP-003,Nadia,Martin,nadia.martin136@outlook.com,CTY-GOT,SWE,2024-07-12,PLAN-UNLIMITED,true,active,1987
I,2026-04-01T00:00:00Z,RD-007037,OP-003,Antoine,Roux,antoine.roux509@gmx.de,CTY-GOT,SWE,2024-07-29,PLAN-STUDENT,true,active,1977
I,2026-04-01T00:00:00Z,RD-007038,OP-003,Camille,Garcia,camille.garcia250@outlook.com,CTY-GOT,SWE,2025-02-06,PLAN-PAYG,true,active,1970
I,2026-04-01T00:00:00Z,RD-007040,OP-003,Elin,Lindqvist,elin.lindqvist545@outlook.com,CTY-GOT,SWE,2024-03-09,PLAN-PAYG,false,active,1973
I,2026-04-01T00:00:00Z,RD-007041,OP-003,Hugo,Bernard,hugo.bernard400@mail.com,CTY-GOT,SWE,2025-04-25,PLAN-PAYG,false,active,1979
I,2026-04-01T00:00:00Z,RD-007042,OP-003,Nadia,Pereira,nadia.pereira899@gmx.de,CTY-GOT,SWE,2024-09-08,PLAN-PAYG,false,active,1997
I,2026-04-01T00:00:00Z,RD-007043,OP-003,Antoine,Roux,antoine.roux462@mail.com,CTY-GOT,SWE,2025-06-24,PLAN-STUDENT,false,active,1967
I,2026-04-01T00:00:00Z,RD-007044,OP-003,Emil,Lopez,emil.lopez688@outlook.com,CTY-GOT,SWE,2024-10-02,PLAN-PAYG,false,active,1962
I,2026-04-01T00:00:00Z,RD-007045,OP-003,Karim,Garcia,karim.garcia438@gmx.de,CTY-GOT,SWE,2024-02-20,PLAN-CORP,false,active,1965
I,2026-04-01T00:00:00Z,RD-007046,OP-003,Antoine,Rossi,antoine.rossi656@correo.es,CTY-GOT,SWE,2024-03-14,PLAN-COMMUTE,true,active,1980
I,2026-04-01T00:00:00Z,RD-007048,OP-003,Camille,Garcia,camille.garcia574@correo.es,CTY-GOT,SWE,2025-03-25,PLAN-PAYG,false,active,1997
I,2026-04-01T00:00:00Z,RD-007049,OP-003,Lucia,Moreno,lucia.moreno916@outlook.com,CTY-GOT,SWE,2024-01-31,PLAN-TOURIST,true,active,2000
I,2026-04-01T00:00:00Z,RD-007050,OP-003,Oskar,Andersson,oskar.andersson445@outlook.com,CTY-GOT,SWE,2026-02-25,PLAN-PAYG,true,active,1984
I,2026-04-01T00:00:00Z,RD-007051,OP-003,Antoine,Vidal,antoine.vidal888@correo.es,CTY-GOT,SWE,2026-02-12,PLAN-PAYG,true,active,1997
I,2026-04-01T00:00:00Z,RD-007052,OP-003,Beatriz,Pereira,beatriz.pereira956@proton.me,CTY-GOT,SWE,2026-03-27,PLAN-COMMUTE,true,active,1993
I,2026-04-01T00:00:00Z,RD-007054,OP-003,Manon,Garcia,manon.garcia735@mail.com,CTY-GOT,SWE,2024-12-17,PLAN-COMMUTE,false,active,1963
I,2026-04-01T00:00:00Z,RD-007055,OP-003,Oskar,Moreno,oskar.moreno183@outlook.com,CTY-GOT,SWE,2024-08-22,PLAN-COMMUTE,true,active,2006
I,2026-04-01T00:00:00Z,RD-007056,OP-003,Thomas,Moreno,thomas.moreno288@mail.com,CTY-GOT,SWE,2026-01-12,PLAN-PAYG,true,active,1979
I,2026-04-01T00:00:00Z,RD-007057,OP-003,Nora,Bernard,nora.bernard837@correo.es,CTY-GOT,SWE,2026-02-11,PLAN-PAYG,true,active,1991
I,2026-04-01T00:00:00Z,RD-007058,OP-003,Nora,Conti,nora.conti444@mail.com,CTY-GOT,SWE,2024-10-24,PLAN-PAYG,false,active,1972
I,2026-04-01T00:00:00Z,RD-007059,OP-003,Aina,Nilsson,aina.nilsson69@correo.es,CTY-GOT,SWE,2024-03-23,PLAN-UNLIMITED,true,active,1980
I,2026-04-01T00:00:00Z,RD-007060,OP-003,Nadia,Roux,nadia.roux142@proton.me,CTY-GOT,SWE,2024-04-16,PLAN-COMMUTE,true,active,1986
I,2026-04-01T00:00:00Z,RD-007061,OP-003,Oskar,Roux,oskar.roux969@correo.es,CTY-GOT,SWE,2024-12-01,PLAN-PAYG,true,active,2008
I,2026-04-01T00:00:00Z,RD-007062,OP-003,Camille,Benali,camille.benali560@gmx.de,CTY-GOT,SWE,2025-05-27,PLAN-PAYG,false,active,2001
I,2026-04-01T00:00:00Z,RD-007063,OP-003,Sofia,Silva,sofia.silva645@gmx.de,CTY-GOT,SWE,2025-06-06,PLAN-PAYG,true,active,1967
I,2026-04-01T00:00:00Z,RD-007064,OP-003,Rui,Costa,rui.costa604@proton.me,CTY-GOT,SWE,2025-11-12,PLAN-PAYG,true,active,1973
I,2026-04-01T00:00:00Z,RD-007065,OP-003,Camille,Lindqvist,camille.lindqvist892@gmx.de,CTY-GOT,SWE,2024-09-15,PLAN-STUDENT,false,active,2001
I,2026-04-01T00:00:00Z,RD-007066,OP-003,Nora,Garcia,nora.garcia567@gmx.de,CTY-GOT,SWE,2025-12-12,PLAN-PAYG,false,active,1978
I,2026-04-01T00:00:00Z,RD-007067,OP-003,Rui,Novak,rui.novak825@correo.es,CTY-GOT,SWE,2026-01-22,PLAN-STUDENT,true,active,1965
I,2026-04-01T00:00:00Z,RD-007068,OP-003,Emil,Martin,emil.martin318@proton.me,CTY-GOT,SWE,2026-03-14,PLAN-STUDENT,true,active,2003
I,2026-04-01T00:00:00Z,RD-007069,OP-003,Louis,Vidal,louis.vidal860@mail.com,CTY-GOT,SWE,2024-01-14,PLAN-TOURIST,true,active,1990
I,2026-04-01T00:00:00Z,RD-007070,OP-003,Nils,Benali,nils.benali523@mail.com,CTY-GOT,SWE,2024-02-02,PLAN-COMMUTE,true,active,2006
I,2026-04-01T00:00:00Z,RD-007071,OP-003,Camille,Weber,camille.weber57@mail.com,CTY-GOT,SWE,2025-06-24,PLAN-PAYG,false,active,1991
I,2026-04-01T00:00:00Z,RD-007072,OP-003,Marta,Bernard,marta.bernard284@gmx.de,CTY-GOT,SWE,2024-10-01,PLAN-PAYG,true,active,2005
I,2026-04-01T00:00:00Z,RD-007073,OP-003,Aina,Costa,aina.costa92@mail.com,CTY-GOT,SWE,2024-05-17,PLAN-COMMUTE,false,active,1966
I,2026-04-01T00:00:00Z,RD-007074,OP-003,Nadia,Lopez,nadia.lopez371@correo.es,CTY-GOT,SWE,2024-10-06,PLAN-PAYG,true,active,1966
I,2026-04-01T00:00:00Z,RD-007075,OP-003,Nils,Silva,nils.silva825@proton.me,CTY-GOT,SWE,2024-11-03,PLAN-PAYG,true,active,1962
I,2026-04-01T00:00:00Z,RD-007076,OP-003,Marta,Roux,marta.roux767@outlook.com,CTY-GOT,SWE,2025-07-09,PLAN-COMMUTE,false,active,2003
I,2026-04-01T00:00:00Z,RD-007077,OP-003,Nils,Nilsson,nils.nilsson316@correo.es,CTY-GOT,SWE,2024-04-19,PLAN-PAYG,false,active,1972
I,2026-04-01T00:00:00Z,RD-007078,OP-003,Hugo,Serra,hugo.serra965@proton.me,CTY-GOT,SWE,2024-11-29,PLAN-COMMUTE,true,active,1967
I,2026-04-01T00:00:00Z,RD-007079,OP-003,Yasmin,Weber,yasmin.weber364@gmx.de,CTY-GOT,SWE,2024-08-25,PLAN-PAYG,true,active,2008
I,2026-04-01T00:00:00Z,RD-007080,OP-003,Joan,Conti,joan.conti147@proton.me,CTY-GOT,SWE,2024-07-24,PLAN-PAYG,true,active,1999
I,2026-04-01T00:00:00Z,RD-007081,OP-003,Louis,Benali,louis.benali459@proton.me,CTY-GOT,SWE,2024-08-30,PLAN-PAYG,true,active,1968
I,2026-04-01T00:00:00Z,RD-007083,OP-003,Ivan,Andersson,ivan.andersson322@mail.com,CTY-GOT,SWE,2025-07-10,PLAN-COMMUTE,false,active,2004
I,2026-04-01T00:00:00Z,RD-007084,OP-003,Lucia,Novak,lucia.novak41@mail.com,CTY-GOT,SWE,2024-10-07,PLAN-PAYG,false,active,1992
I,2026-04-01T00:00:00Z,RD-007085,OP-003,Aina,Lindqvist,aina.lindqvist638@outlook.com,CTY-GOT,SWE,2026-03-02,PLAN-PAYG,true,active,1968
I,2026-04-01T00:00:00Z,RD-007086,OP-003,Ines,Bernard,ines.bernard955@mail.com,CTY-GOT,SWE,2026-02-13,PLAN-PAYG,true,active,1982
I,2026-04-01T00:00:00Z,RD-007087,OP-003,Louis,Weber,louis.weber914@gmx.de,CTY-GOT,SWE,2025-01-07,PLAN-PAYG,false,active,1964
I,2026-04-01T00:00:00Z,RD-007088,OP-003,Sofia,Vidal,sofia.vidal449@proton.me,CTY-GOT,SWE,2025-12-09,PLAN-PAYG,false,active,1992
I,2026-04-01T00:00:00Z,RD-007089,OP-003,Chloe,Lindqvist,chloe.lindqvist910@gmx.de,CTY-GOT,SWE,2025-01-17,PLAN-COMMUTE,false,active,1963
I,2026-04-01T00:00:00Z,RD-007090,OP-003,Nadia,Martin,nadia.martin561@proton.me,CTY-GOT,SWE,2024-06-29,PLAN-PAYG,false,active,1970
I,2026-04-01T00:00:00Z,RD-007091,OP-003,Nora,Roux,nora.roux120@correo.es,CTY-GOT,SWE,2025-04-11,PLAN-PAYG,false,active,1973
I,2026-04-01T00:00:00Z,RD-007092,OP-003,Rui,Almeida,rui.almeida535@correo.es,CTY-GOT,SWE,2025-01-30,PLAN-PAYG,false,active,1972
I,2026-04-01T00:00:00Z,RD-007093,OP-003,Ines,Haddad,ines.haddad828@gmx.de,CTY-GOT,SWE,2025-10-31,PLAN-PAYG,false,active,2005
I,2026-04-01T00:00:00Z,RD-007094,OP-003,Diego,Nilsson,diego.nilsson646@proton.me,CTY-GOT,SWE,2024-01-04,PLAN-TOURIST,false,active,1994
I,2026-04-01T00:00:00Z,RD-007095,OP-003,Rui,Benali,rui.benali150@mail.com,CTY-GOT,SWE,2024-09-01,PLAN-COMMUTE,true,active,1974
I,2026-04-01T00:00:00Z,RD-007096,OP-003,Thomas,Ferrer,thomas.ferrer130@mail.com,CTY-GOT,SWE,2024-10-31,PLAN-PAYG,false,active,1975
I,2026-04-01T00:00:00Z,RD-007097,OP-003,Diego,Rossi,diego.rossi427@gmx.de,CTY-GOT,SWE,2024-12-20,PLAN-UNLIMITED,true,active,1980
I,2026-04-01T00:00:00Z,RD-007098,OP-003,Diego,Pereira,diego.pereira878@gmx.de,CTY-GOT,SWE,2024-01-26,PLAN-COMMUTE,false,active,1968
I,2026-04-01T00:00:00Z,RD-007099,OP-003,Freja,Andersson,freja.andersson676@proton.me,CTY-GOT,SWE,2026-01-12,PLAN-COMMUTE,false,active,1968
I,2026-04-01T00:00:00Z,RD-007100,OP-003,Emil,Ferrer,emil.ferrer225@proton.me,CTY-GOT,SWE,2024-08-14,PLAN-COMMUTE,false,active,1990
I,2026-04-01T00:00:00Z,RD-007101,OP-003,Sofia,Fischer,sofia.fischer767@mail.com,CTY-GOT,SWE,2024-05-15,PLAN-PAYG,false,active,1963
I,2026-04-01T00:00:00Z,RD-007102,OP-003,Oskar,Kowalski,oskar.kowalski711@outlook.com,CTY-GOT,SWE,2024-01-27,PLAN-COMMUTE,false,active,1999
I,2026-04-01T00:00:00Z,RD-007103,OP-003,Omar,Garcia,omar.garcia573@outlook.com,CTY-GOT,SWE,2026-01-11,PLAN-PAYG,false,active,1965
I,2026-04-01T00:00:00Z,RD-007104,OP-003,Ines,Bernard,ines.bernard830@correo.es,CTY-GOT,SWE,2025-03-25,PLAN-PAYG,true,active,1992
I,2026-04-01T00:00:00Z,RD-007105,OP-003,Elin,Lindqvist,elin.lindqvist575@proton.me,CTY-GOT,SWE,2026-02-12,PLAN-UNLIMITED,true,active,1971
I,2026-04-01T00:00:00Z,RD-007106,OP-003,Freja,Benali,freja.benali954@proton.me,CTY-GOT,SWE,2025-02-04,PLAN-PAYG,false,active,1995
I,2026-04-01T00:00:00Z,RD-007107,OP-003,Chloe,Fischer,chloe.fischer92@gmx.de,CTY-GOT,SWE,2024-03-04,PLAN-COMMUTE,true,active,1995
I,2026-04-01T00:00:00Z,RD-007108,OP-003,Oskar,Fischer,oskar.fischer278@outlook.com,CTY-GOT,SWE,2026-02-16,PLAN-PAYG,false,active,2006
I,2026-04-01T00:00:00Z,RD-007109,OP-003,Freja,Costa,freja.costa807@outlook.com,CTY-GOT,SWE,2025-05-23,PLAN-PAYG,true,active,1971
I,2026-04-01T00:00:00Z,RD-007111,OP-003,Ines,Pereira,ines.pereira600@proton.me,CTY-GOT,SWE,2025-11-12,PLAN-PAYG,false,active,1970
I,2026-04-01T00:00:00Z,RD-007112,OP-003,Nadia,Garcia,nadia.garcia448@gmx.de,CTY-GOT,SWE,2026-03-01,PLAN-PAYG,false,active,1978
I,2026-04-01T00:00:00Z,RD-007113,OP-003,Astrid,Lopez,astrid.lopez682@gmx.de,CTY-GOT,SWE,2024-05-17,PLAN-PAYG,false,active,1975
I,2026-04-01T00:00:00Z,RD-007114,OP-003,Sofia,Roux,sofia.roux19@mail.com,CTY-GOT,SWE,2024-08-21,PLAN-PAYG,true,active,1986
I,2026-04-01T00:00:00Z,RD-007115,OP-003,Nadia,Vidal,nadia.vidal943@proton.me,CTY-GOT,SWE,2025-10-19,PLAN-COMMUTE,false,active,1977
I,2026-04-01T00:00:00Z,RD-007117,OP-003,Emil,Rossi,emil.rossi4@gmx.de,CTY-GOT,SWE,2024-10-15,PLAN-UNLIMITED,false,active,1967
I,2026-04-01T00:00:00Z,RD-007118,OP-003,Marta,Lopez,marta.lopez934@mail.com,CTY-GOT,SWE,2025-12-03,PLAN-COMMUTE,true,active,1986
I,2026-04-01T00:00:00Z,RD-007119,OP-003,Lucia,Bernard,lucia.bernard153@outlook.com,CTY-GOT,SWE,2026-01-02,PLAN-COMMUTE,false,active,1982
I,2026-04-01T00:00:00Z,RD-007120,OP-003,Nora,Pereira,nora.pereira116@gmx.de,CTY-GOT,SWE,2026-03-03,PLAN-PAYG,true,active,1997
I,2026-04-01T00:00:00Z,RD-007121,OP-003,Lucia,Roux,lucia.roux896@mail.com,CTY-GOT,SWE,2025-01-06,PLAN-CORP,false,active,1981
I,2026-04-01T00:00:00Z,RD-007122,OP-003,Manon,Rossi,manon.rossi77@correo.es,CTY-GOT,SWE,2025-10-23,PLAN-PAYG,false,active,1972
I,2026-04-01T00:00:00Z,RD-007123,OP-003,Manon,Kowalski,manon.kowalski397@mail.com,CTY-GOT,SWE,2026-01-03,PLAN-CORP,true,active,1970
I,2026-04-01T00:00:00Z,RD-007124,OP-003,Diego,Lopez,diego.lopez164@mail.com,CTY-GOT,SWE,2026-01-01,PLAN-PAYG,true,active,1975
I,2026-04-01T00:00:00Z,RD-007125,OP-003,Tiago,Dubois,tiago.dubois700@proton.me,CTY-GOT,SWE,2024-02-16,PLAN-PAYG,true,active,2003
I,2026-04-01T00:00:00Z,RD-007126,OP-003,Hugo,Fischer,hugo.fischer617@gmx.de,CTY-GOT,SWE,2025-03-30,PLAN-CORP,true,active,1991
I,2026-04-01T00:00:00Z,RD-007127,OP-003,Thomas,Dubois,thomas.dubois762@gmx.de,CTY-GOT,SWE,2026-01-29,PLAN-COMMUTE,true,active,1997
I,2026-04-01T00:00:00Z,RD-007128,OP-003,Beatriz,Nilsson,beatriz.nilsson491@correo.es,CTY-GOT,SWE,2024-02-02,PLAN-TOURIST,false,active,2000
I,2026-04-01T00:00:00Z,RD-007129,OP-003,Sofia,Conti,sofia.conti395@gmx.de,CTY-GOT,SWE,2025-05-22,PLAN-COMMUTE,true,active,1974
I,2026-04-01T00:00:00Z,RD-007130,OP-003,Ivan,Garcia,ivan.garcia886@gmx.de,CTY-GOT,SWE,2025-06-08,PLAN-COMMUTE,false,active,1971
I,2026-04-01T00:00:00Z,RD-007131,OP-003,Chloe,Vidal,chloe.vidal298@outlook.com,CTY-GOT,SWE,2024-11-27,PLAN-COMMUTE,true,active,1972
I,2026-04-01T00:00:00Z,RD-007132,OP-003,Ines,Silva,ines.silva266@mail.com,CTY-GOT,SWE,2024-03-13,PLAN-UNLIMITED,false,active,1974
I,2026-04-01T00:00:00Z,RD-007133,OP-003,Aina,Costa,aina.costa793@proton.me,CTY-GOT,SWE,2025-06-24,PLAN-UNLIMITED,true,active,1975
I,2026-04-01T00:00:00Z,RD-007134,OP-003,Thomas,Andersson,thomas.andersson12@gmx.de,CTY-GOT,SWE,2024-08-06,PLAN-PAYG,true,active,1968
I,2026-04-01T00:00:00Z,RD-007135,OP-003,Lucia,Moreno,lucia.moreno250@proton.me,CTY-GOT,SWE,2025-12-17,PLAN-PAYG,true,active,2006
I,2026-04-01T00:00:00Z,RD-007136,OP-003,Karim,Pereira,karim.pereira636@mail.com,CTY-GOT,SWE,2025-12-05,PLAN-PAYG,true,active,1975
I,2026-04-01T00:00:00Z,RD-007137,OP-003,Thomas,Costa,thomas.costa758@correo.es,CTY-GOT,SWE,2024-06-29,PLAN-PAYG,true,active,1966
I,2026-04-01T00:00:00Z,RD-007138,OP-003,Pablo,Bernard,pablo.bernard563@correo.es,CTY-GOT,SWE,2025-08-09,PLAN-COMMUTE,true,active,1994
I,2026-04-01T00:00:00Z,RD-007139,OP-003,Emil,Haddad,emil.haddad212@mail.com,CTY-GOT,SWE,2024-08-12,PLAN-COMMUTE,true,active,1974
I,2026-04-01T00:00:00Z,RD-007140,OP-003,Ines,Fischer,ines.fischer646@outlook.com,CTY-GOT,SWE,2024-03-25,PLAN-COMMUTE,false,active,1963
I,2026-04-01T00:00:00Z,RD-007142,OP-003,Omar,Kowalski,omar.kowalski122@outlook.com,CTY-GOT,SWE,2025-10-13,PLAN-PAYG,true,active,1975
I,2026-04-01T00:00:00Z,RD-007143,OP-003,Manon,Silva,manon.silva827@outlook.com,CTY-GOT,SWE,2025-10-21,PLAN-PAYG,true,active,1985
I,2026-04-01T00:00:00Z,RD-007144,OP-003,Ines,Rossi,ines.rossi556@outlook.com,CTY-GOT,SWE,2025-01-06,PLAN-TOURIST,false,active,1993
I,2026-04-01T00:00:00Z,RD-007145,OP-003,Louis,Haddad,louis.haddad469@proton.me,CTY-GOT,SWE,2024-02-07,PLAN-COMMUTE,true,active,1973
I,2026-04-01T00:00:00Z,RD-007146,OP-004,Sofia,Nilsson,sofia.nilsson163@correo.es,CTY-LIS,PT,2024-10-06,PLAN-COMMUTE,false,active,1979
I,2026-04-01T00:00:00Z,RD-007147,OP-004,Ines,Berg,ines.berg970@outlook.com,CTY-LIS,PT,2026-01-12,PLAN-PAYG,false,active,1963
I,2026-04-01T00:00:00Z,RD-007149,OP-004,Omar,Novak,omar.novak566@mail.com,CTY-LIS,PT,2025-08-19,PLAN-PAYG,false,active,1986
I,2026-04-01T00:00:00Z,RD-007151,OP-004,Louis,Benali,louis.benali918@outlook.com,CTY-LIS,PT,2024-12-09,PLAN-PAYG,false,active,1988
I,2026-04-01T00:00:00Z,RD-007152,OP-004,Louis,Bernard,louis.bernard280@mail.com,CTY-LIS,PT,2024-04-19,PLAN-COMMUTE,false,active,1996
I,2026-04-01T00:00:00Z,RD-007153,OP-004,Karim,Berg,karim.berg333@correo.es,CTY-LIS,PT,2024-10-10,PLAN-PAYG,true,active,2003
I,2026-04-01T00:00:00Z,RD-007154,OP-004,Manon,Serra,manon.serra224@gmx.de,CTY-LIS,PT,2024-07-13,PLAN-PAYG,false,active,1965
I,2026-04-01T00:00:00Z,RD-007155,OP-004,Ines,Kowalski,ines.kowalski368@outlook.com,CTY-LIS,PT,2025-04-30,PLAN-PAYG,true,active,2007
I,2026-04-01T00:00:00Z,RD-007156,OP-004,Diego,Nilsson,diego.nilsson383@outlook.com,CTY-LIS,PT,2025-02-02,PLAN-COMMUTE,true,active,1995
I,2026-04-01T00:00:00Z,RD-007157,OP-004,Chloe,Benali,chloe.benali359@proton.me,CTY-LIS,PT,2025-12-30,PLAN-PAYG,false,active,1964
I,2026-04-01T00:00:00Z,RD-007159,OP-004,Elin,Haddad,elin.haddad944@gmx.de,CTY-LIS,PT,2025-01-21,PLAN-PAYG,false,active,1973
I,2026-04-01T00:00:00Z,RD-007161,OP-004,Nora,Pereira,nora.pereira278@outlook.com,CTY-LIS,PT,2026-01-22,PLAN-PAYG,false,active,1996
I,2026-04-01T00:00:00Z,RD-007162,OP-004,Louis,Rossi,louis.rossi738@mail.com,CTY-LIS,PT,2025-02-08,PLAN-PAYG,false,active,1980
I,2026-04-01T00:00:00Z,RD-007163,OP-004,Elin,Dubois,elin.dubois413@outlook.com,CTY-LIS,PT,2025-03-27,PLAN-CORP,false,active,2003
I,2026-04-01T00:00:00Z,RD-007164,OP-004,Nora,Fischer,nora.fischer696@mail.com,CTY-LIS,PT,2025-12-15,PLAN-COMMUTE,false,active,1976
I,2026-04-01T00:00:00Z,RD-007165,OP-004,Camille,Fischer,camille.fischer364@outlook.com,CTY-LIS,PT,2025-03-10,PLAN-COMMUTE,true,active,1991
I,2026-04-01T00:00:00Z,RD-007167,OP-004,Beatriz,Rossi,beatriz.rossi329@gmx.de,CTY-LIS,PT,2024-02-24,PLAN-PAYG,true,active,1969
I,2026-04-01T00:00:00Z,RD-007168,OP-004,Chloe,Kowalski,chloe.kowalski200@gmx.de,CTY-LIS,PT,2024-07-30,PLAN-UNLIMITED,true,active,1967
I,2026-04-01T00:00:00Z,RD-007169,OP-004,Manon,Martin,manon.martin499@gmx.de,CTY-LIS,PT,2025-12-01,PLAN-COMMUTE,false,active,2006
I,2026-04-01T00:00:00Z,RD-007170,OP-004,Ivan,Moreno,ivan.moreno365@correo.es,CTY-LIS,PT,2025-06-02,PLAN-COMMUTE,true,active,1971
I,2026-04-01T00:00:00Z,RD-007171,OP-004,Freja,Moreno,freja.moreno126@gmx.de,CTY-LIS,PT,2024-02-19,PLAN-COMMUTE,false,active,1971
I,2026-04-01T00:00:00Z,RD-007172,OP-004,Freja,Andersson,freja.andersson942@mail.com,CTY-LIS,PT,2024-08-01,PLAN-PAYG,false,active,1992
I,2026-04-01T00:00:00Z,RD-007173,OP-004,Emil,Bernard,emil.bernard429@correo.es,CTY-LIS,PT,2024-10-15,PLAN-CORP,false,active,1980
I,2026-04-01T00:00:00Z,RD-007174,OP-004,Aina,Garcia,aina.garcia93@outlook.com,CTY-LIS,PT,2024-03-30,PLAN-PAYG,true,active,1992
I,2026-04-01T00:00:00Z,RD-007175,OP-004,Hugo,Almeida,hugo.almeida48@mail.com,CTY-LIS,PT,2024-11-06,PLAN-COMMUTE,true,active,1980
I,2026-04-01T00:00:00Z,RD-007176,OP-004,Beatriz,Dubois,beatriz.dubois741@gmx.de,CTY-LIS,PT,2025-03-26,PLAN-PAYG,true,active,1994
I,2026-04-01T00:00:00Z,RD-007177,OP-004,Chloe,Vidal,chloe.vidal365@mail.com,CTY-LIS,PT,2025-10-24,PLAN-COMMUTE,true,active,1999
I,2026-04-01T00:00:00Z,RD-007178,OP-004,Sofia,Bernard,sofia.bernard574@correo.es,CTY-LIS,PT,2025-07-05,PLAN-PAYG,true,active,1979
I,2026-04-01T00:00:00Z,RD-007179,OP-004,Nora,Fischer,nora.fischer239@gmx.de,CTY-LIS,PT,2025-03-18,PLAN-PAYG,true,active,1996
I,2026-04-01T00:00:00Z,RD-007180,OP-004,Antoine,Rossi,antoine.rossi653@outlook.com,CTY-LIS,PT,2025-02-15,PLAN-COMMUTE,false,active,1979
I,2026-04-01T00:00:00Z,RD-007181,OP-004,Emil,Lindqvist,emil.lindqvist341@proton.me,CTY-LIS,PT,2024-10-19,PLAN-PAYG,false,active,1973
I,2026-04-01T00:00:00Z,RD-007182,OP-004,Astrid,Berg,astrid.berg467@outlook.com,CTY-LIS,PT,2026-01-31,PLAN-UNLIMITED,true,active,2006
I,2026-04-01T00:00:00Z,RD-007183,OP-004,Camille,Benali,camille.benali76@correo.es,CTY-LIS,PT,2025-03-28,PLAN-PAYG,false,active,1990
I,2026-04-01T00:00:00Z,RD-007184,OP-004,Ines,Moreno,ines.moreno111@gmx.de,CTY-LIS,PT,2026-01-11,PLAN-PAYG,true,active,1976
I,2026-04-01T00:00:00Z,RD-007185,OP-004,Astrid,Lindqvist,astrid.lindqvist463@proton.me,CTY-LIS,PT,2025-08-28,PLAN-COMMUTE,true,active,1979
I,2026-04-01T00:00:00Z,RD-007186,OP-004,Louis,Moreno,louis.moreno345@outlook.com,CTY-LIS,PT,2025-12-18,PLAN-PAYG,false,active,1967
I,2026-04-01T00:00:00Z,RD-007187,OP-004,Nora,Almeida,nora.almeida250@gmx.de,CTY-LIS,PT,2024-06-03,PLAN-COMMUTE,true,active,1987
I,2026-04-01T00:00:00Z,RD-007188,OP-004,Ivan,Vidal,ivan.vidal463@gmx.de,CTY-LIS,PT,2025-04-13,PLAN-COMMUTE,false,active,2008
I,2026-04-01T00:00:00Z,RD-007189,OP-004,Ines,Nilsson,ines.nilsson290@correo.es,CTY-LIS,PT,2024-01-16,PLAN-PAYG,true,active,2005
I,2026-04-01T00:00:00Z,RD-007190,OP-004,Rui,Haddad,rui.haddad533@outlook.com,CTY-LIS,PT,2025-12-13,PLAN-PAYG,false,active,2007
I,2026-04-01T00:00:00Z,RD-007191,OP-004,Marta,Lopez,marta.lopez734@proton.me,CTY-LIS,PT,2025-02-19,PLAN-UNLIMITED,false,active,2005
I,2026-04-01T00:00:00Z,RD-007192,OP-004,Astrid,Haddad,astrid.haddad580@correo.es,CTY-LIS,PT,2025-08-18,PLAN-PAYG,true,active,1986
I,2026-04-01T00:00:00Z,RD-007193,OP-004,Camille,Rossi,camille.rossi721@proton.me,CTY-LIS,PT,2026-03-07,PLAN-COMMUTE,true,active,2007
I,2026-04-01T00:00:00Z,RD-007194,OP-004,Karim,Haddad,karim.haddad959@outlook.com,CTY-LIS,PT,2025-11-27,PLAN-CORP,true,active,1963
I,2026-04-01T00:00:00Z,RD-007195,OP-004,Emil,Kowalski,emil.kowalski524@correo.es,CTY-LIS,PT,2025-08-13,PLAN-CORP,true,active,1995
I,2026-04-01T00:00:00Z,RD-007196,OP-004,Lucia,Garcia,lucia.garcia194@proton.me,CTY-LIS,PT,2026-02-14,PLAN-UNLIMITED,false,active,1962
I,2026-04-01T00:00:00Z,RD-007197,OP-004,Ines,Conti,ines.conti343@correo.es,CTY-LIS,PT,2025-09-16,PLAN-COMMUTE,false,active,1978
I,2026-04-01T00:00:00Z,RD-007199,OP-004,Thomas,Serra,thomas.serra938@gmx.de,CTY-LIS,PT,2025-10-21,PLAN-PAYG,false,active,2003
I,2026-04-01T00:00:00Z,RD-007201,OP-004,Beatriz,Silva,beatriz.silva186@mail.com,CTY-LIS,PT,2024-10-20,PLAN-PAYG,true,active,1976
I,2026-04-01T00:00:00Z,RD-007202,OP-004,Diego,Fischer,diego.fischer464@mail.com,CTY-LIS,PT,2025-11-08,PLAN-TOURIST,true,active,2007
I,2026-04-01T00:00:00Z,RD-007203,OP-004,Diego,Andersson,diego.andersson527@mail.com,CTY-LIS,PT,2025-11-06,PLAN-COMMUTE,true,active,2008
I,2026-04-01T00:00:00Z,RD-007204,OP-004,Astrid,Serra,astrid.serra161@outlook.com,CTY-LIS,PT,2025-09-14,PLAN-PAYG,false,active,1964
I,2026-04-01T00:00:00Z,RD-007205,OP-004,Antoine,Conti,antoine.conti622@proton.me,CTY-LIS,PT,2025-02-16,PLAN-PAYG,true,active,1995
I,2026-04-01T00:00:00Z,RD-007206,OP-004,Louis,Silva,louis.silva323@mail.com,CTY-LIS,PT,2025-04-21,PLAN-PAYG,true,active,1962
I,2026-04-01T00:00:00Z,RD-007208,OP-004,Freja,Garcia,freja.garcia154@gmx.de,CTY-LIS,PT,2024-07-07,PLAN-PAYG,true,active,1976
I,2026-04-01T00:00:00Z,RD-007209,OP-004,Hugo,Novak,hugo.novak87@correo.es,CTY-LIS,PT,2025-12-07,PLAN-COMMUTE,true,active,1991
I,2026-04-01T00:00:00Z,RD-007210,OP-004,Tiago,Garcia,tiago.garcia317@mail.com,CTY-LIS,PT,2025-07-04,PLAN-COMMUTE,false,active,1979
I,2026-04-01T00:00:00Z,RD-007211,OP-004,Aina,Haddad,aina.haddad978@gmx.de,CTY-LIS,PT,2025-07-27,PLAN-PAYG,true,active,1990
I,2026-04-01T00:00:00Z,RD-007212,OP-004,Camille,Haddad,camille.haddad888@mail.com,CTY-LIS,PT,2026-03-09,PLAN-PAYG,true,active,2004
I,2026-04-01T00:00:00Z,RD-007213,OP-004,Aina,Fischer,aina.fischer698@outlook.com,CTY-LIS,PT,2024-09-30,PLAN-PAYG,true,active,2002
I,2026-04-01T00:00:00Z,RD-007214,OP-004,Freja,Moreno,freja.moreno326@proton.me,CTY-LIS,PT,2025-01-14,PLAN-PAYG,true,active,1999
I,2026-04-01T00:00:00Z,RD-007216,OP-004,Yasmin,Moreno,yasmin.moreno522@correo.es,CTY-LIS,PT,2024-05-06,PLAN-PAYG,false,active,1969
I,2026-04-01T00:00:00Z,RD-007217,OP-004,Ivan,Kowalski,ivan.kowalski763@outlook.com,CTY-LIS,PT,2024-06-18,PLAN-PAYG,true,active,1963
I,2026-04-01T00:00:00Z,RD-007219,OP-004,Beatriz,Haddad,beatriz.haddad949@outlook.com,CTY-LIS,PT,2024-05-19,PLAN-PAYG,true,active,1980
I,2026-04-01T00:00:00Z,RD-007220,OP-004,Hugo,Martin,hugo.martin177@correo.es,CTY-LIS,PT,2024-02-07,PLAN-PAYG,false,active,2001
I,2026-04-01T00:00:00Z,RD-007221,OP-004,Lucia,Almeida,lucia.almeida707@mail.com,CTY-LIS,PT,2024-02-23,PLAN-COMMUTE,false,active,1976
I,2026-04-01T00:00:00Z,RD-007222,OP-004,Louis,Vidal,louis.vidal337@outlook.com,CTY-LIS,PT,2024-01-01,PLAN-PAYG,false,active,2004
I,2026-04-01T00:00:00Z,RD-007225,OP-004,Karim,Haddad,karim.haddad808@outlook.com,CTY-LIS,PT,2025-09-12,PLAN-UNLIMITED,false,active,1988
I,2026-04-01T00:00:00Z,RD-007226,OP-004,Ivan,Garcia,ivan.garcia835@mail.com,CTY-LIS,PT,2025-08-31,PLAN-PAYG,false,active,1975
I,2026-04-01T00:00:00Z,RD-007227,OP-004,Thomas,Moreno,thomas.moreno457@mail.com,CTY-LIS,PT,2025-12-08,PLAN-PAYG,false,active,1969
I,2026-04-01T00:00:00Z,RD-007228,OP-004,Omar,Garcia,omar.garcia691@outlook.com,CTY-LIS,PT,2024-11-04,PLAN-PAYG,true,active,1988
I,2026-04-01T00:00:00Z,RD-007229,OP-004,Sofia,Kowalski,sofia.kowalski664@mail.com,CTY-LIS,PT,2024-05-29,PLAN-COMMUTE,true,active,2002
I,2026-04-01T00:00:00Z,RD-007230,OP-004,Hugo,Rossi,hugo.rossi786@gmx.de,CTY-LIS,PT,2025-03-19,PLAN-PAYG,true,active,2001
I,2026-04-01T00:00:00Z,RD-007231,OP-004,Astrid,Vidal,astrid.vidal748@correo.es,CTY-LIS,PT,2025-10-15,PLAN-PAYG,false,active,1986
I,2026-04-01T00:00:00Z,RD-007232,OP-004,Oskar,Pereira,oskar.pereira634@mail.com,CTY-LIS,PT,2025-04-20,PLAN-UNLIMITED,false,active,1990
I,2026-04-01T00:00:00Z,RD-007233,OP-004,Yasmin,Lopez,yasmin.lopez476@outlook.com,CTY-LIS,PT,2024-05-25,PLAN-PAYG,false,active,2007
I,2026-04-01T00:00:00Z,RD-007234,OP-004,Marta,Moreno,marta.moreno591@proton.me,CTY-LIS,PT,2024-12-22,PLAN-PAYG,true,active,1977
I,2026-04-01T00:00:00Z,RD-007235,OP-004,Camille,Conti,camille.conti646@outlook.com,CTY-LIS,PT,2026-03-01,PLAN-PAYG,true,active,1991
I,2026-04-01T00:00:00Z,RD-007236,OP-004,Louis,Andersson,louis.andersson436@outlook.com,CTY-LIS,PT,2025-07-23,PLAN-PAYG,false,active,1969
I,2026-04-01T00:00:00Z,RD-007238,OP-004,Chloe,Costa,chloe.costa15@correo.es,CTY-LIS,PT,2024-10-01,PLAN-PAYG,true,active,1989
I,2026-04-01T00:00:00Z,RD-007239,OP-004,Karim,Almeida,karim.almeida673@gmx.de,CTY-LIS,PT,2025-06-16,PLAN-PAYG,true,active,1968
I,2026-04-01T00:00:00Z,RD-007240,OP-004,Elin,Fischer,elin.fischer134@correo.es,CTY-LIS,PT,2025-10-30,PLAN-PAYG,false,active,1995
I,2026-04-01T00:00:00Z,RD-007241,OP-004,Pablo,Benali,pablo.benali14@gmx.de,CTY-LIS,PT,2025-02-21,PLAN-PAYG,true,active,2007
I,2026-04-01T00:00:00Z,RD-007242,OP-004,Astrid,Roux,astrid.roux37@gmx.de,CTY-LIS,PT,2025-04-30,PLAN-COMMUTE,false,active,1981
I,2026-04-01T00:00:00Z,RD-007243,OP-004,Rui,Weber,rui.weber864@proton.me,CTY-LIS,PT,2024-04-08,PLAN-PAYG,true,active,1972
I,2026-04-01T00:00:00Z,RD-007244,OP-004,Freja,Haddad,freja.haddad844@correo.es,CTY-LIS,PT,2024-11-17,PLAN-PAYG,false,active,1976
I,2026-04-01T00:00:00Z,RD-007245,OP-004,Nora,Roux,nora.roux22@outlook.com,CTY-LIS,PT,2024-08-01,PLAN-COMMUTE,false,active,2000
I,2026-04-01T00:00:00Z,RD-007246,OP-004,Astrid,Bernard,astrid.bernard215@mail.com,CTY-LIS,PT,2024-07-20,PLAN-PAYG,true,active,1965
I,2026-04-01T00:00:00Z,RD-007247,OP-004,Ines,Silva,ines.silva659@gmx.de,CTY-LIS,PT,2024-02-14,PLAN-PAYG,false,active,2001
I,2026-04-01T00:00:00Z,RD-007248,OP-004,Ines,Garcia,ines.garcia262@mail.com,CTY-LIS,PT,2024-09-21,PLAN-PAYG,false,active,1989
I,2026-04-01T00:00:00Z,RD-007249,OP-004,Oskar,Conti,oskar.conti81@outlook.com,CTY-LIS,PT,2025-01-08,PLAN-STUDENT,false,active,2006
I,2026-04-01T00:00:00Z,RD-007250,OP-004,Ivan,Weber,ivan.weber966@mail.com,CTY-LIS,PT,2024-12-19,PLAN-PAYG,false,active,2007
I,2026-04-01T00:00:00Z,RD-007252,OP-004,Marta,Haddad,marta.haddad375@gmx.de,CTY-LIS,PT,2024-11-23,PLAN-CORP,true,active,1973
I,2026-04-01T00:00:00Z,RD-007254,OP-004,Diego,Berg,diego.berg860@outlook.com,CTY-LIS,PT,2024-07-07,PLAN-PAYG,false,active,2004
I,2026-04-01T00:00:00Z,RD-007255,OP-004,Ines,Dubois,ines.dubois160@proton.me,CTY-LIS,PT,2024-10-30,PLAN-CORP,false,active,1976
I,2026-04-01T00:00:00Z,RD-007256,OP-004,Marta,Berg,marta.berg844@gmx.de,CTY-LIS,PT,2024-11-24,PLAN-PAYG,false,active,1990
I,2026-04-01T00:00:00Z,RD-007257,OP-004,Tiago,Novak,tiago.novak292@mail.com,CTY-LIS,PT,2025-12-28,PLAN-UNLIMITED,true,active,1996
I,2026-04-01T00:00:00Z,RD-007258,OP-004,Tiago,Serra,tiago.serra14@gmx.de,CTY-LIS,PT,2024-03-06,PLAN-COMMUTE,true,active,1984
I,2026-04-01T00:00:00Z,RD-007260,OP-004,Hugo,Lindqvist,hugo.lindqvist445@proton.me,CTY-LIS,PT,2024-03-26,PLAN-PAYG,false,active,1986
I,2026-04-01T00:00:00Z,RD-007261,OP-004,Ivan,Novak,ivan.novak1@mail.com,CTY-LIS,PT,2024-08-15,PLAN-UNLIMITED,false,active,2005
I,2026-04-01T00:00:00Z,RD-007262,OP-004,Yasmin,Andersson,yasmin.andersson874@mail.com,CTY-LIS,PT,2025-08-17,PLAN-PAYG,false,active,1980
I,2026-04-01T00:00:00Z,RD-007263,OP-004,Marta,Dubois,marta.dubois374@gmx.de,CTY-LIS,PT,2025-10-06,PLAN-COMMUTE,false,active,1967
I,2026-04-01T00:00:00Z,RD-007264,OP-004,Sofia,Almeida,sofia.almeida216@gmx.de,CTY-LIS,PT,2025-03-29,PLAN-COMMUTE,true,active,2006
I,2026-04-01T00:00:00Z,RD-007266,OP-004,Karim,Dubois,karim.dubois673@proton.me,CTY-LIS,PT,2024-04-13,PLAN-PAYG,false,active,1985
I,2026-04-01T00:00:00Z,RD-007267,OP-004,Nils,Kowalski,nils.kowalski924@proton.me,CTY-LIS,PT,2024-11-19,PLAN-PAYG,true,active,1987
I,2026-04-01T00:00:00Z,RD-007268,OP-004,Nora,Lindqvist,nora.lindqvist521@proton.me,CTY-LIS,PT,2024-12-14,PLAN-PAYG,true,active,1967
I,2026-04-01T00:00:00Z,RD-007269,OP-004,Joan,Pereira,joan.pereira471@outlook.com,CTY-LIS,PT,2025-02-22,PLAN-PAYG,true,active,2001
I,2026-04-01T00:00:00Z,RD-007270,OP-004,Nadia,Serra,nadia.serra659@proton.me,CTY-LIS,PT,2025-08-21,PLAN-UNLIMITED,true,active,1981
I,2026-04-01T00:00:00Z,RD-007271,OP-004,Diego,Andersson,diego.andersson516@gmx.de,CTY-LIS,PT,2024-06-25,PLAN-PAYG,false,active,1973
I,2026-04-01T00:00:00Z,RD-007272,OP-004,Chloe,Bernard,chloe.bernard613@gmx.de,CTY-LIS,PT,2025-05-23,PLAN-PAYG,false,active,1966
I,2026-04-01T00:00:00Z,RD-007273,OP-004,Emil,Conti,emil.conti254@proton.me,CTY-LIS,PT,2025-12-17,PLAN-COMMUTE,true,active,1969
I,2026-04-01T00:00:00Z,RD-007274,OP-004,Joan,Martin,joan.martin490@proton.me,CTY-LIS,PT,2025-03-11,PLAN-COMMUTE,true,active,1985
I,2026-04-01T00:00:00Z,RD-007275,OP-004,Nora,Nilsson,nora.nilsson38@correo.es,CTY-LIS,PT,2024-12-08,PLAN-PAYG,true,active,1989
I,2026-04-01T00:00:00Z,RD-007276,OP-004,Louis,Conti,louis.conti372@gmx.de,CTY-LIS,PT,2025-11-10,PLAN-COMMUTE,true,active,2002
I,2026-04-01T00:00:00Z,RD-007278,OP-004,Marta,Bernard,marta.bernard877@proton.me,CTY-LIS,PT,2025-01-14,PLAN-UNLIMITED,false,active,1989
I,2026-04-01T00:00:00Z,RD-007279,OP-004,Antoine,Garcia,antoine.garcia898@correo.es,CTY-LIS,PT,2025-01-19,PLAN-COMMUTE,false,active,1970
I,2026-04-01T00:00:00Z,RD-007280,OP-004,Tiago,Weber,tiago.weber148@proton.me,CTY-LIS,PT,2024-07-01,PLAN-PAYG,true,active,1967
I,2026-04-01T00:00:00Z,RD-007281,OP-004,Astrid,Lindqvist,astrid.lindqvist971@gmx.de,CTY-LIS,PT,2026-02-04,PLAN-TOURIST,false,active,1991
I,2026-04-01T00:00:00Z,RD-007282,OP-004,Ivan,Benali,ivan.benali795@mail.com,CTY-LIS,PT,2025-11-27,PLAN-UNLIMITED,true,active,1993
I,2026-04-01T00:00:00Z,RD-007283,OP-004,Louis,Martin,louis.martin683@correo.es,CTY-LIS,PT,2026-03-17,PLAN-PAYG,false,active,1988
I,2026-04-01T00:00:00Z,RD-007284,OP-004,Lucia,Berg,lucia.berg422@gmx.de,CTY-LIS,PT,2025-03-18,PLAN-COMMUTE,false,active,2002
I,2026-04-01T00:00:00Z,RD-007285,OP-004,Pablo,Pereira,pablo.pereira162@proton.me,CTY-LIS,PT,2024-06-09,PLAN-PAYG,true,active,1974
I,2026-04-01T00:00:00Z,RD-007287,OP-004,Chloe,Berg,chloe.berg467@proton.me,CTY-LIS,PT,2024-03-30,PLAN-PAYG,true,active,1989
I,2026-04-01T00:00:00Z,RD-007288,OP-004,Pablo,Nilsson,pablo.nilsson75@mail.com,CTY-LIS,PT,2025-10-13,PLAN-COMMUTE,false,active,2003
I,2026-04-01T00:00:00Z,RD-007289,OP-004,Emil,Bernard,emil.bernard251@correo.es,CTY-LIS,PT,2025-07-29,PLAN-PAYG,true,active,1993
I,2026-04-01T00:00:00Z,RD-007290,OP-004,Marta,Lindqvist,marta.lindqvist119@gmx.de,CTY-LIS,PT,2026-02-05,PLAN-PAYG,false,active,1992
I,2026-04-01T00:00:00Z,RD-007291,OP-004,Marta,Silva,marta.silva663@mail.com,CTY-LIS,PT,2024-09-11,PLAN-PAYG,false,active,1967
I,2026-04-01T00:00:00Z,RD-007292,OP-004,Rui,Roux,rui.roux395@mail.com,CTY-LIS,PT,2025-11-24,PLAN-PAYG,false,active,2006
I,2026-04-01T00:00:00Z,RD-007293,OP-004,Hugo,Nilsson,hugo.nilsson974@outlook.com,CTY-LIS,PT,2025-07-14,PLAN-PAYG,true,active,1966
I,2026-04-01T00:00:00Z,RD-007294,OP-004,Joan,Andersson,joan.andersson852@outlook.com,CTY-LIS,PT,2025-07-09,PLAN-PAYG,false,active,1995
I,2026-04-01T00:00:00Z,RD-007295,OP-004,Freja,Andersson,freja.andersson783@mail.com,CTY-LIS,PT,2025-11-02,PLAN-UNLIMITED,true,active,1980
I,2026-04-01T00:00:00Z,RD-007296,OP-004,Manon,Berg,manon.berg77@proton.me,CTY-LIS,PT,2025-02-02,PLAN-PAYG,true,active,1974
I,2026-04-01T00:00:00Z,RD-007297,OP-004,Antoine,Garcia,antoine.garcia291@outlook.com,CTY-LIS,PT,2024-12-01,PLAN-PAYG,false,active,1967
I,2026-04-01T00:00:00Z,RD-007299,OP-004,Tiago,Garcia,tiago.garcia490@gmx.de,CTY-LIS,PT,2025-10-30,PLAN-TOURIST,false,active,1985
I,2026-04-01T00:00:00Z,RD-007300,OP-004,Ines,Rossi,ines.rossi739@mail.com,CTY-LIS,PT,2026-03-11,PLAN-PAYG,true,active,1994
I,2026-04-01T00:00:00Z,RD-007301,OP-004,Astrid,Lopez,astrid.lopez615@outlook.com,CTY-LIS,PT,2025-07-05,PLAN-COMMUTE,false,active,1998
I,2026-04-01T00:00:00Z,RD-007302,OP-004,Chloe,Lindqvist,chloe.lindqvist775@gmx.de,CTY-LIS,PT,2024-10-15,PLAN-COMMUTE,false,active,1996
I,2026-04-01T00:00:00Z,RD-007303,OP-004,Nadia,Conti,nadia.conti24@gmx.de,CTY-LIS,PT,2025-09-24,PLAN-UNLIMITED,false,active,1974
I,2026-04-01T00:00:00Z,RD-007304,OP-004,Camille,Ferrer,camille.ferrer765@outlook.com,CTY-LIS,PT,2025-08-28,PLAN-PAYG,false,active,1966
I,2026-04-01T00:00:00Z,RD-007305,OP-004,Manon,Berg,manon.berg696@proton.me,CTY-LIS,PT,2026-03-23,PLAN-COMMUTE,true,active,1980
I,2026-04-01T00:00:00Z,RD-007306,OP-004,Oskar,Conti,oskar.conti234@proton.me,CTY-LIS,PT,2025-03-10,PLAN-PAYG,false,active,1969
I,2026-04-01T00:00:00Z,RD-007307,OP-004,Aina,Bernard,aina.bernard201@proton.me,CTY-LIS,PT,2025-02-25,PLAN-COMMUTE,false,active,1976
I,2026-04-01T00:00:00Z,RD-007308,OP-004,Nadia,Lopez,nadia.lopez202@correo.es,CTY-LIS,PT,2024-09-05,PLAN-TOURIST,false,active,1987
I,2026-04-01T00:00:00Z,RD-007309,OP-004,Tiago,Novak,tiago.novak783@gmx.de,CTY-LIS,PT,2025-08-07,PLAN-PAYG,true,active,1969
I,2026-04-01T00:00:00Z,RD-007310,OP-004,Elin,Kowalski,elin.kowalski249@gmx.de,CTY-LIS,PT,2025-12-23,PLAN-PAYG,false,active,1971
I,2026-04-01T00:00:00Z,RD-007311,OP-004,Rui,Serra,rui.serra415@correo.es,CTY-LIS,PT,2024-11-25,PLAN-PAYG,true,active,1978
I,2026-04-01T00:00:00Z,RD-007312,OP-004,Yasmin,Andersson,yasmin.andersson91@correo.es,CTY-LIS,PT,2025-04-02,PLAN-PAYG,false,active,1993
I,2026-04-01T00:00:00Z,RD-007313,OP-004,Diego,Benali,diego.benali225@outlook.com,CTY-LIS,PT,2024-03-11,PLAN-PAYG,false,active,1994
I,2026-04-01T00:00:00Z,RD-007314,OP-004,Hugo,Bernard,hugo.bernard137@outlook.com,CTY-LIS,PT,2026-02-23,PLAN-PAYG,true,active,1978
I,2026-04-01T00:00:00Z,RD-007315,OP-004,Oskar,Almeida,oskar.almeida336@correo.es,CTY-LIS,PT,2025-12-05,PLAN-UNLIMITED,true,active,1992
I,2026-04-01T00:00:00Z,RD-007316,OP-004,Freja,Novak,freja.novak490@mail.com,CTY-LIS,PT,2024-02-26,PLAN-PAYG,false,active,1964
I,2026-04-01T00:00:00Z,RD-007317,OP-004,Tiago,Haddad,tiago.haddad271@correo.es,CTY-LIS,PT,2024-11-09,PLAN-COMMUTE,false,active,1999
I,2026-04-01T00:00:00Z,RD-007318,OP-004,Manon,Lindqvist,manon.lindqvist955@proton.me,CTY-LIS,PT,2025-11-01,PLAN-UNLIMITED,false,active,2006
I,2026-04-01T00:00:00Z,RD-007319,OP-004,Louis,Moreno,louis.moreno900@proton.me,CTY-LIS,PT,2025-01-06,PLAN-PAYG,false,active,1963
I,2026-04-01T00:00:00Z,RD-007320,OP-004,Nils,Kowalski,nils.kowalski769@mail.com,CTY-LIS,PT,2024-01-18,PLAN-STUDENT,true,active,1975
I,2026-04-01T00:00:00Z,RD-007321,OP-004,Lucia,Serra,lucia.serra912@proton.me,CTY-LIS,PT,2024-08-21,PLAN-PAYG,false,active,1994
I,2026-04-01T00:00:00Z,RD-007322,OP-004,Diego,Dubois,diego.dubois556@mail.com,CTY-LIS,PT,2024-02-10,PLAN-PAYG,true,active,1974
I,2026-04-01T00:00:00Z,RD-007323,OP-004,Elin,Garcia,elin.garcia279@correo.es,CTY-LIS,PT,2026-02-03,PLAN-PAYG,true,active,1994
I,2026-04-01T00:00:00Z,RD-007324,OP-004,Thomas,Benali,thomas.benali764@mail.com,CTY-LIS,PT,2025-06-23,PLAN-PAYG,false,active,1997
I,2026-04-01T00:00:00Z,RD-007325,OP-004,Elin,Moreno,elin.moreno442@outlook.com,CTY-LIS,PT,2025-11-06,PLAN-COMMUTE,true,active,1999
I,2026-04-01T00:00:00Z,RD-007327,OP-004,Oskar,Bernard,oskar.bernard997@gmx.de,CTY-LIS,PT,2024-07-17,PLAN-PAYG,false,active,1989
I,2026-04-01T00:00:00Z,RD-007328,OP-004,Omar,Conti,omar.conti631@correo.es,CTY-LIS,PT,2024-05-11,PLAN-PAYG,true,active,1993
I,2026-04-01T00:00:00Z,RD-007329,OP-004,Nora,Martin,nora.martin981@proton.me,CTY-LIS,PT,2025-06-01,PLAN-STUDENT,false,active,1989
I,2026-04-01T00:00:00Z,RD-007330,OP-004,Karim,Berg,karim.berg350@mail.com,CTY-LIS,PT,2025-11-10,PLAN-PAYG,true,active,1985
I,2026-04-01T00:00:00Z,RD-007331,OP-004,Louis,Dubois,louis.dubois922@gmx.de,CTY-LIS,PT,2024-09-29,PLAN-COMMUTE,false,active,1972
I,2026-04-01T00:00:00Z,RD-007332,OP-004,Tiago,Lindqvist,tiago.lindqvist553@proton.me,CTY-LIS,PT,2025-06-08,PLAN-COMMUTE,true,active,1968
I,2026-04-01T00:00:00Z,RD-007334,OP-004,Antoine,Dubois,antoine.dubois665@gmx.de,CTY-LIS,PT,2025-08-27,PLAN-COMMUTE,true,active,1962
I,2026-04-01T00:00:00Z,RD-007336,OP-004,Astrid,Costa,astrid.costa588@correo.es,CTY-LIS,PT,2024-08-13,PLAN-COMMUTE,false,active,1986
I,2026-04-01T00:00:00Z,RD-007337,OP-004,Astrid,Weber,astrid.weber803@mail.com,CTY-LIS,PT,2025-03-09,PLAN-CORP,false,active,1973
I,2026-04-01T00:00:00Z,RD-007338,OP-004,Emil,Ferrer,emil.ferrer617@proton.me,CTY-LIS,PT,2024-09-02,PLAN-COMMUTE,false,active,1980
I,2026-04-01T00:00:00Z,RD-007339,OP-004,Thomas,Bernard,thomas.bernard912@gmx.de,CTY-LIS,PT,2025-08-21,PLAN-COMMUTE,true,active,1994
I,2026-04-01T00:00:00Z,RD-007340,OP-004,Camille,Garcia,camille.garcia223@proton.me,CTY-LIS,PT,2025-01-10,PLAN-PAYG,false,active,2002
I,2026-04-01T00:00:00Z,RD-007341,OP-004,Lucia,Rossi,lucia.rossi42@gmx.de,CTY-LIS,PT,2025-05-29,PLAN-COMMUTE,false,active,2003
I,2026-04-01T00:00:00Z,RD-007342,OP-004,Louis,Fischer,louis.fischer353@gmx.de,CTY-LIS,PT,2024-03-04,PLAN-PAYG,true,active,1999
I,2026-04-01T00:00:00Z,RD-007343,OP-004,Hugo,Costa,hugo.costa595@mail.com,CTY-LIS,PT,2024-09-25,PLAN-PAYG,true,active,1997
I,2026-04-01T00:00:00Z,RD-007344,OP-004,Astrid,Berg,astrid.berg100@outlook.com,CTY-LIS,PT,2024-06-26,PLAN-COMMUTE,true,active,2007
I,2026-04-01T00:00:00Z,RD-007345,OP-004,Joan,Costa,joan.costa399@outlook.com,CTY-LIS,PT,2025-05-07,PLAN-PAYG,false,active,1986
I,2026-04-01T00:00:00Z,RD-007347,OP-004,Sofia,Moreno,sofia.moreno692@proton.me,CTY-LIS,PT,2025-07-18,PLAN-COMMUTE,true,active,1963
I,2026-04-01T00:00:00Z,RD-007349,OP-004,Nora,Ferrer,nora.ferrer349@proton.me,CTY-LIS,PT,2026-02-25,PLAN-PAYG,false,active,1983
I,2026-04-01T00:00:00Z,RD-007350,OP-004,Karim,Lindqvist,karim.lindqvist393@proton.me,CTY-LIS,PT,2025-07-18,PLAN-PAYG,true,active,1989
I,2026-04-01T00:00:00Z,RD-007351,OP-004,Yasmin,Weber,yasmin.weber887@mail.com,CTY-LIS,PT,2024-05-28,PLAN-PAYG,true,active,1979
I,2026-04-01T00:00:00Z,RD-007352,OP-004,Elin,Roux,elin.roux901@gmx.de,CTY-LIS,PT,2025-01-01,PLAN-PAYG,false,active,1978
I,2026-04-01T00:00:00Z,RD-007353,OP-004,Chloe,Rossi,chloe.rossi357@mail.com,CTY-LIS,PT,2025-11-25,PLAN-COMMUTE,false,active,1994
I,2026-04-01T00:00:00Z,RD-007354,OP-004,Nora,Rossi,nora.rossi430@correo.es,CTY-LIS,PT,2026-01-29,PLAN-COMMUTE,true,active,1994
I,2026-04-01T00:00:00Z,RD-007355,OP-004,Aina,Lindqvist,aina.lindqvist383@outlook.com,CTY-LIS,PT,2024-01-29,PLAN-PAYG,true,active,1974
I,2026-04-01T00:00:00Z,RD-007356,OP-004,Ivan,Rossi,ivan.rossi284@proton.me,CTY-LIS,PT,2024-01-21,PLAN-COMMUTE,true,active,1971
I,2026-04-01T00:00:00Z,RD-007357,OP-004,Omar,Martin,omar.martin132@gmx.de,CTY-LIS,PT,2024-07-06,PLAN-PAYG,false,active,1982
I,2026-04-01T00:00:00Z,RD-007358,OP-004,Tiago,Conti,tiago.conti106@proton.me,CTY-LIS,PT,2024-04-10,PLAN-PAYG,false,active,2001
I,2026-04-01T00:00:00Z,RD-007359,OP-004,Yasmin,Conti,yasmin.conti964@mail.com,CTY-LIS,PT,2025-04-01,PLAN-PAYG,true,active,1969
I,2026-04-01T00:00:00Z,RD-007360,OP-004,Sofia,Kowalski,sofia.kowalski453@proton.me,CTY-LIS,PT,2025-03-28,PLAN-STUDENT,false,active,1974
I,2026-04-01T00:00:00Z,RD-007361,OP-004,Pablo,Rossi,pablo.rossi537@mail.com,CTY-LIS,PT,2024-07-22,PLAN-COMMUTE,false,active,1971
I,2026-04-01T00:00:00Z,RD-007362,OP-004,Camille,Conti,camille.conti770@proton.me,CTY-LIS,PT,2025-06-07,PLAN-UNLIMITED,true,active,1967
I,2026-04-01T00:00:00Z,RD-007363,OP-004,Ines,Conti,ines.conti169@outlook.com,CTY-LIS,PT,2025-08-02,PLAN-PAYG,false,active,2007
I,2026-04-01T00:00:00Z,RD-007364,OP-004,Louis,Berg,louis.berg445@mail.com,CTY-LIS,PT,2024-05-13,PLAN-COMMUTE,true,active,1983
I,2026-04-01T00:00:00Z,RD-007365,OP-004,Louis,Roux,louis.roux765@outlook.com,CTY-LIS,PT,2025-07-09,PLAN-PAYG,true,active,1985
I,2026-04-01T00:00:00Z,RD-007366,OP-004,Camille,Nilsson,camille.nilsson522@gmx.de,CTY-LIS,PT,2026-03-02,PLAN-COMMUTE,false,active,1972
I,2026-04-01T00:00:00Z,RD-007367,OP-004,Karim,Garcia,karim.garcia372@gmx.de,CTY-LIS,PT,2026-02-18,PLAN-UNLIMITED,true,active,1994
I,2026-04-01T00:00:00Z,RD-007368,OP-004,Emil,Almeida,emil.almeida348@proton.me,CTY-LIS,PT,2025-11-16,PLAN-PAYG,true,active,1995
I,2026-04-01T00:00:00Z,RD-007369,OP-004,Nils,Pereira,nils.pereira320@gmx.de,CTY-LIS,PT,2024-03-19,PLAN-TOURIST,true,active,1999
I,2026-04-01T00:00:00Z,RD-007371,OP-004,Nora,Andersson,nora.andersson675@gmx.de,CTY-LIS,PT,2025-02-08,PLAN-STUDENT,true,active,2000
I,2026-04-01T00:00:00Z,RD-007372,OP-004,Camille,Nilsson,camille.nilsson585@mail.com,CTY-LIS,PT,2025-07-29,PLAN-COMMUTE,true,active,1963
I,2026-04-01T00:00:00Z,RD-007373,OP-004,Ines,Nilsson,ines.nilsson240@gmx.de,CTY-LIS,PT,2025-04-23,PLAN-COMMUTE,true,active,1998
I,2026-04-01T00:00:00Z,RD-007374,OP-004,Aina,Lopez,aina.lopez520@proton.me,CTY-LIS,PT,2025-11-15,PLAN-STUDENT,false,active,2007
I,2026-04-01T00:00:00Z,RD-007375,OP-004,Sofia,Rossi,sofia.rossi168@outlook.com,CTY-LIS,PT,2026-02-08,PLAN-CORP,true,active,1972
I,2026-04-01T00:00:00Z,RD-007376,OP-004,Marta,Fischer,marta.fischer692@outlook.com,CTY-LIS,PT,2024-05-31,PLAN-PAYG,true,active,1969
I,2026-04-01T00:00:00Z,RD-007377,OP-004,Beatriz,Ferrer,beatriz.ferrer437@gmx.de,CTY-LIS,PT,2024-10-19,PLAN-PAYG,true,active,2002
I,2026-04-01T00:00:00Z,RD-007378,OP-004,Louis,Fischer,louis.fischer362@proton.me,CTY-LIS,PT,2024-06-04,PLAN-PAYG,false,active,1976
I,2026-04-01T00:00:00Z,RD-007380,OP-004,Nils,Costa,nils.costa903@proton.me,CTY-LIS,PT,2025-02-28,PLAN-COMMUTE,true,active,1974
I,2026-04-01T00:00:00Z,RD-007381,OP-004,Astrid,Ferrer,astrid.ferrer845@mail.com,CTY-LIS,PT,2024-03-09,PLAN-COMMUTE,false,active,2007
I,2026-04-01T00:00:00Z,RD-007382,OP-004,Nadia,Costa,nadia.costa240@outlook.com,CTY-LIS,PT,2024-12-27,PLAN-UNLIMITED,true,active,1983
I,2026-04-01T00:00:00Z,RD-007383,OP-004,Manon,Rossi,manon.rossi705@correo.es,CTY-LIS,PT,2024-09-18,PLAN-PAYG,true,active,1992
I,2026-04-01T00:00:00Z,RD-007384,OP-004,Camille,Weber,camille.weber706@outlook.com,CTY-LIS,PT,2025-11-23,PLAN-PAYG,false,active,2001
I,2026-04-01T00:00:00Z,RD-007385,OP-004,Pablo,Rossi,pablo.rossi484@outlook.com,CTY-LIS,PT,2026-01-06,PLAN-PAYG,false,active,1983
I,2026-04-01T00:00:00Z,RD-007386,OP-004,Omar,Fischer,omar.fischer369@outlook.com,CTY-LIS,PT,2024-03-31,PLAN-COMMUTE,true,active,1995
I,2026-04-01T00:00:00Z,RD-007387,OP-004,Camille,Pereira,camille.pereira211@proton.me,CTY-LIS,PT,2025-09-08,PLAN-PAYG,true,active,1994
I,2026-04-01T00:00:00Z,RD-007388,OP-004,Camille,Dubois,camille.dubois489@mail.com,CTY-LIS,PT,2025-01-07,PLAN-PAYG,false,active,1973
I,2026-04-01T00:00:00Z,RD-007389,OP-004,Manon,Moreno,manon.moreno849@mail.com,CTY-LIS,PT,2024-02-20,PLAN-PAYG,false,active,2007
I,2026-04-01T00:00:00Z,RD-007390,OP-004,Antoine,Lopez,antoine.lopez299@mail.com,CTY-LIS,PT,2026-02-12,PLAN-PAYG,false,active,1989
I,2026-04-01T00:00:00Z,RD-007391,OP-004,Ines,Silva,ines.silva830@mail.com,CTY-LIS,PT,2024-02-09,PLAN-PAYG,false,active,1962
I,2026-04-01T00:00:00Z,RD-007394,OP-004,Nora,Dubois,nora.dubois142@correo.es,CTY-LIS,PT,2025-03-09,PLAN-PAYG,false,active,1992
I,2026-04-01T00:00:00Z,RD-007395,OP-004,Marta,Lopez,marta.lopez702@mail.com,CTY-LIS,PT,2025-02-07,PLAN-COMMUTE,false,active,2007
I,2026-04-01T00:00:00Z,RD-007396,OP-004,Chloe,Serra,chloe.serra413@proton.me,CTY-LIS,PT,2024-05-11,PLAN-COMMUTE,true,active,1986
I,2026-04-01T00:00:00Z,RD-007397,OP-004,Aina,Ferrer,aina.ferrer297@correo.es,CTY-LIS,PT,2024-08-25,PLAN-UNLIMITED,false,active,2007
I,2026-04-01T00:00:00Z,RD-007398,OP-004,Ines,Martin,ines.martin151@outlook.com,CTY-LIS,PT,2024-02-01,PLAN-PAYG,true,active,1994
I,2026-04-01T00:00:00Z,RD-007399,OP-004,Pablo,Lopez,pablo.lopez123@outlook.com,CTY-LIS,PT,2024-07-25,PLAN-PAYG,false,active,1974
I,2026-04-01T00:00:00Z,RD-007400,OP-004,Oskar,Haddad,oskar.haddad358@outlook.com,CTY-LIS,PT,2026-01-27,PLAN-PAYG,false,active,1977
I,2026-04-01T00:00:00Z,RD-007401,OP-004,Emil,Conti,emil.conti941@outlook.com,CTY-LIS,PT,2025-06-21,PLAN-UNLIMITED,true,active,1981
I,2026-04-01T00:00:00Z,RD-007402,OP-004,Elin,Kowalski,elin.kowalski623@outlook.com,CTY-LIS,PT,2024-05-07,PLAN-PAYG,true,active,2008
I,2026-04-01T00:00:00Z,RD-007403,OP-004,Nora,Andersson,nora.andersson504@correo.es,CTY-LIS,PT,2026-03-18,PLAN-PAYG,true,active,1997
I,2026-04-01T00:00:00Z,RD-007404,OP-004,Ines,Serra,ines.serra634@correo.es,CTY-LIS,PT,2024-08-18,PLAN-COMMUTE,false,active,1982
I,2026-04-01T00:00:00Z,RD-007405,OP-004,Diego,Lopez,diego.lopez484@mail.com,CTY-LIS,PT,2025-06-26,PLAN-PAYG,false,active,1980
I,2026-04-01T00:00:00Z,RD-007406,OP-004,Antoine,Nilsson,antoine.nilsson706@gmx.de,CTY-LIS,PT,2024-12-09,PLAN-PAYG,false,active,1974
I,2026-04-01T00:00:00Z,RD-007407,OP-004,Hugo,Nilsson,hugo.nilsson432@outlook.com,CTY-LIS,PT,2024-07-25,PLAN-PAYG,false,active,1964
I,2026-04-01T00:00:00Z,RD-007408,OP-004,Antoine,Serra,antoine.serra598@outlook.com,CTY-LIS,PT,2024-11-02,PLAN-CORP,false,active,2005
I,2026-04-01T00:00:00Z,RD-007410,OP-004,Beatriz,Pereira,beatriz.pereira758@correo.es,CTY-LIS,PT,2024-12-30,PLAN-COMMUTE,true,active,1962
I,2026-04-01T00:00:00Z,RD-007411,OP-004,Sofia,Weber,sofia.weber312@gmx.de,CTY-LIS,PT,2026-02-07,PLAN-PAYG,false,active,1970
I,2026-04-01T00:00:00Z,RD-007412,OP-004,Emil,Costa,emil.costa466@correo.es,CTY-LIS,PT,2024-08-07,PLAN-PAYG,false,active,2006
I,2026-04-01T00:00:00Z,RD-007413,OP-004,Beatriz,Costa,beatriz.costa262@gmx.de,CTY-LIS,PT,2024-05-30,PLAN-PAYG,false,active,2008
I,2026-04-01T00:00:00Z,RD-007414,OP-004,Pablo,Serra,pablo.serra930@outlook.com,CTY-LIS,PT,2025-01-21,PLAN-PAYG,true,active,1980
I,2026-04-01T00:00:00Z,RD-007415,OP-004,Camille,Novak,camille.novak612@correo.es,CTY-LIS,PT,2025-03-02,PLAN-UNLIMITED,true,active,1965
I,2026-04-01T00:00:00Z,RD-007416,OP-004,Beatriz,Moreno,beatriz.moreno736@outlook.com,CTY-LIS,PT,2024-12-20,PLAN-PAYG,false,active,1965
I,2026-04-01T00:00:00Z,RD-007417,OP-004,Aina,Benali,aina.benali521@outlook.com,CTY-LIS,PT,2024-01-18,PLAN-PAYG,false,active,1963
I,2026-04-01T00:00:00Z,RD-007418,OP-004,Nils,Kowalski,nils.kowalski211@proton.me,CTY-LIS,PT,2024-03-19,PLAN-PAYG,false,active,1993
I,2026-04-01T00:00:00Z,RD-007420,OP-004,Freja,Lopez,freja.lopez939@outlook.com,CTY-LIS,PT,2026-01-07,PLAN-COMMUTE,true,active,1969
I,2026-04-01T00:00:00Z,RD-007421,OP-004,Tiago,Garcia,tiago.garcia796@proton.me,CTY-LIS,PT,2024-11-03,PLAN-COMMUTE,true,active,1982
I,2026-04-01T00:00:00Z,RD-007422,OP-004,Joan,Fischer,joan.fischer336@mail.com,CTY-LIS,PT,2025-12-06,PLAN-PAYG,false,active,2000
I,2026-04-01T00:00:00Z,RD-007423,OP-004,Marta,Pereira,marta.pereira957@gmx.de,CTY-LIS,PT,2024-09-05,PLAN-PAYG,true,active,1991
I,2026-04-01T00:00:00Z,RD-007424,OP-004,Marta,Almeida,marta.almeida371@mail.com,CTY-LIS,PT,2025-11-03,PLAN-PAYG,true,active,1993
I,2026-04-01T00:00:00Z,RD-007425,OP-004,Antoine,Moreno,antoine.moreno644@gmx.de,CTY-LIS,PT,2025-09-26,PLAN-PAYG,true,active,1997
I,2026-04-01T00:00:00Z,RD-007426,OP-004,Nadia,Moreno,nadia.moreno269@mail.com,CTY-LIS,PT,2026-02-03,PLAN-COMMUTE,false,active,1992
I,2026-04-01T00:00:00Z,RD-007427,OP-004,Beatriz,Dubois,beatriz.dubois77@mail.com,CTY-LIS,PT,2024-08-05,PLAN-PAYG,false,active,1982
I,2026-04-01T00:00:00Z,RD-007428,OP-004,Thomas,Lopez,thomas.lopez764@correo.es,CTY-LIS,PT,2024-08-07,PLAN-COMMUTE,true,active,1995
I,2026-04-01T00:00:00Z,RD-007429,OP-004,Tiago,Lindqvist,tiago.lindqvist856@proton.me,CTY-LIS,PT,2026-03-19,PLAN-CORP,true,active,1999
I,2026-04-01T00:00:00Z,RD-007431,OP-004,Louis,Rossi,louis.rossi748@gmx.de,CTY-LIS,PT,2025-05-17,PLAN-PAYG,true,active,1999
I,2026-04-01T00:00:00Z,RD-007434,OP-004,Elin,Roux,elin.roux820@correo.es,CTY-LIS,PT,2026-01-31,PLAN-STUDENT,true,active,2008
I,2026-04-01T00:00:00Z,RD-007435,OP-004,Karim,Benali,karim.benali169@mail.com,CTY-LIS,PT,2024-06-13,PLAN-PAYG,false,active,1973
I,2026-04-01T00:00:00Z,RD-007436,OP-004,Marta,Pereira,marta.pereira177@outlook.com,CTY-LIS,PT,2025-05-14,PLAN-TOURIST,true,active,1988
I,2026-04-01T00:00:00Z,RD-007437,OP-004,Manon,Lopez,manon.lopez731@mail.com,CTY-LIS,PT,2024-11-08,PLAN-COMMUTE,true,active,1973
I,2026-04-01T00:00:00Z,RD-007438,OP-004,Karim,Bernard,karim.bernard946@correo.es,CTY-LIS,PT,2025-12-15,PLAN-COMMUTE,true,active,2008
I,2026-04-01T00:00:00Z,RD-007439,OP-004,Manon,Bernard,manon.bernard447@gmx.de,CTY-LIS,PT,2024-06-29,PLAN-COMMUTE,true,active,1997
I,2026-04-01T00:00:00Z,RD-007440,OP-004,Joan,Lindqvist,joan.lindqvist644@correo.es,CTY-LIS,PT,2024-04-19,PLAN-PAYG,false,active,1982
I,2026-04-01T00:00:00Z,RD-007441,OP-004,Camille,Fischer,camille.fischer803@proton.me,CTY-LIS,PT,2025-12-17,PLAN-PAYG,true,active,1984
I,2026-04-01T00:00:00Z,RD-007442,OP-004,Astrid,Bernard,astrid.bernard426@outlook.com,CTY-LIS,PT,2024-08-27,PLAN-PAYG,true,active,1963
I,2026-04-01T00:00:00Z,RD-007444,OP-004,Camille,Lopez,camille.lopez910@correo.es,CTY-LIS,PT,2024-04-19,PLAN-UNLIMITED,true,active,1963
I,2026-04-01T00:00:00Z,RD-007446,OP-004,Aina,Serra,aina.serra641@correo.es,CTY-LIS,PT,2024-09-27,PLAN-COMMUTE,false,active,1984
I,2026-04-01T00:00:00Z,RD-007447,OP-004,Aina,Moreno,aina.moreno454@gmx.de,CTY-LIS,PT,2024-02-02,PLAN-PAYG,true,active,2008
I,2026-04-01T00:00:00Z,RD-007448,OP-004,Oskar,Rossi,oskar.rossi941@outlook.com,CTY-LIS,PT,2025-08-26,PLAN-PAYG,false,active,1969
I,2026-04-01T00:00:00Z,RD-007450,OP-004,Marta,Kowalski,marta.kowalski170@correo.es,CTY-LIS,PT,2024-04-19,PLAN-COMMUTE,false,active,1965
I,2026-04-01T00:00:00Z,RD-007451,OP-004,Yasmin,Lopez,yasmin.lopez928@outlook.com,CTY-LIS,PT,2024-06-19,PLAN-PAYG,false,active,1965
I,2026-04-01T00:00:00Z,RD-007453,OP-004,Tiago,Garcia,tiago.garcia97@gmx.de,CTY-LIS,PT,2025-08-26,PLAN-COMMUTE,true,active,1993
I,2026-04-01T00:00:00Z,RD-007454,OP-004,Omar,Moreno,omar.moreno283@gmx.de,CTY-LIS,PT,2024-02-02,PLAN-PAYG,true,active,1978
I,2026-04-01T00:00:00Z,RD-007455,OP-004,Freja,Rossi,freja.rossi124@proton.me,CTY-LIS,PT,2026-03-23,PLAN-PAYG,false,active,1966
I,2026-04-01T00:00:00Z,RD-007456,OP-004,Joan,Haddad,joan.haddad813@gmx.de,CTY-LIS,PT,2024-08-20,PLAN-PAYG,true,active,1983
I,2026-04-01T00:00:00Z,RD-007457,OP-004,Omar,Benali,omar.benali479@gmx.de,CTY-LIS,PT,2024-06-12,PLAN-UNLIMITED,false,active,1973
I,2026-04-01T00:00:00Z,RD-007458,OP-004,Diego,Martin,diego.martin762@mail.com,CTY-LIS,PT,2025-09-24,PLAN-PAYG,true,active,2005
I,2026-04-01T00:00:00Z,RD-007459,OP-004,Nora,Conti,nora.conti488@gmx.de,CTY-LIS,PT,2024-11-11,PLAN-PAYG,true,active,1992
I,2026-04-01T00:00:00Z,RD-007460,OP-004,Tiago,Andersson,tiago.andersson197@proton.me,CTY-LIS,PT,2025-03-07,PLAN-UNLIMITED,false,active,1964
I,2026-04-01T00:00:00Z,RD-007461,OP-004,Camille,Novak,camille.novak963@gmx.de,CTY-LIS,PT,2025-06-24,PLAN-PAYG,true,active,1968
I,2026-04-01T00:00:00Z,RD-007462,OP-004,Tiago,Costa,tiago.costa87@proton.me,CTY-LIS,PT,2025-05-01,PLAN-TOURIST,false,active,1990
I,2026-04-01T00:00:00Z,RD-007463,OP-004,Oskar,Martin,oskar.martin932@correo.es,CTY-LIS,PT,2025-03-19,PLAN-TOURIST,false,active,1966
I,2026-04-01T00:00:00Z,RD-007464,OP-004,Joan,Fischer,joan.fischer969@mail.com,CTY-LIS,PT,2024-04-15,PLAN-PAYG,true,active,1977
I,2026-04-01T00:00:00Z,RD-007465,OP-004,Marta,Martin,marta.martin752@gmx.de,CTY-LIS,PT,2025-12-21,PLAN-PAYG,false,active,1995
I,2026-04-01T00:00:00Z,RD-007466,OP-004,Aina,Bernard,aina.bernard850@proton.me,CTY-LIS,PT,2025-09-29,PLAN-PAYG,true,active,2008
I,2026-04-01T00:00:00Z,RD-007467,OP-004,Astrid,Novak,astrid.novak912@mail.com,CTY-LIS,PT,2025-01-28,PLAN-UNLIMITED,false,active,2000
I,2026-04-01T00:00:00Z,RD-007468,OP-004,Marta,Ferrer,marta.ferrer252@gmx.de,CTY-LIS,PT,2024-11-21,PLAN-COMMUTE,false,active,1982
I,2026-04-01T00:00:00Z,RD-007469,OP-004,Joan,Conti,joan.conti102@gmx.de,CTY-LIS,PT,2025-06-21,PLAN-PAYG,false,active,1977
I,2026-04-01T00:00:00Z,RD-007470,OP-004,Manon,Haddad,manon.haddad764@outlook.com,CTY-LIS,PT,2025-02-24,PLAN-PAYG,false,active,1973
I,2026-04-01T00:00:00Z,RD-007471,OP-004,Nils,Weber,nils.weber99@outlook.com,CTY-LIS,PT,2024-12-18,PLAN-CORP,true,active,2007
I,2026-04-01T00:00:00Z,RD-007472,OP-004,Yasmin,Lindqvist,yasmin.lindqvist194@gmx.de,CTY-LIS,PT,2024-08-26,PLAN-UNLIMITED,false,active,1967
I,2026-04-01T00:00:00Z,RD-007473,OP-004,Elin,Silva,elin.silva759@outlook.com,CTY-LIS,PT,2025-08-10,PLAN-PAYG,false,active,1992
I,2026-04-01T00:00:00Z,RD-007474,OP-004,Louis,Dubois,louis.dubois547@outlook.com,CTY-LIS,PT,2025-01-13,PLAN-COMMUTE,false,active,1969
I,2026-04-01T00:00:00Z,RD-007475,OP-004,Omar,Fischer,omar.fischer83@correo.es,CTY-LIS,PT,2024-02-29,PLAN-PAYG,true,active,2005
I,2026-04-01T00:00:00Z,RD-007476,OP-004,Camille,Martin,camille.martin821@outlook.com,CTY-LIS,PT,2024-03-10,PLAN-PAYG,false,active,2004
I,2026-04-01T00:00:00Z,RD-007477,OP-004,Chloe,Bernard,chloe.bernard170@outlook.com,CTY-LIS,PT,2025-08-15,PLAN-UNLIMITED,true,active,1998
I,2026-04-01T00:00:00Z,RD-007478,OP-004,Joan,Weber,joan.weber145@gmx.de,CTY-LIS,PT,2025-04-28,PLAN-PAYG,true,active,1965
I,2026-04-01T00:00:00Z,RD-007479,OP-004,Rui,Novak,rui.novak967@correo.es,CTY-LIS,PT,2025-02-28,PLAN-COMMUTE,true,active,1999
I,2026-04-01T00:00:00Z,RD-007480,OP-004,Manon,Berg,manon.berg683@proton.me,CTY-LIS,PT,2025-01-28,PLAN-PAYG,true,active,1988
I,2026-04-01T00:00:00Z,RD-007482,OP-004,Hugo,Bernard,hugo.bernard612@proton.me,CTY-LIS,PT,2026-02-07,PLAN-PAYG,false,active,1963
I,2026-04-01T00:00:00Z,RD-007483,OP-004,Astrid,Kowalski,astrid.kowalski596@mail.com,CTY-LIS,PT,2024-04-27,PLAN-PAYG,false,active,1969
I,2026-04-01T00:00:00Z,RD-007484,OP-004,Nils,Kowalski,nils.kowalski508@proton.me,CTY-LIS,PT,2024-04-16,PLAN-TOURIST,true,active,1993
I,2026-04-01T00:00:00Z,RD-007485,OP-004,Beatriz,Novak,beatriz.novak33@outlook.com,CTY-LIS,PT,2024-08-22,PLAN-STUDENT,false,active,1976
I,2026-04-01T00:00:00Z,RD-007486,OP-004,Antoine,Andersson,antoine.andersson692@outlook.com,CTY-LIS,PT,2024-04-28,PLAN-PAYG,true,active,1995
I,2026-04-01T00:00:00Z,RD-007487,OP-004,Nils,Nilsson,nils.nilsson541@gmx.de,CTY-LIS,PT,2024-09-21,PLAN-COMMUTE,false,active,1964
I,2026-04-01T00:00:00Z,RD-007488,OP-004,Hugo,Andersson,hugo.andersson461@gmx.de,CTY-LIS,PT,2026-03-09,PLAN-COMMUTE,false,active,1969
I,2026-04-01T00:00:00Z,RD-007489,OP-004,Karim,Costa,karim.costa54@correo.es,CTY-LIS,PT,2025-01-01,PLAN-STUDENT,true,active,1982
I,2026-04-01T00:00:00Z,RD-007490,OP-004,Thomas,Rossi,thomas.rossi496@gmx.de,CTY-LIS,PT,2024-01-11,PLAN-PAYG,true,active,1994
I,2026-04-01T00:00:00Z,RD-007493,OP-004,Emil,Kowalski,emil.kowalski436@proton.me,CTY-LIS,PT,2026-03-07,PLAN-COMMUTE,false,active,1982
I,2026-04-01T00:00:00Z,RD-007494,OP-004,Louis,Dubois,louis.dubois518@proton.me,CTY-LIS,PT,2026-02-13,PLAN-UNLIMITED,false,active,1971
I,2026-04-01T00:00:00Z,RD-007495,OP-004,Oskar,Garcia,oskar.garcia870@outlook.com,CTY-LIS,PT,2025-03-22,PLAN-PAYG,false,active,1983
I,2026-04-01T00:00:00Z,RD-007496,OP-004,Antoine,Bernard,antoine.bernard659@outlook.com,CTY-LIS,PT,2026-01-04,PLAN-PAYG,true,active,2004
I,2026-04-01T00:00:00Z,RD-007497,OP-004,Nora,Moreno,nora.moreno113@mail.com,CTY-LIS,PT,2024-04-20,PLAN-UNLIMITED,true,active,1993
I,2026-04-01T00:00:00Z,RD-007498,OP-004,Ines,Andersson,ines.andersson338@proton.me,CTY-LIS,PT,2024-08-21,PLAN-PAYG,true,active,1999
I,2026-04-01T00:00:00Z,RD-007499,OP-004,Chloe,Andersson,chloe.andersson436@mail.com,CTY-LIS,PT,2025-02-23,PLAN-PAYG,false,active,1985
I,2026-04-01T00:00:00Z,RD-007500,OP-004,Ines,Bernard,ines.bernard523@correo.es,CTY-LIS,PT,2026-03-12,PLAN-STUDENT,false,active,1963
I,2026-04-01T00:00:00Z,RD-007501,OP-004,Nils,Lopez,nils.lopez80@correo.es,CTY-LIS,PT,2025-04-06,PLAN-CORP,false,active,2006
I,2026-04-01T00:00:00Z,RD-007502,OP-004,Joan,Dubois,joan.dubois588@correo.es,CTY-LIS,PT,2024-09-28,PLAN-COMMUTE,false,active,1996
I,2026-04-01T00:00:00Z,RD-007503,OP-004,Hugo,Pereira,hugo.pereira803@outlook.com,CTY-LIS,PT,2024-02-29,PLAN-CORP,false,active,2004
I,2026-04-01T00:00:00Z,RD-007504,OP-004,Sofia,Nilsson,sofia.nilsson188@outlook.com,CTY-LIS,PT,2024-03-03,PLAN-PAYG,false,active,1999
I,2026-04-01T00:00:00Z,RD-007505,OP-004,Rui,Lopez,rui.lopez464@mail.com,CTY-LIS,PT,2025-04-12,PLAN-PAYG,false,active,1986
I,2026-04-01T00:00:00Z,RD-007506,OP-004,Thomas,Kowalski,thomas.kowalski596@mail.com,CTY-LIS,PT,2025-05-16,PLAN-STUDENT,true,active,1996
I,2026-04-01T00:00:00Z,RD-007507,OP-004,Nils,Weber,nils.weber63@mail.com,CTY-LIS,PT,2024-06-14,PLAN-PAYG,true,active,1997
I,2026-04-01T00:00:00Z,RD-007508,OP-004,Thomas,Kowalski,thomas.kowalski239@proton.me,CTY-LIS,PT,2024-10-23,PLAN-PAYG,true,active,1970
I,2026-04-01T00:00:00Z,RD-007509,OP-004,Freja,Fischer,freja.fischer538@outlook.com,CTY-LIS,PT,2024-07-02,PLAN-PAYG,true,active,1970
I,2026-04-01T00:00:00Z,RD-007510,OP-004,Sofia,Haddad,sofia.haddad93@outlook.com,CTY-LIS,PT,2025-02-21,PLAN-COMMUTE,true,active,1981
I,2026-04-01T00:00:00Z,RD-007511,OP-004,Yasmin,Roux,yasmin.roux698@proton.me,CTY-LIS,PT,2025-10-21,PLAN-PAYG,true,active,1968
I,2026-04-01T00:00:00Z,RD-007512,OP-004,Marta,Rossi,marta.rossi135@gmx.de,CTY-LIS,PT,2025-03-14,PLAN-PAYG,true,active,1969
I,2026-04-01T00:00:00Z,RD-007513,OP-004,Omar,Silva,omar.silva559@correo.es,CTY-LIS,PT,2024-04-18,PLAN-COMMUTE,false,active,1970
I,2026-04-01T00:00:00Z,RD-007514,OP-004,Hugo,Dubois,hugo.dubois413@outlook.com,CTY-LIS,PT,2024-01-10,PLAN-PAYG,false,active,1989
I,2026-04-01T00:00:00Z,RD-007515,OP-004,Oskar,Pereira,oskar.pereira34@gmx.de,CTY-LIS,PT,2024-09-13,PLAN-PAYG,true,active,2003
I,2026-04-01T00:00:00Z,RD-007516,OP-004,Joan,Andersson,joan.andersson598@proton.me,CTY-LIS,PT,2024-09-30,PLAN-PAYG,false,active,1985
I,2026-04-01T00:00:00Z,RD-007517,OP-004,Nils,Martin,nils.martin844@mail.com,CTY-LIS,PT,2024-06-12,PLAN-COMMUTE,false,active,2000
I,2026-04-01T00:00:00Z,RD-007518,OP-004,Tiago,Conti,tiago.conti656@gmx.de,CTY-LIS,PT,2025-03-18,PLAN-PAYG,false,active,1992
I,2026-04-01T00:00:00Z,RD-007519,OP-004,Yasmin,Conti,yasmin.conti125@correo.es,CTY-LIS,PT,2024-05-19,PLAN-CORP,true,active,2006
I,2026-04-01T00:00:00Z,RD-007520,OP-004,Rui,Lopez,rui.lopez539@correo.es,CTY-LIS,PT,2025-01-22,PLAN-STUDENT,true,active,1972
I,2026-04-01T00:00:00Z,RD-007521,OP-004,Antoine,Fischer,antoine.fischer463@proton.me,CTY-LIS,PT,2025-08-13,PLAN-PAYG,true,active,1973
I,2026-04-01T00:00:00Z,RD-007522,OP-004,Manon,Garcia,manon.garcia789@mail.com,CTY-LIS,PT,2024-03-27,PLAN-PAYG,false,active,1963
I,2026-04-01T00:00:00Z,RD-007523,OP-004,Yasmin,Novak,yasmin.novak417@proton.me,CTY-LIS,PT,2024-07-12,PLAN-PAYG,false,active,2000
I,2026-04-01T00:00:00Z,RD-007524,OP-004,Diego,Benali,diego.benali211@proton.me,CTY-LIS,PT,2025-07-27,PLAN-PAYG,false,active,1980
I,2026-04-01T00:00:00Z,RD-007525,OP-004,Emil,Andersson,emil.andersson340@proton.me,CTY-LIS,PT,2024-10-23,PLAN-PAYG,false,active,1985
I,2026-04-01T00:00:00Z,RD-007526,OP-004,Sofia,Haddad,sofia.haddad554@gmx.de,CTY-LIS,PT,2025-03-21,PLAN-PAYG,false,active,2005
I,2026-04-01T00:00:00Z,RD-007527,OP-004,Freja,Ferrer,freja.ferrer179@outlook.com,CTY-LIS,PT,2026-01-18,PLAN-PAYG,false,active,1969
I,2026-04-01T00:00:00Z,RD-007528,OP-004,Emil,Lopez,emil.lopez605@gmx.de,CTY-LIS,PT,2025-08-22,PLAN-PAYG,true,active,2003
I,2026-04-01T00:00:00Z,RD-007529,OP-004,Tiago,Andersson,tiago.andersson963@correo.es,CTY-LIS,PT,2024-08-06,PLAN-PAYG,true,active,1962
I,2026-04-01T00:00:00Z,RD-007530,OP-004,Diego,Serra,diego.serra975@gmx.de,CTY-LIS,PT,2025-11-04,PLAN-TOURIST,false,active,1992
I,2026-04-01T00:00:00Z,RD-007531,OP-004,Pablo,Serra,pablo.serra238@mail.com,CTY-LIS,PT,2025-03-27,PLAN-PAYG,true,active,1996
I,2026-04-01T00:00:00Z,RD-007532,OP-004,Joan,Almeida,joan.almeida277@correo.es,CTY-LIS,PT,2024-07-04,PLAN-PAYG,false,active,2002
I,2026-04-01T00:00:00Z,RD-007533,OP-004,Astrid,Almeida,astrid.almeida203@correo.es,CTY-LIS,PT,2024-11-23,PLAN-UNLIMITED,true,active,1998
I,2026-04-01T00:00:00Z,RD-007534,OP-004,Pablo,Roux,pablo.roux622@outlook.com,CTY-LIS,PT,2024-12-14,PLAN-PAYG,false,active,1969
I,2026-04-01T00:00:00Z,RD-007535,OP-004,Beatriz,Weber,beatriz.weber318@outlook.com,CTY-LIS,PT,2026-01-02,PLAN-PAYG,false,active,1980
I,2026-04-01T00:00:00Z,RD-007537,OP-004,Sofia,Almeida,sofia.almeida19@proton.me,CTY-LIS,PT,2025-12-20,PLAN-PAYG,false,active,2000
I,2026-04-01T00:00:00Z,RD-007538,OP-004,Nora,Roux,nora.roux245@outlook.com,CTY-LIS,PT,2025-05-17,PLAN-PAYG,false,active,1977
I,2026-04-01T00:00:00Z,RD-007539,OP-004,Emil,Garcia,emil.garcia173@mail.com,CTY-LIS,PT,2025-03-25,PLAN-COMMUTE,true,active,1997
I,2026-04-01T00:00:00Z,RD-007540,OP-004,Aina,Vidal,aina.vidal255@gmx.de,CTY-LIS,PT,2025-02-13,PLAN-PAYG,false,active,1986
I,2026-04-01T00:00:00Z,RD-007541,OP-004,Diego,Benali,diego.benali630@mail.com,CTY-LIS,PT,2024-11-30,PLAN-COMMUTE,false,active,1984
I,2026-04-01T00:00:00Z,RD-007542,OP-004,Hugo,Nilsson,hugo.nilsson74@proton.me,CTY-LIS,PT,2024-01-09,PLAN-PAYG,true,active,1980
I,2026-04-01T00:00:00Z,RD-007543,OP-004,Beatriz,Kowalski,beatriz.kowalski562@mail.com,CTY-LIS,PT,2025-04-05,PLAN-PAYG,true,active,1992
I,2026-04-01T00:00:00Z,RD-007544,OP-004,Emil,Garcia,emil.garcia751@gmx.de,CTY-LIS,PT,2026-03-24,PLAN-PAYG,false,active,2000
I,2026-04-01T00:00:00Z,RD-007545,OP-004,Omar,Vidal,omar.vidal861@outlook.com,CTY-LIS,PT,2024-09-01,PLAN-PAYG,true,active,1971
I,2026-04-01T00:00:00Z,RD-007546,OP-004,Yasmin,Lindqvist,yasmin.lindqvist752@mail.com,CTY-LIS,PT,2024-05-06,PLAN-COMMUTE,false,active,1979
I,2026-04-01T00:00:00Z,RD-007547,OP-004,Nadia,Novak,nadia.novak802@proton.me,CTY-LIS,PT,2024-02-26,PLAN-PAYG,true,active,1986
I,2026-04-01T00:00:00Z,RD-007548,OP-004,Hugo,Roux,hugo.roux259@correo.es,CTY-LIS,PT,2025-10-07,PLAN-PAYG,true,active,2004
I,2026-04-01T00:00:00Z,RD-007549,OP-004,Emil,Almeida,emil.almeida647@correo.es,CTY-LIS,PT,2026-01-14,PLAN-PAYG,false,active,1970
I,2026-04-01T00:00:00Z,RD-007550,OP-004,Beatriz,Berg,beatriz.berg293@proton.me,CTY-LIS,PT,2024-05-29,PLAN-PAYG,true,active,1972
I,2026-04-01T00:00:00Z,RD-007551,OP-004,Nadia,Pereira,nadia.pereira153@outlook.com,CTY-LIS,PT,2025-05-05,PLAN-UNLIMITED,true,active,1976
I,2026-04-01T00:00:00Z,RD-007552,OP-004,Diego,Conti,diego.conti388@mail.com,CTY-LIS,PT,2025-10-09,PLAN-COMMUTE,true,active,1973
I,2026-04-01T00:00:00Z,RD-007553,OP-004,Aina,Vidal,aina.vidal385@mail.com,CTY-LIS,PT,2024-12-04,PLAN-PAYG,false,active,1995
I,2026-04-01T00:00:00Z,RD-007554,OP-004,Nora,Nilsson,nora.nilsson929@mail.com,CTY-LIS,PT,2025-11-18,PLAN-STUDENT,true,active,1963
I,2026-04-01T00:00:00Z,RD-007556,OP-004,Thomas,Haddad,thomas.haddad296@correo.es,CTY-LIS,PT,2024-05-26,PLAN-PAYG,true,active,2000
I,2026-04-01T00:00:00Z,RD-007557,OP-004,Nils,Lindqvist,nils.lindqvist505@gmx.de,CTY-LIS,PT,2025-09-08,PLAN-PAYG,true,active,1971
I,2026-04-01T00:00:00Z,RD-007558,OP-004,Marta,Weber,marta.weber502@gmx.de,CTY-LIS,PT,2025-08-25,PLAN-COMMUTE,true,active,1963
I,2026-04-01T00:00:00Z,RD-007559,OP-004,Yasmin,Fischer,yasmin.fischer237@proton.me,CTY-LIS,PT,2025-09-17,PLAN-PAYG,false,active,1967
I,2026-04-01T00:00:00Z,RD-007560,OP-004,Sofia,Costa,sofia.costa753@outlook.com,CTY-LIS,PT,2026-02-27,PLAN-PAYG,false,active,2008
I,2026-04-01T00:00:00Z,RD-007561,OP-004,Diego,Vidal,diego.vidal926@proton.me,CTY-LIS,PT,2025-09-06,PLAN-UNLIMITED,false,active,1971
I,2026-04-01T00:00:00Z,RD-007562,OP-004,Nils,Roux,nils.roux237@correo.es,CTY-LIS,PT,2026-03-22,PLAN-TOURIST,false,active,1996
I,2026-04-01T00:00:00Z,RD-007563,OP-004,Nora,Andersson,nora.andersson381@proton.me,CTY-LIS,PT,2024-12-27,PLAN-COMMUTE,true,active,1993
I,2026-04-01T00:00:00Z,RD-007564,OP-004,Tiago,Silva,tiago.silva201@mail.com,CTY-LIS,PT,2025-08-31,PLAN-PAYG,false,active,1983
I,2026-04-01T00:00:00Z,RD-007565,OP-004,Nora,Moreno,nora.moreno259@gmx.de,CTY-LIS,PT,2025-03-06,PLAN-UNLIMITED,false,active,1990
I,2026-04-01T00:00:00Z,RD-007566,OP-004,Omar,Costa,omar.costa363@proton.me,CTY-LIS,PT,2024-02-05,PLAN-PAYG,false,active,1967
I,2026-04-01T00:00:00Z,RD-007567,OP-004,Oskar,Benali,oskar.benali553@correo.es,CTY-LIS,PT,2025-10-29,PLAN-UNLIMITED,true,active,1976
I,2026-04-01T00:00:00Z,RD-007568,OP-004,Oskar,Almeida,oskar.almeida670@gmx.de,CTY-LIS,PT,2025-10-09,PLAN-PAYG,true,active,1975
I,2026-04-01T00:00:00Z,RD-007569,OP-004,Elin,Weber,elin.weber780@mail.com,CTY-LIS,PT,2024-04-25,PLAN-COMMUTE,true,active,2008
I,2026-04-01T00:00:00Z,RD-007570,OP-004,Sofia,Lopez,sofia.lopez452@correo.es,CTY-LIS,PT,2024-08-26,PLAN-STUDENT,true,active,1963
I,2026-04-01T00:00:00Z,RD-007571,OP-004,Omar,Kowalski,omar.kowalski136@mail.com,CTY-LIS,PT,2024-05-11,PLAN-PAYG,false,active,1976
I,2026-04-01T00:00:00Z,RD-007574,OP-004,Marta,Benali,marta.benali827@gmx.de,CTY-LIS,PT,2025-02-27,PLAN-PAYG,false,active,1976
I,2026-04-01T00:00:00Z,RD-007575,OP-004,Omar,Benali,omar.benali876@proton.me,CTY-LIS,PT,2025-06-05,PLAN-PAYG,false,active,1997
I,2026-04-01T00:00:00Z,RD-007576,OP-004,Pablo,Haddad,pablo.haddad780@gmx.de,CTY-LIS,PT,2025-08-05,PLAN-COMMUTE,true,active,1967
I,2026-04-01T00:00:00Z,RD-007577,OP-004,Marta,Vidal,marta.vidal313@outlook.com,CTY-LIS,PT,2025-06-22,PLAN-COMMUTE,true,active,1982
I,2026-04-01T00:00:00Z,RD-007578,OP-004,Marta,Haddad,marta.haddad378@correo.es,CTY-LIS,PT,2025-03-29,PLAN-PAYG,false,active,2000
I,2026-04-01T00:00:00Z,RD-007579,OP-004,Diego,Bernard,diego.bernard894@correo.es,CTY-LIS,PT,2024-07-14,PLAN-PAYG,true,active,1977
I,2026-04-01T00:00:00Z,RD-007580,OP-004,Thomas,Weber,thomas.weber857@gmx.de,CTY-LIS,PT,2025-02-09,PLAN-COMMUTE,true,active,1972
I,2026-04-01T00:00:00Z,RD-007581,OP-004,Ivan,Benali,ivan.benali936@outlook.com,CTY-LIS,PT,2025-02-05,PLAN-PAYG,true,active,2004
I,2026-04-01T00:00:00Z,RD-007582,OP-004,Tiago,Almeida,tiago.almeida783@mail.com,CTY-LIS,PT,2025-11-29,PLAN-TOURIST,false,active,1967
I,2026-04-01T00:00:00Z,RD-007583,OP-004,Thomas,Almeida,thomas.almeida794@gmx.de,CTY-LIS,PT,2025-12-19,PLAN-UNLIMITED,false,active,2000
I,2026-04-01T00:00:00Z,RD-007584,OP-004,Karim,Vidal,karim.vidal796@gmx.de,CTY-LIS,PT,2025-03-01,PLAN-UNLIMITED,false,active,1997
I,2026-04-01T00:00:00Z,RD-007585,OP-004,Aina,Pereira,aina.pereira540@mail.com,CTY-LIS,PT,2024-02-23,PLAN-PAYG,false,active,1962
I,2026-04-01T00:00:00Z,RD-007586,OP-004,Nora,Serra,nora.serra761@mail.com,CTY-LIS,PT,2024-02-11,PLAN-STUDENT,false,active,2004
I,2026-04-01T00:00:00Z,RD-007587,OP-004,Nora,Haddad,nora.haddad274@outlook.com,CTY-LIS,PT,2025-12-11,PLAN-PAYG,true,active,1963
I,2026-04-01T00:00:00Z,RD-007588,OP-004,Oskar,Andersson,oskar.andersson661@outlook.com,CTY-LIS,PT,2025-06-25,PLAN-PAYG,true,active,2001
I,2026-04-01T00:00:00Z,RD-007590,OP-004,Thomas,Pereira,thomas.pereira783@mail.com,CTY-LIS,PT,2024-02-04,PLAN-PAYG,false,active,1971
I,2026-04-01T00:00:00Z,RD-007591,OP-004,Thomas,Roux,thomas.roux730@outlook.com,CTY-LIS,PT,2024-07-30,PLAN-PAYG,true,active,2002
I,2026-04-01T00:00:00Z,RD-007592,OP-004,Pablo,Ferrer,pablo.ferrer776@mail.com,CTY-LIS,PT,2025-01-05,PLAN-PAYG,false,active,1965
I,2026-04-01T00:00:00Z,RD-007594,OP-004,Louis,Novak,louis.novak596@proton.me,CTY-LIS,PT,2024-02-04,PLAN-COMMUTE,false,active,2005
I,2026-04-01T00:00:00Z,RD-007595,OP-004,Freja,Pereira,freja.pereira106@mail.com,CTY-LIS,PT,2024-09-03,PLAN-PAYG,false,active,1983
I,2026-04-01T00:00:00Z,RD-007597,OP-004,Elin,Conti,elin.conti485@mail.com,CTY-LIS,PT,2024-06-17,PLAN-PAYG,false,active,2006
I,2026-04-01T00:00:00Z,RD-007598,OP-004,Hugo,Novak,hugo.novak494@proton.me,CTY-LIS,PT,2024-01-14,PLAN-STUDENT,true,active,1976
I,2026-04-01T00:00:00Z,RD-007599,OP-004,Yasmin,Vidal,yasmin.vidal932@gmx.de,CTY-LIS,PT,2025-04-14,PLAN-PAYG,false,active,1981
I,2026-04-01T00:00:00Z,RD-007600,OP-004,Yasmin,Berg,yasmin.berg508@gmx.de,CTY-LIS,PT,2024-03-26,PLAN-COMMUTE,true,active,1988
I,2026-04-01T00:00:00Z,RD-007601,OP-004,Marta,Fischer,marta.fischer84@proton.me,CTY-LIS,PT,2025-02-11,PLAN-COMMUTE,false,active,2007
I,2026-04-01T00:00:00Z,RD-007602,OP-004,Freja,Lindqvist,freja.lindqvist205@proton.me,CTY-LIS,PT,2025-05-11,PLAN-PAYG,false,active,1992
I,2026-04-01T00:00:00Z,RD-007603,OP-004,Oskar,Roux,oskar.roux413@correo.es,CTY-LIS,PT,2024-09-03,PLAN-COMMUTE,false,active,1964
I,2026-04-01T00:00:00Z,RD-007604,OP-004,Pablo,Andersson,pablo.andersson571@outlook.com,CTY-LIS,PT,2025-09-21,PLAN-PAYG,true,active,1998
I,2026-04-01T00:00:00Z,RD-007605,OP-004,Elin,Dubois,elin.dubois178@correo.es,CTY-LIS,PT,2024-05-09,PLAN-UNLIMITED,true,active,2005
I,2026-04-01T00:00:00Z,RD-007606,OP-004,Karim,Silva,karim.silva220@gmx.de,CTY-LIS,PT,2024-05-19,PLAN-TOURIST,true,active,2004
I,2026-04-01T00:00:00Z,RD-007607,OP-004,Aina,Lindqvist,aina.lindqvist135@correo.es,CTY-LIS,PT,2026-02-18,PLAN-PAYG,true,active,1963
I,2026-04-01T00:00:00Z,RD-007608,OP-004,Pablo,Berg,pablo.berg145@correo.es,CTY-LIS,PT,2026-03-30,PLAN-UNLIMITED,false,active,1986
I,2026-04-01T00:00:00Z,RD-007609,OP-004,Yasmin,Almeida,yasmin.almeida449@proton.me,CTY-LIS,PT,2026-02-12,PLAN-PAYG,false,active,1968
I,2026-04-01T00:00:00Z,RD-007610,OP-004,Camille,Novak,camille.novak498@gmx.de,CTY-LIS,PT,2024-05-07,PLAN-PAYG,true,active,1969
I,2026-04-01T00:00:00Z,RD-007611,OP-004,Marta,Roux,marta.roux550@outlook.com,CTY-LIS,PT,2025-09-23,PLAN-UNLIMITED,true,active,2006
I,2026-04-01T00:00:00Z,RD-007612,OP-004,Beatriz,Garcia,beatriz.garcia446@outlook.com,CTY-LIS,PT,2024-04-12,PLAN-PAYG,false,active,1989
I,2026-04-01T00:00:00Z,RD-007613,OP-004,Ines,Garcia,ines.garcia846@proton.me,CTY-LIS,PT,2024-06-02,PLAN-COMMUTE,false,active,1980
I,2026-04-01T00:00:00Z,RD-007614,OP-004,Thomas,Roux,thomas.roux642@mail.com,CTY-LIS,PT,2025-10-06,PLAN-PAYG,false,active,2004
I,2026-04-01T00:00:00Z,RD-007615,OP-004,Chloe,Rossi,chloe.rossi288@proton.me,CTY-LIS,PT,2024-05-30,PLAN-CORP,false,active,2003
I,2026-04-01T00:00:00Z,RD-007616,OP-004,Tiago,Silva,tiago.silva468@proton.me,CTY-LIS,PT,2025-08-22,PLAN-PAYG,false,active,1998
I,2026-04-01T00:00:00Z,RD-007617,OP-004,Hugo,Pereira,hugo.pereira913@mail.com,CTY-LIS,PT,2025-11-24,PLAN-PAYG,true,active,1992
I,2026-04-01T00:00:00Z,RD-007618,OP-004,Yasmin,Dubois,yasmin.dubois630@gmx.de,CTY-LIS,PT,2025-02-24,PLAN-TOURIST,true,active,1983
I,2026-04-01T00:00:00Z,RD-007619,OP-004,Chloe,Nilsson,chloe.nilsson389@correo.es,CTY-LIS,PT,2025-04-24,PLAN-PAYG,false,active,2004
I,2026-04-01T00:00:00Z,RD-007620,OP-004,Tiago,Serra,tiago.serra197@proton.me,CTY-LIS,PT,2024-04-21,PLAN-COMMUTE,true,active,1985
I,2026-04-01T00:00:00Z,RD-007621,OP-004,Omar,Serra,omar.serra691@outlook.com,CTY-LIS,PT,2026-01-28,PLAN-PAYG,false,active,1970
I,2026-04-01T00:00:00Z,RD-007622,OP-004,Louis,Berg,louis.berg48@gmx.de,CTY-LIS,PT,2026-02-09,PLAN-PAYG,false,active,1976
I,2026-04-01T00:00:00Z,RD-007623,OP-004,Nadia,Silva,nadia.silva505@mail.com,CTY-LIS,PT,2025-11-02,PLAN-TOURIST,false,active,1970
I,2026-04-01T00:00:00Z,RD-007624,OP-004,Freja,Fischer,freja.fischer564@correo.es,CTY-LIS,PT,2025-08-09,PLAN-UNLIMITED,true,active,1971
I,2026-04-01T00:00:00Z,RD-007625,OP-004,Thomas,Conti,thomas.conti275@correo.es,CTY-LIS,PT,2024-02-09,PLAN-PAYG,false,active,1991
I,2026-04-01T00:00:00Z,RD-007626,OP-004,Beatriz,Garcia,beatriz.garcia95@correo.es,CTY-LIS,PT,2025-10-14,PLAN-UNLIMITED,false,active,1974
I,2026-04-01T00:00:00Z,RD-007627,OP-004,Hugo,Lindqvist,hugo.lindqvist64@outlook.com,CTY-LIS,PT,2024-11-12,PLAN-COMMUTE,false,active,1983
I,2026-04-01T00:00:00Z,RD-007628,OP-004,Marta,Fischer,marta.fischer498@mail.com,CTY-LIS,PT,2024-06-14,PLAN-COMMUTE,true,active,1986
I,2026-04-01T00:00:00Z,RD-007629,OP-004,Nora,Lopez,nora.lopez292@gmx.de,CTY-LIS,PT,2025-01-10,PLAN-COMMUTE,true,active,1989
I,2026-04-01T00:00:00Z,RD-007630,OP-004,Freja,Dubois,freja.dubois278@proton.me,CTY-LIS,PT,2025-01-25,PLAN-PAYG,true,active,2004
I,2026-04-01T00:00:00Z,RD-007631,OP-004,Karim,Weber,karim.weber65@proton.me,CTY-LIS,PT,2024-11-26,PLAN-PAYG,true,active,1987
I,2026-04-01T00:00:00Z,RD-007633,OP-004,Lucia,Fischer,lucia.fischer148@correo.es,CTY-LIS,PT,2025-01-07,PLAN-PAYG,false,active,1995
I,2026-04-01T00:00:00Z,RD-007634,OP-004,Emil,Fischer,emil.fischer7@outlook.com,CTY-LIS,PT,2024-01-28,PLAN-PAYG,false,active,1984
I,2026-04-01T00:00:00Z,RD-007635,OP-004,Joan,Pereira,joan.pereira826@gmx.de,CTY-LIS,PT,2024-07-29,PLAN-COMMUTE,false,active,1977
I,2026-04-01T00:00:00Z,RD-007636,OP-004,Louis,Andersson,louis.andersson120@correo.es,CTY-LIS,PT,2025-11-01,PLAN-PAYG,false,active,1981
I,2026-04-01T00:00:00Z,RD-007637,OP-004,Camille,Andersson,camille.andersson220@proton.me,CTY-LIS,PT,2025-10-30,PLAN-PAYG,false,active,1971
I,2026-04-01T00:00:00Z,RD-007638,OP-004,Marta,Andersson,marta.andersson58@correo.es,CTY-LIS,PT,2025-02-26,PLAN-COMMUTE,true,active,2002
I,2026-04-01T00:00:00Z,RD-007639,OP-004,Emil,Ferrer,emil.ferrer244@proton.me,CTY-LIS,PT,2025-04-26,PLAN-PAYG,true,active,1977
I,2026-04-01T00:00:00Z,RD-007640,OP-004,Lucia,Pereira,lucia.pereira453@proton.me,CTY-LIS,PT,2025-10-20,PLAN-PAYG,true,active,1979
I,2026-04-01T00:00:00Z,RD-007641,OP-004,Nadia,Almeida,nadia.almeida46@gmx.de,CTY-LIS,PT,2024-01-23,PLAN-PAYG,true,active,1966
I,2026-04-01T00:00:00Z,RD-007642,OP-004,Beatriz,Haddad,beatriz.haddad281@gmx.de,CTY-LIS,PT,2024-07-11,PLAN-COMMUTE,true,active,2003
I,2026-04-01T00:00:00Z,RD-007643,OP-004,Camille,Almeida,camille.almeida45@correo.es,CTY-LIS,PT,2025-09-24,PLAN-COMMUTE,false,active,2001
I,2026-04-01T00:00:00Z,RD-007644,OP-004,Chloe,Roux,chloe.roux672@correo.es,CTY-LIS,PT,2025-03-02,PLAN-PAYG,false,active,1983
I,2026-04-01T00:00:00Z,RD-007645,OP-004,Omar,Silva,omar.silva903@mail.com,CTY-LIS,PT,2024-11-07,PLAN-COMMUTE,false,active,2008
I,2026-04-01T00:00:00Z,RD-007646,OP-004,Oskar,Novak,oskar.novak534@outlook.com,CTY-LIS,PT,2024-02-14,PLAN-PAYG,false,active,1963
I,2026-04-01T00:00:00Z,RD-007647,OP-004,Ivan,Pereira,ivan.pereira597@mail.com,CTY-LIS,PT,2024-01-14,PLAN-COMMUTE,false,active,1967
I,2026-04-01T00:00:00Z,RD-007648,OP-004,Omar,Pereira,omar.pereira252@correo.es,CTY-LIS,PT,2024-05-06,PLAN-PAYG,true,active,1980
I,2026-04-01T00:00:00Z,RD-007649,OP-004,Elin,Fischer,elin.fischer32@gmx.de,CTY-LIS,PT,2025-06-30,PLAN-COMMUTE,true,active,1973
I,2026-04-01T00:00:00Z,RD-007650,OP-004,Thomas,Weber,thomas.weber274@gmx.de,CTY-LIS,PT,2024-10-11,PLAN-COMMUTE,true,active,1987
I,2026-04-01T00:00:00Z,RD-007651,OP-004,Diego,Haddad,diego.haddad933@mail.com,CTY-LIS,PT,2025-03-01,PLAN-COMMUTE,true,active,2002
I,2026-04-01T00:00:00Z,RD-007652,OP-004,Ines,Pereira,ines.pereira957@outlook.com,CTY-LIS,PT,2024-12-01,PLAN-PAYG,false,active,1991
I,2026-04-01T00:00:00Z,RD-007653,OP-004,Diego,Novak,diego.novak499@outlook.com,CTY-LIS,PT,2025-10-07,PLAN-PAYG,true,active,1990
I,2026-04-01T00:00:00Z,RD-007654,OP-004,Camille,Rossi,camille.rossi30@proton.me,CTY-LIS,PT,2025-12-08,PLAN-PAYG,true,active,1970
I,2026-04-01T00:00:00Z,RD-007655,OP-004,Oskar,Dubois,oskar.dubois32@correo.es,CTY-LIS,PT,2025-02-06,PLAN-COMMUTE,true,active,1971
I,2026-04-01T00:00:00Z,RD-007656,OP-004,Sofia,Roux,sofia.roux449@mail.com,CTY-LIS,PT,2025-12-17,PLAN-PAYG,true,active,1988
I,2026-04-01T00:00:00Z,RD-007658,OP-004,Louis,Garcia,louis.garcia696@outlook.com,CTY-LIS,PT,2024-04-25,PLAN-COMMUTE,false,active,2006
I,2026-04-01T00:00:00Z,RD-007659,OP-004,Nils,Nilsson,nils.nilsson8@gmx.de,CTY-LIS,PT,2025-03-31,PLAN-COMMUTE,false,active,2004
I,2026-04-01T00:00:00Z,RD-007660,OP-004,Marta,Lopez,marta.lopez72@correo.es,CTY-LIS,PT,2025-02-11,PLAN-PAYG,false,active,1970
I,2026-04-01T00:00:00Z,RD-007661,OP-004,Elin,Pereira,elin.pereira66@correo.es,CTY-LIS,PT,2024-12-21,PLAN-STUDENT,true,active,1989
I,2026-04-01T00:00:00Z,RD-007662,OP-004,Antoine,Fischer,antoine.fischer743@mail.com,CTY-LIS,PT,2025-05-28,PLAN-PAYG,true,active,1979
I,2026-04-01T00:00:00Z,RD-007663,OP-004,Hugo,Vidal,hugo.vidal300@proton.me,CTY-LIS,PT,2025-11-09,PLAN-PAYG,false,active,1995
I,2026-04-01T00:00:00Z,RD-007664,OP-004,Oskar,Moreno,oskar.moreno76@outlook.com,CTY-LIS,PT,2025-06-24,PLAN-PAYG,true,active,2003
I,2026-04-01T00:00:00Z,RD-007665,OP-004,Sofia,Berg,sofia.berg930@gmx.de,CTY-LIS,PT,2024-08-25,PLAN-COMMUTE,true,active,1964
I,2026-04-01T00:00:00Z,RD-007666,OP-004,Thomas,Novak,thomas.novak461@correo.es,CTY-LIS,PT,2026-03-17,PLAN-COMMUTE,false,active,1968
I,2026-04-01T00:00:00Z,RD-007667,OP-004,Sofia,Moreno,sofia.moreno994@correo.es,CTY-LIS,PT,2024-04-21,PLAN-COMMUTE,false,active,1995
I,2026-04-01T00:00:00Z,RD-007668,OP-004,Ines,Conti,ines.conti598@correo.es,CTY-LIS,PT,2024-03-10,PLAN-CORP,true,active,1986
I,2026-04-01T00:00:00Z,RD-007669,OP-004,Camille,Weber,camille.weber793@correo.es,CTY-LIS,PT,2024-04-02,PLAN-TOURIST,false,active,1999
I,2026-04-01T00:00:00Z,RD-007670,OP-004,Sofia,Pereira,sofia.pereira71@outlook.com,CTY-LIS,PT,2025-06-08,PLAN-PAYG,false,active,1970
I,2026-04-01T00:00:00Z,RD-007671,OP-004,Pablo,Haddad,pablo.haddad978@gmx.de,CTY-LIS,PT,2025-07-11,PLAN-PAYG,true,active,2001
I,2026-04-01T00:00:00Z,RD-007672,OP-004,Nora,Moreno,nora.moreno958@correo.es,CTY-LIS,PT,2024-11-14,PLAN-UNLIMITED,true,active,1967
I,2026-04-01T00:00:00Z,RD-007673,OP-004,Oskar,Nilsson,oskar.nilsson709@proton.me,CTY-LIS,PT,2025-08-18,PLAN-COMMUTE,true,active,1978
I,2026-04-01T00:00:00Z,RD-007674,OP-004,Karim,Benali,karim.benali586@outlook.com,CTY-LIS,PT,2025-12-04,PLAN-COMMUTE,true,active,1967
I,2026-04-01T00:00:00Z,RD-007675,OP-004,Antoine,Rossi,antoine.rossi388@mail.com,CTY-LIS,PT,2024-01-18,PLAN-PAYG,true,active,1999
I,2026-04-01T00:00:00Z,RD-007676,OP-004,Elin,Fischer,elin.fischer726@correo.es,CTY-LIS,PT,2026-02-14,PLAN-UNLIMITED,false,active,1984
I,2026-04-01T00:00:00Z,RD-007677,OP-004,Yasmin,Novak,yasmin.novak854@outlook.com,CTY-LIS,PT,2024-05-13,PLAN-COMMUTE,true,active,1996
I,2026-04-01T00:00:00Z,RD-007678,OP-004,Astrid,Rossi,astrid.rossi277@correo.es,CTY-LIS,PT,2025-06-06,PLAN-PAYG,false,active,1980
I,2026-04-01T00:00:00Z,RD-007679,OP-004,Beatriz,Lopez,beatriz.lopez462@proton.me,CTY-LIS,PT,2025-06-24,PLAN-STUDENT,true,active,1990
I,2026-04-01T00:00:00Z,RD-007680,OP-004,Nora,Garcia,nora.garcia171@mail.com,CTY-LIS,PT,2025-08-21,PLAN-STUDENT,true,active,1996
I,2026-04-01T00:00:00Z,RD-007681,OP-004,Tiago,Martin,tiago.martin429@outlook.com,CTY-LIS,PT,2026-03-07,PLAN-COMMUTE,true,active,1971
I,2026-04-01T00:00:00Z,RD-007682,OP-004,Manon,Haddad,manon.haddad58@mail.com,CTY-LIS,PT,2024-10-05,PLAN-PAYG,true,active,1994
I,2026-04-01T00:00:00Z,RD-007683,OP-004,Omar,Garcia,omar.garcia554@mail.com,CTY-LIS,PT,2025-03-01,PLAN-UNLIMITED,false,active,1977
I,2026-04-01T00:00:00Z,RD-007684,OP-004,Hugo,Bernard,hugo.bernard475@gmx.de,CTY-LIS,PT,2025-08-11,PLAN-COMMUTE,true,active,1991
I,2026-04-01T00:00:00Z,RD-007686,OP-004,Omar,Costa,omar.costa343@proton.me,CTY-LIS,PT,2025-11-10,PLAN-PAYG,false,active,1976
I,2026-04-01T00:00:00Z,RD-007687,OP-004,Sofia,Garcia,sofia.garcia446@proton.me,CTY-LIS,PT,2024-06-02,PLAN-PAYG,true,active,1991
I,2026-04-01T00:00:00Z,RD-007688,OP-004,Aina,Fischer,aina.fischer240@outlook.com,CTY-LIS,PT,2024-11-21,PLAN-UNLIMITED,false,active,1978
I,2026-04-01T00:00:00Z,RD-007689,OP-004,Nadia,Andersson,nadia.andersson643@proton.me,CTY-LIS,PT,2025-12-16,PLAN-PAYG,true,active,1996
I,2026-04-01T00:00:00Z,RD-007690,OP-004,Nils,Haddad,nils.haddad796@correo.es,CTY-LIS,PT,2024-10-12,PLAN-COMMUTE,true,active,1994
I,2026-04-01T00:00:00Z,RD-007691,OP-004,Oskar,Haddad,oskar.haddad53@mail.com,CTY-LIS,PT,2024-09-04,PLAN-UNLIMITED,false,active,2000
I,2026-04-01T00:00:00Z,RD-007692,OP-004,Aina,Serra,aina.serra423@outlook.com,CTY-LIS,PT,2024-09-29,PLAN-COMMUTE,false,active,2002
I,2026-04-01T00:00:00Z,RD-007693,OP-004,Pablo,Pereira,pablo.pereira128@mail.com,CTY-LIS,PT,2026-03-05,PLAN-PAYG,false,active,1964
I,2026-04-01T00:00:00Z,RD-007694,OP-004,Thomas,Ferrer,thomas.ferrer868@outlook.com,CTY-LIS,PT,2024-01-21,PLAN-PAYG,false,active,1976
I,2026-04-01T00:00:00Z,RD-007695,OP-004,Astrid,Roux,astrid.roux412@gmx.de,CTY-LIS,PT,2025-03-23,PLAN-PAYG,false,active,1969
I,2026-04-01T00:00:00Z,RD-007696,OP-004,Rui,Silva,rui.silva495@correo.es,CTY-LIS,PT,2024-12-05,PLAN-COMMUTE,true,active,1978
I,2026-04-01T00:00:00Z,RD-007697,OP-004,Lucia,Novak,lucia.novak832@gmx.de,CTY-LIS,PT,2025-03-04,PLAN-PAYG,false,active,1993
I,2026-04-01T00:00:00Z,RD-007698,OP-004,Louis,Kowalski,louis.kowalski670@correo.es,CTY-LIS,PT,2025-12-18,PLAN-COMMUTE,true,active,1993
I,2026-04-01T00:00:00Z,RD-007699,OP-004,Hugo,Costa,hugo.costa732@mail.com,CTY-LIS,PT,2026-03-28,PLAN-PAYG,true,active,1984
I,2026-04-01T00:00:00Z,RD-007700,OP-004,Rui,Rossi,rui.rossi791@mail.com,CTY-LIS,PT,2024-06-09,PLAN-COMMUTE,true,active,2004
I,2026-04-01T00:00:00Z,RD-007701,OP-004,Omar,Ferrer,omar.ferrer995@outlook.com,CTY-LIS,PT,2025-09-04,PLAN-PAYG,true,active,2008
I,2026-04-01T00:00:00Z,RD-007702,OP-004,Yasmin,Berg,yasmin.berg97@correo.es,CTY-LIS,PT,2025-03-18,PLAN-COMMUTE,true,active,1962
I,2026-04-01T00:00:00Z,RD-007703,OP-004,Nora,Silva,nora.silva466@proton.me,CTY-LIS,PT,2024-01-27,PLAN-UNLIMITED,true,active,1965
I,2026-04-01T00:00:00Z,RD-007704,OP-004,Nadia,Haddad,nadia.haddad960@gmx.de,CTY-LIS,PT,2024-02-29,PLAN-COMMUTE,true,active,1994
I,2026-04-01T00:00:00Z,RD-007705,OP-004,Emil,Benali,emil.benali232@outlook.com,CTY-LIS,PT,2025-01-20,PLAN-COMMUTE,false,active,1977
I,2026-04-01T00:00:00Z,RD-007706,OP-004,Elin,Conti,elin.conti560@mail.com,CTY-LIS,PT,2025-02-04,PLAN-COMMUTE,false,active,1973
I,2026-04-01T00:00:00Z,RD-007707,OP-004,Yasmin,Andersson,yasmin.andersson696@mail.com,CTY-LIS,PT,2026-01-09,PLAN-PAYG,false,active,1976
I,2026-04-01T00:00:00Z,RD-007709,OP-004,Lucia,Silva,lucia.silva849@mail.com,CTY-LIS,PT,2025-07-05,PLAN-CORP,false,active,1993
I,2026-04-01T00:00:00Z,RD-007710,OP-004,Nadia,Roux,nadia.roux438@outlook.com,CTY-LIS,PT,2026-02-28,PLAN-PAYG,true,active,1980
I,2026-04-01T00:00:00Z,RD-007711,OP-004,Chloe,Rossi,chloe.rossi924@gmx.de,CTY-LIS,PT,2024-09-27,PLAN-CORP,false,active,1984
I,2026-04-01T00:00:00Z,RD-007712,OP-004,Nadia,Lindqvist,nadia.lindqvist957@correo.es,CTY-LIS,PT,2024-02-14,PLAN-TOURIST,false,active,1997
I,2026-04-01T00:00:00Z,RD-007714,OP-004,Sofia,Bernard,sofia.bernard181@gmx.de,CTY-LIS,PT,2024-03-05,PLAN-PAYG,true,active,2005
I,2026-04-01T00:00:00Z,RD-007715,OP-004,Freja,Costa,freja.costa840@proton.me,CTY-LIS,PT,2025-09-15,PLAN-COMMUTE,false,active,1990
I,2026-04-01T00:00:00Z,RD-007716,OP-004,Sofia,Garcia,sofia.garcia904@gmx.de,CTY-LIS,PT,2026-01-07,PLAN-PAYG,false,active,1988
I,2026-04-01T00:00:00Z,RD-007718,OP-004,Elin,Weber,elin.weber194@correo.es,CTY-LIS,PT,2025-06-26,PLAN-PAYG,true,active,1974
I,2026-04-01T00:00:00Z,RD-007719,OP-004,Joan,Bernard,joan.bernard75@correo.es,CTY-LIS,PT,2026-01-08,PLAN-PAYG,false,active,1974
I,2026-04-01T00:00:00Z,RD-007720,OP-004,Rui,Dubois,rui.dubois321@mail.com,CTY-LIS,PT,2026-02-03,PLAN-PAYG,true,active,2004
I,2026-04-01T00:00:00Z,RD-007721,OP-004,Ivan,Haddad,ivan.haddad679@correo.es,CTY-LIS,PT,2024-11-12,PLAN-COMMUTE,true,active,1965
I,2026-04-01T00:00:00Z,RD-007722,OP-004,Nadia,Haddad,nadia.haddad453@proton.me,CTY-LIS,PT,2024-05-04,PLAN-STUDENT,false,active,2001
I,2026-04-01T00:00:00Z,RD-007723,OP-004,Camille,Moreno,camille.moreno208@correo.es,CTY-LIS,PT,2025-06-05,PLAN-PAYG,false,active,1968
I,2026-04-01T00:00:00Z,RD-007724,OP-004,Pablo,Garcia,pablo.garcia908@proton.me,CTY-LIS,PT,2025-03-12,PLAN-PAYG,true,active,1980
I,2026-04-01T00:00:00Z,RD-007725,OP-004,Rui,Lopez,rui.lopez592@outlook.com,CTY-LIS,PT,2025-02-28,PLAN-PAYG,false,active,2008
I,2026-04-01T00:00:00Z,RD-007726,OP-004,Astrid,Novak,astrid.novak475@proton.me,CTY-LIS,PT,2025-04-08,PLAN-PAYG,false,active,1979
I,2026-04-01T00:00:00Z,RD-007727,OP-004,Thomas,Almeida,thomas.almeida936@mail.com,CTY-LIS,PT,2024-08-01,PLAN-COMMUTE,false,active,1971
I,2026-04-01T00:00:00Z,RD-007728,OP-004,Pablo,Weber,pablo.weber864@outlook.com,CTY-LIS,PT,2025-05-12,PLAN-PAYG,true,active,1992
I,2026-04-01T00:00:00Z,RD-007730,OP-004,Diego,Serra,diego.serra309@gmx.de,CTY-LIS,PT,2024-09-10,PLAN-COMMUTE,false,active,1974
I,2026-04-01T00:00:00Z,RD-007731,OP-004,Louis,Costa,louis.costa471@correo.es,CTY-LIS,PT,2026-01-16,PLAN-PAYG,true,active,1975
I,2026-04-01T00:00:00Z,RD-007732,OP-004,Oskar,Nilsson,oskar.nilsson322@outlook.com,CTY-LIS,PT,2024-07-03,PLAN-PAYG,false,active,1982
I,2026-04-01T00:00:00Z,RD-007733,OP-004,Nils,Fischer,nils.fischer320@correo.es,CTY-LIS,PT,2024-10-24,PLAN-PAYG,true,active,1996
I,2026-04-01T00:00:00Z,RD-007734,OP-004,Pablo,Conti,pablo.conti80@correo.es,CTY-LIS,PT,2025-01-30,PLAN-PAYG,true,active,1976
I,2026-04-01T00:00:00Z,RD-007735,OP-004,Nadia,Lindqvist,nadia.lindqvist149@outlook.com,CTY-LIS,PT,2026-01-12,PLAN-COMMUTE,false,active,1989
I,2026-04-01T00:00:00Z,RD-007736,OP-004,Marta,Bernard,marta.bernard700@proton.me,CTY-LIS,PT,2025-01-30,PLAN-TOURIST,true,active,1992
I,2026-04-01T00:00:00Z,RD-007737,OP-004,Aina,Nilsson,aina.nilsson953@mail.com,CTY-LIS,PT,2025-06-25,PLAN-COMMUTE,true,active,1994
I,2026-04-01T00:00:00Z,RD-007738,OP-004,Emil,Benali,emil.benali105@proton.me,CTY-LIS,PT,2025-05-09,PLAN-UNLIMITED,true,active,1996
I,2026-04-01T00:00:00Z,RD-007739,OP-004,Antoine,Berg,antoine.berg956@correo.es,CTY-LIS,PT,2024-11-22,PLAN-PAYG,true,active,1966
I,2026-04-01T00:00:00Z,RD-007740,OP-004,Oskar,Conti,oskar.conti330@mail.com,CTY-LIS,PT,2025-05-20,PLAN-PAYG,true,active,1989
I,2026-04-01T00:00:00Z,RD-007741,OP-004,Lucia,Lindqvist,lucia.lindqvist59@proton.me,CTY-LIS,PT,2024-11-07,PLAN-STUDENT,true,active,1972
I,2026-04-01T00:00:00Z,RD-007742,OP-004,Nora,Almeida,nora.almeida98@outlook.com,CTY-LIS,PT,2025-06-02,PLAN-STUDENT,false,active,1998
I,2026-04-01T00:00:00Z,RD-007743,OP-004,Rui,Lopez,rui.lopez85@correo.es,CTY-LIS,PT,2026-03-19,PLAN-PAYG,true,active,1988
I,2026-04-01T00:00:00Z,RD-007744,OP-004,Freja,Lopez,freja.lopez614@proton.me,CTY-LIS,PT,2026-03-04,PLAN-PAYG,true,active,1999
I,2026-04-01T00:00:00Z,RD-007745,OP-004,Astrid,Haddad,astrid.haddad806@outlook.com,CTY-LIS,PT,2025-03-17,PLAN-PAYG,true,active,1986
I,2026-04-01T00:00:00Z,RD-007746,OP-004,Hugo,Almeida,hugo.almeida776@gmx.de,CTY-LIS,PT,2024-04-06,PLAN-PAYG,true,active,1988
I,2026-04-01T00:00:00Z,RD-007747,OP-004,Louis,Rossi,louis.rossi43@mail.com,CTY-LIS,PT,2025-05-19,PLAN-PAYG,true,active,1969
I,2026-04-01T00:00:00Z,RD-007748,OP-004,Antoine,Vidal,antoine.vidal744@correo.es,CTY-LIS,PT,2025-11-14,PLAN-PAYG,false,active,1969
I,2026-04-01T00:00:00Z,RD-007749,OP-004,Manon,Benali,manon.benali981@mail.com,CTY-LIS,PT,2025-10-28,PLAN-COMMUTE,false,active,1971
I,2026-04-01T00:00:00Z,RD-007750,OP-004,Astrid,Lindqvist,astrid.lindqvist487@correo.es,CTY-LIS,PT,2025-03-15,PLAN-STUDENT,true,active,1997
I,2026-04-01T00:00:00Z,RD-007751,OP-004,Yasmin,Berg,yasmin.berg533@proton.me,CTY-LIS,PT,2025-05-14,PLAN-COMMUTE,false,active,1994
I,2026-04-01T00:00:00Z,RD-007752,OP-004,Karim,Berg,karim.berg555@gmx.de,CTY-LIS,PT,2024-11-03,PLAN-UNLIMITED,true,active,1970
I,2026-04-01T00:00:00Z,RD-007753,OP-004,Marta,Pereira,marta.pereira387@outlook.com,CTY-LIS,PT,2026-01-24,PLAN-STUDENT,true,active,1992
I,2026-04-01T00:00:00Z,RD-007754,OP-004,Marta,Moreno,marta.moreno694@outlook.com,CTY-LIS,PT,2025-09-25,PLAN-PAYG,true,active,2006
I,2026-04-01T00:00:00Z,RD-007756,OP-004,Tiago,Fischer,tiago.fischer149@gmx.de,CTY-LIS,PT,2026-01-16,PLAN-COMMUTE,true,active,1975
I,2026-04-01T00:00:00Z,RD-007757,OP-004,Chloe,Haddad,chloe.haddad606@proton.me,CTY-LIS,PT,2024-03-19,PLAN-UNLIMITED,true,active,1988
I,2026-04-01T00:00:00Z,RD-007758,OP-004,Ines,Pereira,ines.pereira163@mail.com,CTY-LIS,PT,2024-09-29,PLAN-PAYG,true,active,2008
I,2026-04-01T00:00:00Z,RD-007759,OP-004,Aina,Rossi,aina.rossi8@outlook.com,CTY-LIS,PT,2024-03-09,PLAN-COMMUTE,true,active,1995
I,2026-04-01T00:00:00Z,RD-007760,OP-004,Chloe,Vidal,chloe.vidal387@gmx.de,CTY-LIS,PT,2024-11-18,PLAN-PAYG,true,active,1993
I,2026-04-01T00:00:00Z,RD-007761,OP-004,Nils,Rossi,nils.rossi234@correo.es,CTY-LIS,PT,2025-04-23,PLAN-PAYG,false,active,1972
I,2026-04-01T00:00:00Z,RD-007762,OP-004,Nils,Kowalski,nils.kowalski454@correo.es,CTY-LIS,PT,2025-04-05,PLAN-PAYG,false,active,1970
I,2026-04-01T00:00:00Z,RD-007763,OP-004,Yasmin,Andersson,yasmin.andersson498@outlook.com,CTY-LIS,PT,2024-05-20,PLAN-COMMUTE,true,active,1980
I,2026-04-01T00:00:00Z,RD-007764,OP-004,Joan,Dubois,joan.dubois922@proton.me,CTY-LIS,PT,2026-01-29,PLAN-PAYG,false,active,1987
I,2026-04-01T00:00:00Z,RD-007765,OP-004,Nils,Berg,nils.berg883@gmx.de,CTY-LIS,PT,2025-12-31,PLAN-PAYG,true,active,2003
I,2026-04-01T00:00:00Z,RD-007766,OP-004,Elin,Almeida,elin.almeida235@mail.com,CTY-LIS,PT,2024-04-30,PLAN-COMMUTE,false,active,1987
I,2026-04-01T00:00:00Z,RD-007767,OP-004,Freja,Weber,freja.weber628@proton.me,CTY-LIS,PT,2024-06-06,PLAN-PAYG,false,active,1983
I,2026-04-01T00:00:00Z,RD-007768,OP-004,Pablo,Andersson,pablo.andersson892@proton.me,CTY-LIS,PT,2024-12-29,PLAN-PAYG,true,active,1966
I,2026-04-01T00:00:00Z,RD-007769,OP-004,Louis,Berg,louis.berg412@outlook.com,CTY-LIS,PT,2024-01-15,PLAN-PAYG,false,active,2002
I,2026-04-01T00:00:00Z,RD-007770,OP-004,Elin,Haddad,elin.haddad704@mail.com,CTY-LIS,PT,2025-01-08,PLAN-CORP,false,active,1975
I,2026-04-01T00:00:00Z,RD-007771,OP-004,Louis,Fischer,louis.fischer233@proton.me,CTY-LIS,PT,2024-06-24,PLAN-PAYG,false,active,2002
I,2026-04-01T00:00:00Z,RD-007772,OP-004,Diego,Andersson,diego.andersson738@proton.me,CTY-LIS,PT,2024-07-08,PLAN-PAYG,true,active,1992
I,2026-04-01T00:00:00Z,RD-007773,OP-004,Tiago,Berg,tiago.berg944@correo.es,CTY-LIS,PT,2025-12-19,PLAN-PAYG,true,active,1986
I,2026-04-01T00:00:00Z,RD-007774,OP-004,Nadia,Rossi,nadia.rossi834@gmx.de,CTY-LIS,PT,2025-04-07,PLAN-COMMUTE,false,active,2007
I,2026-04-01T00:00:00Z,RD-007775,OP-004,Oskar,Bernard,oskar.bernard56@correo.es,CTY-LIS,PT,2025-12-15,PLAN-PAYG,true,active,1992
I,2026-04-01T00:00:00Z,RD-007776,OP-004,Camille,Fischer,camille.fischer337@proton.me,CTY-LIS,PT,2026-02-06,PLAN-PAYG,true,active,1988
I,2026-04-01T00:00:00Z,RD-007777,OP-004,Astrid,Nilsson,astrid.nilsson395@proton.me,CTY-LIS,PT,2025-06-21,PLAN-COMMUTE,true,active,1980
I,2026-04-01T00:00:00Z,RD-007778,OP-004,Thomas,Garcia,thomas.garcia719@gmx.de,CTY-LIS,PT,2025-05-22,PLAN-STUDENT,false,active,2003
I,2026-04-01T00:00:00Z,RD-007779,OP-004,Yasmin,Novak,yasmin.novak465@gmx.de,CTY-LIS,PT,2024-01-18,PLAN-PAYG,false,active,1978
I,2026-04-01T00:00:00Z,RD-007780,OP-004,Diego,Haddad,diego.haddad887@outlook.com,CTY-LIS,PT,2024-09-10,PLAN-PAYG,false,active,1997
I,2026-04-01T00:00:00Z,RD-007781,OP-004,Antoine,Moreno,antoine.moreno171@gmx.de,CTY-LIS,PT,2024-11-14,PLAN-COMMUTE,true,active,1980
I,2026-04-01T00:00:00Z,RD-007782,OP-004,Manon,Andersson,manon.andersson763@gmx.de,CTY-LIS,PT,2024-10-24,PLAN-PAYG,true,active,2007
I,2026-04-01T00:00:00Z,RD-007783,OP-004,Karim,Pereira,karim.pereira182@correo.es,CTY-LIS,PT,2025-10-17,PLAN-PAYG,false,active,2007
I,2026-04-01T00:00:00Z,RD-007784,OP-004,Nils,Martin,nils.martin161@proton.me,CTY-LIS,PT,2025-09-25,PLAN-PAYG,false,active,1976
I,2026-04-01T00:00:00Z,RD-007785,OP-004,Karim,Berg,karim.berg765@mail.com,CTY-LIS,PT,2026-01-16,PLAN-UNLIMITED,true,active,1981
I,2026-04-01T00:00:00Z,RD-007786,OP-004,Ines,Kowalski,ines.kowalski625@proton.me,CTY-LIS,PT,2025-07-04,PLAN-PAYG,false,active,1968
I,2026-04-01T00:00:00Z,RD-007787,OP-004,Diego,Pereira,diego.pereira985@mail.com,CTY-LIS,PT,2025-11-03,PLAN-COMMUTE,true,active,2005
I,2026-04-01T00:00:00Z,RD-007788,OP-004,Freja,Roux,freja.roux491@gmx.de,CTY-LIS,PT,2025-01-06,PLAN-TOURIST,true,active,1973
I,2026-04-01T00:00:00Z,RD-007789,OP-004,Chloe,Bernard,chloe.bernard13@gmx.de,CTY-LIS,PT,2025-05-12,PLAN-PAYG,false,active,1966
I,2026-04-01T00:00:00Z,RD-007790,OP-004,Tiago,Almeida,tiago.almeida66@correo.es,CTY-LIS,PT,2025-11-06,PLAN-UNLIMITED,true,active,1978
I,2026-04-01T00:00:00Z,RD-007791,OP-004,Joan,Roux,joan.roux144@outlook.com,CTY-LIS,PT,2025-02-21,PLAN-COMMUTE,true,active,1982
I,2026-04-01T00:00:00Z,RD-007792,OP-004,Thomas,Rossi,thomas.rossi104@gmx.de,CTY-LIS,PT,2025-05-08,PLAN-PAYG,true,active,1999
I,2026-04-01T00:00:00Z,RD-007793,OP-004,Nora,Lopez,nora.lopez188@mail.com,CTY-LIS,PT,2026-01-14,PLAN-PAYG,false,active,1976
I,2026-04-01T00:00:00Z,RD-007794,OP-004,Elin,Andersson,elin.andersson296@mail.com,CTY-LIS,PT,2026-01-06,PLAN-PAYG,false,active,1988
I,2026-04-01T00:00:00Z,RD-007795,OP-004,Freja,Rossi,freja.rossi47@proton.me,CTY-LIS,PT,2025-11-03,PLAN-COMMUTE,false,active,1987
I,2026-04-01T00:00:00Z,RD-007796,OP-004,Nils,Fischer,nils.fischer45@outlook.com,CTY-LIS,PT,2026-02-18,PLAN-PAYG,true,active,1994
I,2026-04-01T00:00:00Z,RD-007797,OP-004,Tiago,Silva,tiago.silva72@mail.com,CTY-LIS,PT,2024-03-11,PLAN-COMMUTE,true,active,1963
I,2026-04-01T00:00:00Z,RD-007798,OP-004,Lucia,Costa,lucia.costa385@mail.com,CTY-LIS,PT,2026-03-11,PLAN-UNLIMITED,false,active,1985
I,2026-04-01T00:00:00Z,RD-007799,OP-004,Karim,Fischer,karim.fischer475@proton.me,CTY-LIS,PT,2024-06-03,PLAN-COMMUTE,true,active,2003
I,2026-04-01T00:00:00Z,RD-007800,OP-004,Sofia,Lopez,sofia.lopez940@gmx.de,CTY-LIS,PT,2024-11-15,PLAN-PAYG,false,active,1988
I,2026-04-01T00:00:00Z,RD-007801,OP-004,Diego,Conti,diego.conti22@outlook.com,CTY-LIS,PT,2025-06-07,PLAN-PAYG,false,active,2001
I,2026-04-01T00:00:00Z,RD-007802,OP-004,Chloe,Silva,chloe.silva344@mail.com,CTY-LIS,PT,2024-01-29,PLAN-TOURIST,false,active,1980
I,2026-04-01T00:00:00Z,RD-007803,OP-004,Thomas,Conti,thomas.conti888@correo.es,CTY-LIS,PT,2024-04-06,PLAN-PAYG,true,active,1968
I,2026-04-01T00:00:00Z,RD-007804,OP-004,Aina,Serra,aina.serra269@outlook.com,CTY-LIS,PT,2024-11-06,PLAN-PAYG,true,active,1988
I,2026-04-01T00:00:00Z,RD-007805,OP-004,Nils,Bernard,nils.bernard326@gmx.de,CTY-LIS,PT,2025-09-14,PLAN-PAYG,false,active,1998
I,2026-04-01T00:00:00Z,RD-007806,OP-004,Chloe,Conti,chloe.conti947@outlook.com,CTY-LIS,PT,2025-10-10,PLAN-PAYG,true,active,1988
I,2026-04-01T00:00:00Z,RD-007807,OP-004,Oskar,Fischer,oskar.fischer844@mail.com,CTY-LIS,PT,2024-02-08,PLAN-PAYG,true,active,1995
I,2026-04-01T00:00:00Z,RD-007808,OP-004,Chloe,Nilsson,chloe.nilsson901@correo.es,CTY-LIS,PT,2024-07-16,PLAN-COMMUTE,true,active,2007
I,2026-04-01T00:00:00Z,RD-007809,OP-004,Omar,Roux,omar.roux437@mail.com,CTY-LIS,PT,2024-04-05,PLAN-COMMUTE,false,active,1973
I,2026-04-01T00:00:00Z,RD-007810,OP-004,Rui,Kowalski,rui.kowalski335@proton.me,CTY-LIS,PT,2026-01-11,PLAN-PAYG,false,active,1967
I,2026-04-01T00:00:00Z,RD-007811,OP-004,Elin,Fischer,elin.fischer8@correo.es,CTY-LIS,PT,2026-02-25,PLAN-PAYG,true,active,1969
I,2026-04-01T00:00:00Z,RD-007812,OP-004,Antoine,Vidal,antoine.vidal430@outlook.com,CTY-LIS,PT,2025-09-26,PLAN-UNLIMITED,false,active,1964
I,2026-04-01T00:00:00Z,RD-007813,OP-004,Joan,Rossi,joan.rossi865@gmx.de,CTY-LIS,PT,2025-04-22,PLAN-PAYG,true,active,1985
I,2026-04-01T00:00:00Z,RD-007814,OP-004,Oskar,Fischer,oskar.fischer142@correo.es,CTY-LIS,PT,2025-01-29,PLAN-COMMUTE,false,active,1993
I,2026-04-01T00:00:00Z,RD-007816,OP-004,Astrid,Bernard,astrid.bernard850@mail.com,CTY-LIS,PT,2025-09-26,PLAN-COMMUTE,true,active,2000
I,2026-04-01T00:00:00Z,RD-007817,OP-004,Thomas,Roux,thomas.roux601@gmx.de,CTY-LIS,PT,2024-01-30,PLAN-COMMUTE,true,active,1984
I,2026-04-01T00:00:00Z,RD-007819,OP-004,Thomas,Rossi,thomas.rossi57@correo.es,CTY-LIS,PT,2024-04-09,PLAN-PAYG,true,active,1963
I,2026-04-01T00:00:00Z,RD-007820,OP-004,Ines,Dubois,ines.dubois233@mail.com,CTY-LIS,PT,2024-09-01,PLAN-UNLIMITED,true,active,1979
I,2026-04-01T00:00:00Z,RD-007821,OP-004,Nils,Martin,nils.martin681@outlook.com,CTY-LIS,PT,2025-03-04,PLAN-COMMUTE,false,active,2008
I,2026-04-01T00:00:00Z,RD-007822,OP-004,Marta,Pereira,marta.pereira58@outlook.com,CTY-LIS,PT,2024-04-01,PLAN-PAYG,true,active,1962
I,2026-04-01T00:00:00Z,RD-007823,OP-004,Emil,Novak,emil.novak629@proton.me,CTY-LIS,PT,2025-07-30,PLAN-PAYG,true,active,1980
I,2026-04-01T00:00:00Z,RD-007824,OP-004,Manon,Bernard,manon.bernard350@proton.me,CTY-LIS,PT,2024-04-28,PLAN-PAYG,true,active,1978
I,2026-04-01T00:00:00Z,RD-007825,OP-004,Nora,Nilsson,nora.nilsson450@mail.com,CTY-LIS,PT,2024-04-04,PLAN-COMMUTE,true,active,1976
I,2026-04-01T00:00:00Z,RD-007828,OP-004,Emil,Costa,emil.costa412@outlook.com,CTY-LIS,PT,2024-08-01,PLAN-CORP,true,active,1998
I,2026-04-01T00:00:00Z,RD-007829,OP-004,Rui,Rossi,rui.rossi409@correo.es,CTY-LIS,PT,2025-06-03,PLAN-PAYG,true,active,1978
I,2026-04-01T00:00:00Z,RD-007831,OP-004,Camille,Almeida,camille.almeida442@gmx.de,CTY-LIS,PT,2024-02-20,PLAN-PAYG,true,active,1963
I,2026-04-01T00:00:00Z,RD-007832,OP-004,Oskar,Nilsson,oskar.nilsson414@outlook.com,CTY-LIS,PT,2026-01-11,PLAN-PAYG,true,active,1979
I,2026-04-01T00:00:00Z,RD-007834,OP-004,Manon,Lindqvist,manon.lindqvist38@mail.com,CTY-LIS,PT,2024-09-10,PLAN-COMMUTE,true,active,2005
I,2026-04-01T00:00:00Z,RD-007835,OP-004,Aina,Berg,aina.berg94@proton.me,CTY-LIS,PT,2024-03-15,PLAN-PAYG,false,active,1984
I,2026-04-01T00:00:00Z,RD-007836,OP-004,Chloe,Andersson,chloe.andersson248@mail.com,CTY-LIS,PT,2025-05-17,PLAN-COMMUTE,false,active,1972
I,2026-04-01T00:00:00Z,RD-007837,OP-004,Antoine,Lopez,antoine.lopez105@outlook.com,CTY-LIS,PT,2024-05-15,PLAN-UNLIMITED,true,active,1989
I,2026-04-01T00:00:00Z,RD-007838,OP-004,Thomas,Benali,thomas.benali8@outlook.com,CTY-LIS,PT,2025-03-05,PLAN-COMMUTE,true,active,1992
I,2026-04-01T00:00:00Z,RD-007839,OP-004,Nora,Benali,nora.benali103@correo.es,CTY-LIS,PT,2025-01-07,PLAN-PAYG,true,active,2002
I,2026-04-01T00:00:00Z,RD-007840,OP-004,Karim,Haddad,karim.haddad555@outlook.com,CTY-LIS,PT,2026-02-27,PLAN-UNLIMITED,false,active,1974
I,2026-04-01T00:00:00Z,RD-007841,OP-004,Elin,Benali,elin.benali231@mail.com,CTY-LIS,PT,2024-05-24,PLAN-COMMUTE,false,active,1984
I,2026-04-01T00:00:00Z,RD-007842,OP-004,Freja,Weber,freja.weber256@proton.me,CTY-LIS,PT,2024-11-16,PLAN-CORP,false,active,1964
I,2026-04-01T00:00:00Z,RD-007843,OP-004,Rui,Almeida,rui.almeida140@gmx.de,CTY-LIS,PT,2024-06-08,PLAN-PAYG,false,active,1966
I,2026-04-01T00:00:00Z,RD-007844,OP-004,Nils,Garcia,nils.garcia159@mail.com,CTY-LIS,PT,2024-04-22,PLAN-COMMUTE,true,active,1981
I,2026-04-01T00:00:00Z,RD-007845,OP-004,Sofia,Vidal,sofia.vidal946@mail.com,CTY-LIS,PT,2025-07-08,PLAN-PAYG,false,active,1965
I,2026-04-01T00:00:00Z,RD-007846,OP-004,Ivan,Vidal,ivan.vidal106@gmx.de,CTY-LIS,PT,2024-10-05,PLAN-PAYG,false,active,1973
I,2026-04-01T00:00:00Z,RD-007847,OP-004,Aina,Costa,aina.costa893@correo.es,CTY-LIS,PT,2024-05-22,PLAN-PAYG,true,active,2002
I,2026-04-01T00:00:00Z,RD-007848,OP-004,Marta,Martin,marta.martin687@mail.com,CTY-LIS,PT,2024-03-21,PLAN-PAYG,false,active,1972
I,2026-04-01T00:00:00Z,RD-007849,OP-004,Rui,Kowalski,rui.kowalski857@correo.es,CTY-LIS,PT,2025-06-04,PLAN-TOURIST,false,active,1982
I,2026-04-01T00:00:00Z,RD-007850,OP-004,Nora,Bernard,nora.bernard783@outlook.com,CTY-LIS,PT,2024-06-18,PLAN-COMMUTE,false,active,1989
I,2026-04-01T00:00:00Z,RD-007851,OP-004,Antoine,Ferrer,antoine.ferrer13@mail.com,CTY-LIS,PT,2025-12-14,PLAN-COMMUTE,true,active,1989
I,2026-04-01T00:00:00Z,RD-007852,OP-004,Tiago,Conti,tiago.conti482@correo.es,CTY-LIS,PT,2024-03-08,PLAN-PAYG,false,active,2006
I,2026-04-01T00:00:00Z,RD-007853,OP-004,Lucia,Roux,lucia.roux815@proton.me,CTY-LIS,PT,2025-10-23,PLAN-CORP,false,active,1978
I,2026-04-01T00:00:00Z,RD-007854,OP-004,Antoine,Ferrer,antoine.ferrer260@correo.es,CTY-LIS,PT,2024-11-21,PLAN-COMMUTE,true,active,1970
I,2026-04-01T00:00:00Z,RD-007855,OP-004,Hugo,Rossi,hugo.rossi598@correo.es,CTY-LIS,PT,2024-11-02,PLAN-PAYG,false,active,1972
I,2026-04-01T00:00:00Z,RD-007856,OP-004,Diego,Novak,diego.novak649@gmx.de,CTY-LIS,PT,2025-12-03,PLAN-UNLIMITED,true,active,1994
I,2026-04-01T00:00:00Z,RD-007857,OP-004,Beatriz,Andersson,beatriz.andersson670@gmx.de,CTY-LIS,PT,2025-03-10,PLAN-CORP,false,active,1973
I,2026-04-01T00:00:00Z,RD-007858,OP-004,Chloe,Andersson,chloe.andersson205@proton.me,CTY-LIS,PT,2024-11-22,PLAN-PAYG,false,active,1973
I,2026-04-01T00:00:00Z,RD-007859,OP-004,Hugo,Novak,hugo.novak65@proton.me,CTY-LIS,PT,2025-03-28,PLAN-PAYG,false,active,1977
I,2026-04-01T00:00:00Z,RD-007860,OP-004,Manon,Costa,manon.costa933@gmx.de,CTY-LIS,PT,2025-01-02,PLAN-COMMUTE,false,active,1970
I,2026-04-01T00:00:00Z,RD-007861,OP-004,Freja,Ferrer,freja.ferrer516@gmx.de,CTY-LIS,PT,2024-08-22,PLAN-UNLIMITED,false,active,1996
I,2026-04-01T00:00:00Z,RD-007862,OP-004,Ines,Silva,ines.silva101@outlook.com,CTY-LIS,PT,2025-08-26,PLAN-COMMUTE,true,active,1976
I,2026-04-01T00:00:00Z,RD-007863,OP-004,Omar,Berg,omar.berg956@gmx.de,CTY-LIS,PT,2025-12-01,PLAN-PAYG,false,active,1997
I,2026-04-01T00:00:00Z,RD-007864,OP-004,Elin,Andersson,elin.andersson792@mail.com,CTY-LIS,PT,2026-02-16,PLAN-PAYG,true,active,1976
I,2026-04-01T00:00:00Z,RD-007866,OP-004,Pablo,Weber,pablo.weber803@proton.me,CTY-LIS,PT,2026-02-18,PLAN-PAYG,false,active,1967
I,2026-04-01T00:00:00Z,RD-007867,OP-004,Manon,Fischer,manon.fischer861@mail.com,CTY-LIS,PT,2024-07-30,PLAN-COMMUTE,true,active,2002
I,2026-04-01T00:00:00Z,RD-007869,OP-004,Elin,Fischer,elin.fischer98@mail.com,CTY-LIS,PT,2025-05-27,PLAN-TOURIST,false,active,1980
I,2026-04-01T00:00:00Z,RD-007870,OP-004,Antoine,Weber,antoine.weber562@outlook.com,CTY-LIS,PT,2025-07-13,PLAN-PAYG,true,active,1984
I,2026-04-01T00:00:00Z,RD-007871,OP-004,Sofia,Bernard,sofia.bernard803@correo.es,CTY-LIS,PT,2024-10-07,PLAN-UNLIMITED,true,active,1965
I,2026-04-01T00:00:00Z,RD-007872,OP-004,Tiago,Almeida,tiago.almeida532@mail.com,CTY-LIS,PT,2024-12-04,PLAN-PAYG,true,active,2001
I,2026-04-01T00:00:00Z,RD-007874,OP-004,Sofia,Weber,sofia.weber274@outlook.com,CTY-LIS,PT,2024-12-23,PLAN-COMMUTE,false,active,1985
I,2026-04-01T00:00:00Z,RD-007875,OP-004,Chloe,Haddad,chloe.haddad16@gmx.de,CTY-LIS,PT,2024-05-26,PLAN-PAYG,false,active,1965
I,2026-04-01T00:00:00Z,RD-007876,OP-004,Astrid,Andersson,astrid.andersson616@mail.com,CTY-LIS,PT,2025-04-19,PLAN-PAYG,true,active,1992
I,2026-04-01T00:00:00Z,RD-007877,OP-004,Nadia,Martin,nadia.martin132@gmx.de,CTY-LIS,PT,2025-09-12,PLAN-PAYG,true,active,1964
I,2026-04-01T00:00:00Z,RD-007878,OP-004,Rui,Benali,rui.benali150@proton.me,CTY-LIS,PT,2025-03-03,PLAN-TOURIST,true,active,1983
I,2026-04-01T00:00:00Z,RD-007879,OP-004,Antoine,Ferrer,antoine.ferrer139@mail.com,CTY-LIS,PT,2024-03-12,PLAN-PAYG,false,active,1964
I,2026-04-01T00:00:00Z,RD-007880,OP-004,Emil,Costa,emil.costa525@correo.es,CTY-LIS,PT,2025-06-15,PLAN-PAYG,false,active,1970
I,2026-04-01T00:00:00Z,RD-007881,OP-004,Louis,Nilsson,louis.nilsson632@correo.es,CTY-LIS,PT,2025-08-29,PLAN-UNLIMITED,false,active,1994
I,2026-04-01T00:00:00Z,RD-007882,OP-004,Nadia,Silva,nadia.silva843@proton.me,CTY-LIS,PT,2025-06-01,PLAN-PAYG,true,active,1984
I,2026-04-01T00:00:00Z,RD-007883,OP-004,Ivan,Roux,ivan.roux711@proton.me,CTY-LIS,PT,2025-05-05,PLAN-PAYG,true,active,2005
I,2026-04-01T00:00:00Z,RD-007885,OP-004,Yasmin,Vidal,yasmin.vidal208@proton.me,CTY-LIS,PT,2024-02-10,PLAN-PAYG,true,active,2007
I,2026-04-01T00:00:00Z,RD-007886,OP-004,Beatriz,Haddad,beatriz.haddad414@gmx.de,CTY-LIS,PT,2025-12-01,PLAN-STUDENT,true,active,1973
I,2026-04-01T00:00:00Z,RD-007887,OP-004,Nora,Silva,nora.silva981@correo.es,CTY-LIS,PT,2024-05-29,PLAN-PAYG,false,active,2001
I,2026-04-01T00:00:00Z,RD-007888,OP-004,Thomas,Dubois,thomas.dubois226@gmx.de,CTY-LIS,PT,2025-07-09,PLAN-PAYG,true,active,1986
I,2026-04-01T00:00:00Z,RD-007889,OP-004,Aina,Benali,aina.benali406@gmx.de,CTY-LIS,PT,2024-08-25,PLAN-PAYG,false,active,1996
I,2026-04-01T00:00:00Z,RD-007890,OP-004,Karim,Martin,karim.martin955@gmx.de,CTY-LIS,PT,2025-03-26,PLAN-PAYG,false,active,1969
I,2026-04-01T00:00:00Z,RD-007891,OP-004,Ines,Roux,ines.roux776@mail.com,CTY-LIS,PT,2025-06-11,PLAN-PAYG,true,active,1999
I,2026-04-01T00:00:00Z,RD-007892,OP-004,Manon,Andersson,manon.andersson613@proton.me,CTY-LIS,PT,2025-03-25,PLAN-PAYG,true,active,1992
I,2026-04-01T00:00:00Z,RD-007893,OP-004,Yasmin,Costa,yasmin.costa984@correo.es,CTY-LIS,PT,2024-12-29,PLAN-STUDENT,true,active,2000
I,2026-04-01T00:00:00Z,RD-007894,OP-004,Lucia,Novak,lucia.novak330@correo.es,CTY-LIS,PT,2024-12-25,PLAN-UNLIMITED,true,active,1963
I,2026-04-01T00:00:00Z,RD-007895,OP-004,Manon,Andersson,manon.andersson706@proton.me,CTY-LIS,PT,2025-08-12,PLAN-UNLIMITED,false,active,1988
I,2026-04-01T00:00:00Z,RD-007896,OP-004,Joan,Kowalski,joan.kowalski486@mail.com,CTY-LIS,PT,2025-06-14,PLAN-CORP,true,active,1970
I,2026-04-01T00:00:00Z,RD-007897,OP-004,Nadia,Fischer,nadia.fischer347@outlook.com,CTY-LIS,PT,2025-10-21,PLAN-COMMUTE,false,active,1975
I,2026-04-01T00:00:00Z,RD-007898,OP-004,Joan,Andersson,joan.andersson129@outlook.com,CTY-LIS,PT,2025-09-30,PLAN-STUDENT,false,active,1991
I,2026-04-01T00:00:00Z,RD-007899,OP-004,Sofia,Lindqvist,sofia.lindqvist24@gmx.de,CTY-LIS,PT,2025-01-28,PLAN-PAYG,true,active,1977
I,2026-04-01T00:00:00Z,RD-007900,OP-004,Freja,Vidal,freja.vidal665@mail.com,CTY-LIS,PT,2025-12-03,PLAN-UNLIMITED,false,active,2008
I,2026-04-01T00:00:00Z,RD-007902,OP-004,Tiago,Fischer,tiago.fischer691@proton.me,CTY-LIS,PT,2024-01-14,PLAN-COMMUTE,false,active,1966
I,2026-04-01T00:00:00Z,RD-007903,OP-004,Karim,Lindqvist,karim.lindqvist908@gmx.de,CTY-LIS,PT,2024-05-04,PLAN-PAYG,false,active,1990
I,2026-04-01T00:00:00Z,RD-007904,OP-004,Nora,Weber,nora.weber401@outlook.com,CTY-LIS,PT,2024-09-15,PLAN-COMMUTE,true,active,1996
I,2026-04-01T00:00:00Z,RD-007905,OP-004,Freja,Nilsson,freja.nilsson63@proton.me,CTY-LIS,PT,2024-03-19,PLAN-PAYG,true,active,1972
I,2026-04-01T00:00:00Z,RD-007906,OP-004,Astrid,Dubois,astrid.dubois635@mail.com,CTY-LIS,PT,2024-09-20,PLAN-PAYG,false,active,1982
I,2026-04-01T00:00:00Z,RD-007907,OP-004,Ines,Benali,ines.benali226@outlook.com,CTY-LIS,PT,2024-05-13,PLAN-PAYG,true,active,1992
I,2026-04-01T00:00:00Z,RD-007908,OP-004,Joan,Nilsson,joan.nilsson979@mail.com,CTY-LIS,PT,2024-10-18,PLAN-PAYG,false,active,1988
I,2026-04-01T00:00:00Z,RD-007909,OP-004,Karim,Vidal,karim.vidal545@correo.es,CTY-LIS,PT,2024-07-30,PLAN-PAYG,false,active,1973
I,2026-04-01T00:00:00Z,RD-007910,OP-004,Beatriz,Ferrer,beatriz.ferrer144@gmx.de,CTY-LIS,PT,2025-04-08,PLAN-COMMUTE,true,active,2004
I,2026-04-01T00:00:00Z,RD-007911,OP-004,Beatriz,Kowalski,beatriz.kowalski627@gmx.de,CTY-LIS,PT,2026-01-12,PLAN-TOURIST,true,active,1965
I,2026-04-01T00:00:00Z,RD-007912,OP-004,Emil,Nilsson,emil.nilsson961@outlook.com,CTY-LIS,PT,2024-05-30,PLAN-PAYG,true,active,1974
I,2026-04-01T00:00:00Z,RD-007913,OP-004,Oskar,Benali,oskar.benali21@gmx.de,CTY-LIS,PT,2025-10-17,PLAN-UNLIMITED,true,active,1997
I,2026-04-01T00:00:00Z,RD-007915,OP-004,Joan,Martin,joan.martin240@proton.me,CTY-LIS,PT,2026-02-10,PLAN-PAYG,false,active,1978
I,2026-04-01T00:00:00Z,RD-007916,OP-004,Aina,Conti,aina.conti748@proton.me,CTY-LIS,PT,2026-03-09,PLAN-PAYG,false,active,2003
I,2026-04-01T00:00:00Z,RD-007917,OP-004,Antoine,Martin,antoine.martin680@mail.com,CTY-LIS,PT,2025-07-02,PLAN-STUDENT,true,active,1974
I,2026-04-01T00:00:00Z,RD-007918,OP-004,Nora,Fischer,nora.fischer432@mail.com,CTY-LIS,PT,2025-12-02,PLAN-STUDENT,true,active,1996
I,2026-04-01T00:00:00Z,RD-007919,OP-004,Chloe,Benali,chloe.benali773@gmx.de,CTY-LIS,PT,2025-11-26,PLAN-PAYG,true,active,1967
I,2026-04-01T00:00:00Z,RD-007920,OP-004,Diego,Garcia,diego.garcia97@gmx.de,CTY-LIS,PT,2026-01-14,PLAN-PAYG,true,active,1994
I,2026-04-01T00:00:00Z,RD-007921,OP-004,Antoine,Garcia,antoine.garcia165@proton.me,CTY-LIS,PT,2024-02-26,PLAN-STUDENT,true,active,1991
I,2026-04-01T00:00:00Z,RD-007922,OP-004,Nadia,Martin,nadia.martin173@outlook.com,CTY-LIS,PT,2024-04-13,PLAN-COMMUTE,true,active,1970
I,2026-04-01T00:00:00Z,RD-007923,OP-004,Ivan,Berg,ivan.berg141@correo.es,CTY-LIS,PT,2024-09-19,PLAN-COMMUTE,true,active,2004
I,2026-04-01T00:00:00Z,RD-007924,OP-004,Louis,Lopez,louis.lopez512@outlook.com,CTY-LIS,PT,2025-11-27,PLAN-PAYG,false,active,1973
I,2026-04-01T00:00:00Z,RD-007925,OP-004,Antoine,Moreno,antoine.moreno487@proton.me,CTY-LIS,PT,2024-06-12,PLAN-PAYG,false,active,1983
I,2026-04-01T00:00:00Z,RD-007926,OP-004,Astrid,Garcia,astrid.garcia70@gmx.de,CTY-LIS,PT,2024-06-03,PLAN-UNLIMITED,false,active,1975
I,2026-04-01T00:00:00Z,RD-007927,OP-004,Karim,Silva,karim.silva66@gmx.de,CTY-LIS,PT,2024-05-22,PLAN-PAYG,true,active,1986
I,2026-04-01T00:00:00Z,RD-007928,OP-004,Camille,Moreno,camille.moreno897@mail.com,CTY-LIS,PT,2024-09-26,PLAN-TOURIST,false,active,1980
I,2026-04-01T00:00:00Z,RD-007929,OP-004,Elin,Silva,elin.silva7@mail.com,CTY-LIS,PT,2024-07-09,PLAN-COMMUTE,false,active,1966
I,2026-04-01T00:00:00Z,RD-007930,OP-004,Chloe,Vidal,chloe.vidal368@mail.com,CTY-LIS,PT,2024-09-16,PLAN-PAYG,false,active,1988
I,2026-04-01T00:00:00Z,RD-007931,OP-004,Elin,Lindqvist,elin.lindqvist640@correo.es,CTY-LIS,PT,2024-01-03,PLAN-PAYG,false,active,2000
I,2026-04-01T00:00:00Z,RD-007933,OP-004,Chloe,Almeida,chloe.almeida860@mail.com,CTY-LIS,PT,2025-03-26,PLAN-COMMUTE,false,active,1975
I,2026-04-01T00:00:00Z,RD-007934,OP-004,Karim,Nilsson,karim.nilsson710@mail.com,CTY-LIS,PT,2024-12-28,PLAN-PAYG,true,active,1974
I,2026-04-01T00:00:00Z,RD-007935,OP-004,Antoine,Rossi,antoine.rossi875@mail.com,CTY-LIS,PT,2025-06-30,PLAN-COMMUTE,true,active,1985
I,2026-04-01T00:00:00Z,RD-007936,OP-004,Oskar,Weber,oskar.weber271@outlook.com,CTY-LIS,PT,2024-05-17,PLAN-COMMUTE,true,active,1962
I,2026-04-01T00:00:00Z,RD-007937,OP-004,Nadia,Weber,nadia.weber209@mail.com,CTY-LIS,PT,2024-05-06,PLAN-COMMUTE,false,active,1967
I,2026-04-01T00:00:00Z,RD-007938,OP-004,Karim,Roux,karim.roux317@mail.com,CTY-LIS,PT,2024-01-28,PLAN-PAYG,true,active,1966
I,2026-04-01T00:00:00Z,RD-007939,OP-004,Louis,Vidal,louis.vidal605@mail.com,CTY-LIS,PT,2024-02-21,PLAN-PAYG,true,active,1965
I,2026-04-01T00:00:00Z,RD-007940,OP-004,Chloe,Fischer,chloe.fischer797@proton.me,CTY-LIS,PT,2025-08-08,PLAN-PAYG,false,active,2007
I,2026-04-01T00:00:00Z,RD-007941,OP-004,Rui,Martin,rui.martin199@gmx.de,CTY-LIS,PT,2024-01-26,PLAN-COMMUTE,true,active,1968
I,2026-04-01T00:00:00Z,RD-007942,OP-004,Nils,Fischer,nils.fischer221@gmx.de,CTY-LIS,PT,2025-08-31,PLAN-PAYG,false,active,1985
I,2026-04-01T00:00:00Z,RD-007943,OP-004,Astrid,Nilsson,astrid.nilsson350@proton.me,CTY-LIS,PT,2025-07-08,PLAN-PAYG,false,active,1967
I,2026-04-01T00:00:00Z,RD-007944,OP-004,Emil,Dubois,emil.dubois420@gmx.de,CTY-LIS,PT,2024-12-08,PLAN-PAYG,false,active,1978
I,2026-04-01T00:00:00Z,RD-007945,OP-004,Ivan,Vidal,ivan.vidal798@proton.me,CTY-LIS,PT,2024-09-25,PLAN-COMMUTE,true,active,1968
I,2026-04-01T00:00:00Z,RD-007946,OP-004,Antoine,Roux,antoine.roux334@outlook.com,CTY-LIS,PT,2024-04-13,PLAN-COMMUTE,false,active,1962
I,2026-04-01T00:00:00Z,RD-007947,OP-004,Beatriz,Benali,beatriz.benali647@correo.es,CTY-LIS,PT,2025-10-22,PLAN-PAYG,false,active,1974
I,2026-04-01T00:00:00Z,RD-007948,OP-004,Joan,Benali,joan.benali20@gmx.de,CTY-LIS,PT,2024-06-10,PLAN-PAYG,false,active,1963
I,2026-04-01T00:00:00Z,RD-007949,OP-004,Pablo,Fischer,pablo.fischer72@proton.me,CTY-LIS,PT,2024-05-28,PLAN-COMMUTE,true,active,1965
I,2026-04-01T00:00:00Z,RD-007950,OP-004,Lucia,Kowalski,lucia.kowalski999@proton.me,CTY-LIS,PT,2025-09-21,PLAN-PAYG,true,active,2006
I,2026-04-01T00:00:00Z,RD-007951,OP-004,Camille,Serra,camille.serra101@gmx.de,CTY-LIS,PT,2025-05-03,PLAN-COMMUTE,false,active,1997
I,2026-04-01T00:00:00Z,RD-007952,OP-004,Karim,Haddad,karim.haddad718@proton.me,CTY-LIS,PT,2025-09-13,PLAN-COMMUTE,true,active,2001
I,2026-04-01T00:00:00Z,RD-007953,OP-004,Joan,Andersson,joan.andersson583@proton.me,CTY-LIS,PT,2025-02-01,PLAN-COMMUTE,true,active,1996
I,2026-04-01T00:00:00Z,RD-007954,OP-004,Manon,Weber,manon.weber886@outlook.com,CTY-LIS,PT,2025-10-21,PLAN-PAYG,false,active,1977
I,2026-04-01T00:00:00Z,RD-007955,OP-004,Antoine,Nilsson,antoine.nilsson21@outlook.com,CTY-LIS,PT,2025-08-08,PLAN-PAYG,false,active,2006
I,2026-04-01T00:00:00Z,RD-007956,OP-004,Nora,Berg,nora.berg959@outlook.com,CTY-LIS,PT,2026-02-14,PLAN-UNLIMITED,false,active,2007
I,2026-04-01T00:00:00Z,RD-007958,OP-004,Chloe,Conti,chloe.conti911@correo.es,CTY-LIS,PT,2024-06-04,PLAN-CORP,false,active,1964
I,2026-04-01T00:00:00Z,RD-007959,OP-004,Rui,Conti,rui.conti488@proton.me,CTY-LIS,PT,2025-01-18,PLAN-UNLIMITED,true,active,1964
I,2026-04-01T00:00:00Z,RD-007960,OP-004,Nadia,Ferrer,nadia.ferrer240@proton.me,CTY-LIS,PT,2025-12-12,PLAN-COMMUTE,true,active,1997
I,2026-04-01T00:00:00Z,RD-007961,OP-004,Beatriz,Pereira,beatriz.pereira936@correo.es,CTY-LIS,PT,2024-11-16,PLAN-STUDENT,true,active,1964
I,2026-04-01T00:00:00Z,RD-007962,OP-004,Pablo,Roux,pablo.roux463@mail.com,CTY-LIS,PT,2025-02-26,PLAN-PAYG,false,active,2003
I,2026-04-01T00:00:00Z,RD-007963,OP-004,Sofia,Conti,sofia.conti380@correo.es,CTY-LIS,PT,2024-03-12,PLAN-COMMUTE,true,active,1971
I,2026-04-01T00:00:00Z,RD-007965,OP-004,Joan,Pereira,joan.pereira909@correo.es,CTY-LIS,PT,2026-02-25,PLAN-PAYG,false,active,1979
I,2026-04-01T00:00:00Z,RD-007966,OP-004,Astrid,Garcia,astrid.garcia978@proton.me,CTY-LIS,PT,2025-08-18,PLAN-PAYG,false,active,1962
I,2026-04-01T00:00:00Z,RD-007967,OP-004,Astrid,Lopez,astrid.lopez606@correo.es,CTY-LIS,PT,2024-08-26,PLAN-UNLIMITED,false,active,1970
I,2026-04-01T00:00:00Z,RD-007969,OP-004,Omar,Dubois,omar.dubois527@mail.com,CTY-LIS,PT,2025-11-11,PLAN-PAYG,true,active,1964
I,2026-04-01T00:00:00Z,RD-007970,OP-004,Karim,Costa,karim.costa703@gmx.de,CTY-LIS,PT,2024-11-24,PLAN-PAYG,true,active,1965
I,2026-04-01T00:00:00Z,RD-007971,OP-004,Thomas,Kowalski,thomas.kowalski818@gmx.de,CTY-LIS,PT,2025-05-08,PLAN-PAYG,true,active,1995
I,2026-04-01T00:00:00Z,RD-007972,OP-004,Astrid,Serra,astrid.serra879@mail.com,CTY-LIS,PT,2025-04-05,PLAN-PAYG,false,active,2000
I,2026-04-01T00:00:00Z,RD-007973,OP-004,Chloe,Andersson,chloe.andersson670@correo.es,CTY-LIS,PT,2025-09-26,PLAN-PAYG,true,active,1997
I,2026-04-01T00:00:00Z,RD-007974,OP-004,Diego,Berg,diego.berg253@correo.es,CTY-LIS,PT,2024-05-12,PLAN-PAYG,true,active,1968
I,2026-04-01T00:00:00Z,RD-007975,OP-004,Thomas,Martin,thomas.martin207@proton.me,CTY-LIS,PT,2025-02-10,PLAN-PAYG,true,active,2006
I,2026-04-01T00:00:00Z,RD-007976,OP-004,Antoine,Moreno,antoine.moreno830@outlook.com,CTY-LIS,PT,2025-06-18,PLAN-STUDENT,true,active,1999
I,2026-04-01T00:00:00Z,RD-007977,OP-004,Louis,Rossi,louis.rossi352@gmx.de,CTY-LIS,PT,2026-01-15,PLAN-PAYG,false,active,1993
I,2026-04-01T00:00:00Z,RD-007979,OP-004,Sofia,Weber,sofia.weber566@outlook.com,CTY-LIS,PT,2025-01-11,PLAN-PAYG,true,active,1978
I,2026-04-01T00:00:00Z,RD-007981,OP-004,Camille,Dubois,camille.dubois758@correo.es,CTY-LIS,PT,2024-08-26,PLAN-PAYG,false,active,1965
I,2026-04-01T00:00:00Z,RD-007982,OP-004,Rui,Pereira,rui.pereira862@correo.es,CTY-LIS,PT,2024-07-12,PLAN-PAYG,true,active,2005
I,2026-04-01T00:00:00Z,RD-007983,OP-004,Oskar,Conti,oskar.conti766@correo.es,CTY-LIS,PT,2026-02-17,PLAN-CORP,true,active,1977
I,2026-04-01T00:00:00Z,RD-007984,OP-004,Nora,Andersson,nora.andersson499@correo.es,CTY-LIS,PT,2025-06-17,PLAN-COMMUTE,true,active,1982
I,2026-04-01T00:00:00Z,RD-007986,OP-004,Thomas,Bernard,thomas.bernard550@mail.com,CTY-LIS,PT,2025-06-13,PLAN-PAYG,false,active,1966
I,2026-04-01T00:00:00Z,RD-007987,OP-004,Oskar,Silva,oskar.silva414@gmx.de,CTY-LIS,PT,2024-10-07,PLAN-PAYG,true,active,1991
I,2026-04-01T00:00:00Z,RD-007988,OP-004,Nora,Ferrer,nora.ferrer401@gmx.de,CTY-LIS,PT,2024-09-02,PLAN-PAYG,false,active,1995
I,2026-04-01T00:00:00Z,RD-007989,OP-004,Emil,Ferrer,emil.ferrer544@mail.com,CTY-LIS,PT,2024-05-23,PLAN-TOURIST,true,active,2000
I,2026-04-01T00:00:00Z,RD-007990,OP-004,Aina,Benali,aina.benali277@proton.me,CTY-LIS,PT,2025-10-06,PLAN-PAYG,true,active,2002
I,2026-04-01T00:00:00Z,RD-007991,OP-004,Louis,Dubois,louis.dubois587@correo.es,CTY-LIS,PT,2025-09-08,PLAN-PAYG,false,active,1990
I,2026-04-01T00:00:00Z,RD-007993,OP-004,Omar,Berg,omar.berg918@mail.com,CTY-LIS,PT,2025-08-23,PLAN-COMMUTE,false,active,1963
I,2026-04-01T00:00:00Z,RD-007995,OP-004,Joan,Conti,joan.conti72@correo.es,CTY-LIS,PT,2026-01-31,PLAN-CORP,true,active,1973
I,2026-04-01T00:00:00Z,RD-007996,OP-004,Omar,Silva,omar.silva290@mail.com,CTY-LIS,PT,2025-06-16,PLAN-TOURIST,true,active,1977
